Genome	Assembly	Chr	Start	End	Strand	Gene
rice	IRGSP-1.0	1	2983	10815	+	Os01g0100100
rice	IRGSP-1.0	1	11218	12435	+	Os01g0100200
rice	IRGSP-1.0	1	11372	12284	-	Os01g0100300
rice	IRGSP-1.0	1	12721	15685	+	Os01g0100400
rice	IRGSP-1.0	1	12808	13978	-	Os01g0100466
rice	IRGSP-1.0	1	16399	20144	+	Os01g0100500
rice	IRGSP-1.0	1	22841	26892	+	Os01g0100600
rice	IRGSP-1.0	1	25861	26424	-	Os01g0100650
rice	IRGSP-1.0	1	27143	28644	+	Os01g0100700
rice	IRGSP-1.0	1	29818	34453	+	Os01g0100800
rice	IRGSP-1.0	1	35623	41136	+	Os01g0100900
rice	IRGSP-1.0	1	58658	61090	+	Os01g0101150
rice	IRGSP-1.0	1	62060	65537	+	Os01g0101200
rice	IRGSP-1.0	1	63350	66302	-	Os01g0101300
rice	IRGSP-1.0	1	72816	78349	+	Os01g0101600
rice	IRGSP-1.0	1	82426	84095	+	Os01g0101700
rice	IRGSP-1.0	1	85337	88844	+	Os01g0101800
rice	IRGSP-1.0	1	86211	88583	-	Os01g0101850
rice	IRGSP-1.0	1	88883	89228	-	Os01g0101900
rice	IRGSP-1.0	1	89763	91521	-	Os01g0102000
rice	IRGSP-1.0	1	134300	135439	+	Os01g0102300
rice	IRGSP-1.0	1	139826	141555	+	Os01g0102400
rice	IRGSP-1.0	1	141959	144554	+	Os01g0102500
rice	IRGSP-1.0	1	145603	147847	+	Os01g0102600
rice	IRGSP-1.0	1	148085	150568	+	Os01g0102700
rice	IRGSP-1.0	1	152853	156449	+	Os01g0102800
rice	IRGSP-1.0	1	164577	168921	+	Os01g0102850
rice	IRGSP-1.0	1	169390	170316	-	Os01g0102900
rice	IRGSP-1.0	1	170798	173144	-	Os01g0103000
rice	IRGSP-1.0	1	178607	180575	+	Os01g0103100
rice	IRGSP-1.0	1	178815	180433	-	Os01g0103075
rice	IRGSP-1.0	1	185189	185828	-	Os01g0103400
rice	IRGSP-1.0	1	186250	190904	-	Os01g0103600
rice	IRGSP-1.0	1	187545	188586	+	Os01g0103650
rice	IRGSP-1.0	1	191037	196287	+	Os01g0103700
rice	IRGSP-1.0	1	197647	200803	+	Os01g0103800
rice	IRGSP-1.0	1	201944	206202	+	Os01g0103900
rice	IRGSP-1.0	1	206131	209606	-	Os01g0104000
rice	IRGSP-1.0	1	209771	214173	+	Os01g0104100
rice	IRGSP-1.0	1	216126	217664	+	Os01g0104200
rice	IRGSP-1.0	1	226897	229301	+	Os01g0104400
rice	IRGSP-1.0	1	241680	243440	+	Os01g0104500
rice	IRGSP-1.0	1	248828	256872	-	Os01g0104600
rice	IRGSP-1.0	1	261530	268145	+	Os01g0104800
rice	IRGSP-1.0	1	270179	275084	-	Os01g0104900
rice	IRGSP-1.0	1	284762	291892	-	Os01g0105300
rice	IRGSP-1.0	1	288372	292296	+	Os01g0105400
rice	IRGSP-1.0	1	303233	306736	+	Os01g0105700
rice	IRGSP-1.0	1	306871	308842	-	Os01g0105800
rice	IRGSP-1.0	1	309520	313170	-	Os01g0105900
rice	IRGSP-1.0	1	319754	322205	+	Os01g0106200
rice	IRGSP-1.0	1	322591	323923	-	Os01g0106300
rice	IRGSP-1.0	1	327128	328450	-	Os01g0106400
rice	IRGSP-1.0	1	331382	332345	-	Os01g0106500
rice	IRGSP-1.0	1	332667	333689	-	Os01g0106600
rice	IRGSP-1.0	1	335708	371194	+	Os01g0106700
rice	IRGSP-1.0	1	371831	374412	+	Os01g0106800
rice	IRGSP-1.0	1	374728	380713	-	Os01g0106900
rice	IRGSP-1.0	1	383250	386648	-	Os01g0107000
rice	IRGSP-1.0	1	392083	392578	-	Os01g0107400
rice	IRGSP-1.0	1	412625	415823	+	Os01g0107700
rice	IRGSP-1.0	1	412636	415516	-	Os01g0107750
rice	IRGSP-1.0	1	416264	420497	-	Os01g0107900
rice	IRGSP-1.0	1	422539	431217	+	Os01g0108000
rice	IRGSP-1.0	1	441203	448951	+	Os01g0108200
rice	IRGSP-1.0	1	455707	457425	+	Os01g0108400
rice	IRGSP-1.0	1	460177	461371	+	Os01g0108500
rice	IRGSP-1.0	1	478384	481165	+	Os01g0108600
rice	IRGSP-1.0	1	482332	482955	+	Os01g0108700
rice	IRGSP-1.0	1	483887	486492	+	Os01g0108800
rice	IRGSP-1.0	1	495711	497253	-	Os01g0109000
rice	IRGSP-1.0	1	498454	506264	+	Os01g0109300
rice	IRGSP-1.0	1	498612	506251	-	Os01g0109201
rice	IRGSP-1.0	1	508687	509191	+	Os01g0109366
rice	IRGSP-1.0	1	509226	509803	-	Os01g0109432
rice	IRGSP-1.0	1	510752	512142	+	Os01g0109500
rice	IRGSP-1.0	1	513890	522448	-	Os01g0109700
rice	IRGSP-1.0	1	524671	527980	-	Os01g0109750
rice	IRGSP-1.0	1	536973	538644	-	Os01g0110050
rice	IRGSP-1.0	1	537710	543354	+	Os01g0110100
rice	IRGSP-1.0	1	543425	544510	-	Os01g0110200
rice	IRGSP-1.0	1	549157	552574	+	Os01g0110400
rice	IRGSP-1.0	1	554025	558015	-	Os01g0110500
rice	IRGSP-1.0	1	554334	557257	+	Os01g0110600
rice	IRGSP-1.0	1	562088	572092	-	Os01g0110700
rice	IRGSP-1.0	1	576495	579569	-	Os01g0110800
rice	IRGSP-1.0	1	585876	586445	+	Os01g0111000
rice	IRGSP-1.0	1	586445	587696	-	Os01g0111100
rice	IRGSP-1.0	1	588917	593714	+	Os01g0111200
rice	IRGSP-1.0	1	597009	597804	+	Os01g0111300
rice	IRGSP-1.0	1	598290	601467	+	Os01g0111400
rice	IRGSP-1.0	1	603643	605643	-	Os01g0111500
rice	IRGSP-1.0	1	612564	615631	+	Os01g0111600
rice	IRGSP-1.0	1	620572	621516	-	Os01g0111700
rice	IRGSP-1.0	1	624087	624759	+	Os01g0111800
rice	IRGSP-1.0	1	625986	627009	+	Os01g0111900
rice	IRGSP-1.0	1	632139	632790	+	Os01g0112000
rice	IRGSP-1.0	1	635325	639015	-	Os01g0112100
rice	IRGSP-1.0	1	637962	639060	+	Os01g0112201
rice	IRGSP-1.0	1	640698	644217	-	Os01g0112300
rice	IRGSP-1.0	1	645598	646722	-	Os01g0112400
rice	IRGSP-1.0	1	648288	651869	-	Os01g0112500
rice	IRGSP-1.0	1	677029	677602	+	Os01g0112600
rice	IRGSP-1.0	1	689788	693923	+	Os01g0112800
rice	IRGSP-1.0	1	700533	706399	-	Os01g0113000
rice	IRGSP-1.0	1	710956	714232	+	Os01g0113150
rice	IRGSP-1.0	1	720673	723317	-	Os01g0113200
rice	IRGSP-1.0	1	723693	726099	+	Os01g0113300
rice	IRGSP-1.0	1	723736	725885	-	Os01g0113325
rice	IRGSP-1.0	1	728968	731172	+	Os01g0113350
rice	IRGSP-1.0	1	731150	738020	-	Os01g0113400
rice	IRGSP-1.0	1	731489	733719	+	Os01g0113450
rice	IRGSP-1.0	1	734071	737556	+	Os01g0113500
rice	IRGSP-1.0	1	738283	741797	-	Os01g0113600
rice	IRGSP-1.0	1	738908	740898	+	Os01g0113650
rice	IRGSP-1.0	1	742860	745177	-	Os01g0113700
rice	IRGSP-1.0	1	745452	748945	+	Os01g0113800
rice	IRGSP-1.0	1	752080	754992	-	Os01g0113900
rice	IRGSP-1.0	1	752189	754829	+	Os01g0113950
rice	IRGSP-1.0	1	756221	756901	-	Os01g0114000
rice	IRGSP-1.0	1	767181	769673	-	Os01g0114100
rice	IRGSP-1.0	1	770284	774374	-	Os01g0114200
rice	IRGSP-1.0	1	770332	773829	+	Os01g0114300
rice	IRGSP-1.0	1	774727	775743	-	Os01g0114400
rice	IRGSP-1.0	1	774848	779158	+	Os01g0114402
rice	IRGSP-1.0	1	786373	788619	-	Os01g0114600
rice	IRGSP-1.0	1	789714	792435	+	Os01g0114700
rice	IRGSP-1.0	1	792455	796419	-	Os01g0114800
rice	IRGSP-1.0	1	794499	795413	+	Os01g0114900
rice	IRGSP-1.0	1	804097	806932	-	Os01g0115100
rice	IRGSP-1.0	1	808174	810139	-	Os01g0115300
rice	IRGSP-1.0	1	808373	808859	+	Os01g0115200
rice	IRGSP-1.0	1	839809	840828	-	Os01g0115500
rice	IRGSP-1.0	1	842002	842757	-	Os01g0115566
rice	IRGSP-1.0	1	843530	847399	+	Os01g0115600
rice	IRGSP-1.0	1	851835	854599	-	Os01g0115700
rice	IRGSP-1.0	1	852275	854570	+	Os01g0115725
rice	IRGSP-1.0	1	857790	860739	-	Os01g0115750
rice	IRGSP-1.0	1	862579	865249	-	Os01g0115800
rice	IRGSP-1.0	1	863115	865183	+	Os01g0115950
rice	IRGSP-1.0	1	865786	869533	-	Os01g0116100
rice	IRGSP-1.0	1	865792	869367	+	Os01g0115900
rice	IRGSP-1.0	1	872458	874817	-	Os01g0116000
rice	IRGSP-1.0	1	872509	874697	+	Os01g0116101
rice	IRGSP-1.0	1	911735	914246	-	Os01g0116200
rice	IRGSP-1.0	1	911978	914143	+	Os01g0116250
rice	IRGSP-1.0	1	915605	917636	+	Os01g0116300
rice	IRGSP-1.0	1	921078	923630	-	Os01g0116400
rice	IRGSP-1.0	1	921296	923591	+	Os01g0116650
rice	IRGSP-1.0	1	924451	956639	+	Os01g0116900
rice	IRGSP-1.0	1	929884	934458	-	Os01g0116600
rice	IRGSP-1.0	1	935574	936704	-	Os01g0116800
rice	IRGSP-1.0	1	935618	938250	+	Os01g0116901
rice	IRGSP-1.0	1	957907	960626	-	Os01g0117000
rice	IRGSP-1.0	1	957952	960545	+	Os01g0117025
rice	IRGSP-1.0	1	961799	965151	+	Os01g0117100
rice	IRGSP-1.0	1	969340	973327	-	Os01g0117200
rice	IRGSP-1.0	1	976766	977218	+	Os01g0117266
rice	IRGSP-1.0	1	979238	980546	+	Os01g0117300
rice	IRGSP-1.0	1	984510	985133	-	Os01g0117400
rice	IRGSP-1.0	1	984536	986741	+	Os01g0117450
rice	IRGSP-1.0	1	987676	990745	+	Os01g0117500
rice	IRGSP-1.0	1	994712	997262	-	Os01g0117600
rice	IRGSP-1.0	1	994955	997150	+	Os01g0117650
rice	IRGSP-1.0	1	997918	1000997	+	Os01g0117700
rice	IRGSP-1.0	1	1010259	1012400	+	Os01g0117900
rice	IRGSP-1.0	1	1016065	1019435	+	Os01g0118000
rice	IRGSP-1.0	1	1024186	1030112	+	Os01g0118100
rice	IRGSP-1.0	1	1046604	1053166	+	Os01g0118300
rice	IRGSP-1.0	1	1057177	1059852	-	Os01g0118400
rice	IRGSP-1.0	1	1066678	1069673	-	Os01g0118600
rice	IRGSP-1.0	1	1071962	1074829	-	Os01g0118700
rice	IRGSP-1.0	1	1078565	1081597	-	Os01g0119000
rice	IRGSP-1.0	1	1090194	1092825	-	Os01g0119100
rice	IRGSP-1.0	1	1103782	1106890	+	Os01g0119500
rice	IRGSP-1.0	1	1145920	1153828	-	Os01g0120300
rice	IRGSP-1.0	1	1155293	1158444	-	Os01g0120400
rice	IRGSP-1.0	1	1160198	1164619	-	Os01g0120500
rice	IRGSP-1.0	1	1165737	1168396	+	Os01g0120600
rice	IRGSP-1.0	1	1168737	1171126	-	Os01g0120700
rice	IRGSP-1.0	1	1171902	1179370	-	Os01g0120800
rice	IRGSP-1.0	1	1181317	1182147	+	Os01g0121000
rice	IRGSP-1.0	1	1183466	1186699	+	Os01g0121100
rice	IRGSP-1.0	1	1186667	1191013	-	Os01g0121200
rice	IRGSP-1.0	1	1198687	1203502	-	Os01g0121300
rice	IRGSP-1.0	1	1198958	1203465	+	Os01g0121400
rice	IRGSP-1.0	1	1217319	1218116	-	Os01g0121500
rice	IRGSP-1.0	1	1223134	1223887	-	Os01g0121600
rice	IRGSP-1.0	1	1224012	1230500	-	Os01g0121700
rice	IRGSP-1.0	1	1232493	1236760	+	Os01g0121800
rice	IRGSP-1.0	1	1238623	1240005	+	Os01g0121900
rice	IRGSP-1.0	1	1240943	1242391	+	Os01g0121950
rice	IRGSP-1.0	1	1249881	1251421	+	Os01g0122000
rice	IRGSP-1.0	1	1254028	1255635	+	Os01g0122200
rice	IRGSP-1.0	1	1254331	1255339	-	Os01g0122367
rice	IRGSP-1.0	1	1264331	1265206	-	Os01g0122534
rice	IRGSP-1.0	1	1264968	1265273	+	Os01g0122701
rice	IRGSP-1.0	1	1328172	1329191	+	Os01g0123500
rice	IRGSP-1.0	1	1333752	1334769	-	Os01g0123700
rice	IRGSP-1.0	1	1335864	1337407	+	Os01g0123800
rice	IRGSP-1.0	1	1338241	1339098	-	Os01g0123900
rice	IRGSP-1.0	1	1341368	1342277	-	Os01g0124000
rice	IRGSP-1.0	1	1345118	1346047	-	Os01g0124100
rice	IRGSP-1.0	1	1347665	1348723	-	Os01g0124200
rice	IRGSP-1.0	1	1353705	1354767	-	Os01g0124401
rice	IRGSP-1.0	1	1356759	1361044	+	Os01g0124550
rice	IRGSP-1.0	1	1363710	1364282	-	Os01g0124600
rice	IRGSP-1.0	1	1365586	1366432	-	Os01g0124650
rice	IRGSP-1.0	1	1365703	1366502	+	Os01g0124700
rice	IRGSP-1.0	1	1369191	1374138	+	Os01g0124900
rice	IRGSP-1.0	1	1375169	1376327	+	Os01g0125000
rice	IRGSP-1.0	1	1395980	1396825	-	Os01g0125500
rice	IRGSP-1.0	1	1401419	1403419	-	Os01g0125550
rice	IRGSP-1.0	1	1404816	1406889	+	Os01g0125600
rice	IRGSP-1.0	1	1410987	1413093	-	Os01g0125700
rice	IRGSP-1.0	1	1413839	1418982	+	Os01g0125800
rice	IRGSP-1.0	1	1413847	1418662	-	Os01g0125850
rice	IRGSP-1.0	1	1421693	1427650	+	Os01g0125900
rice	IRGSP-1.0	1	1433755	1434955	-	Os01g0126000
rice	IRGSP-1.0	1	1433996	1436809	+	Os01g0126100
rice	IRGSP-1.0	1	1437163	1445599	+	Os01g0126200
rice	IRGSP-1.0	1	1445541	1449450	-	Os01g0126401
rice	IRGSP-1.0	1	1446849	1450473	+	Os01g0126600
rice	IRGSP-1.0	1	1486400	1488897	+	Os01g0126900
rice	IRGSP-1.0	1	1490494	1492684	-	Os01g0127000
rice	IRGSP-1.0	1	1490993	1492680	+	Os01g0127100
rice	IRGSP-1.0	1	1497241	1500606	-	Os01g0127200
rice	IRGSP-1.0	1	1504037	1508057	-	Os01g0127300
rice	IRGSP-1.0	1	1508213	1510771	+	Os01g0127400
rice	IRGSP-1.0	1	1511964	1512646	+	Os01g0127450
rice	IRGSP-1.0	1	1513138	1514432	+	Os01g0127500
rice	IRGSP-1.0	1	1515837	1516714	+	Os01g0127600
rice	IRGSP-1.0	1	1518247	1521601	+	Os01g0127700
rice	IRGSP-1.0	1	1534135	1539601	+	Os01g0127900
rice	IRGSP-1.0	1	1549241	1551011	-	Os01g0128000
rice	IRGSP-1.0	1	1562618	1566554	-	Os01g0128100
rice	IRGSP-1.0	1	1566147	1569467	+	Os01g0128200
rice	IRGSP-1.0	1	1567453	1568989	-	Os01g0128250
rice	IRGSP-1.0	1	1569644	1570940	-	Os01g0128300
rice	IRGSP-1.0	1	1571479	1576596	-	Os01g0128400
rice	IRGSP-1.0	1	1597486	1598510	-	Os01g0128700
rice	IRGSP-1.0	1	1598995	1605729	+	Os01g0128800
rice	IRGSP-1.0	1	1625159	1626574	+	Os01g0129200
rice	IRGSP-1.0	1	1641272	1644151	-	Os01g0129500
rice	IRGSP-1.0	1	1641526	1642777	+	Os01g0129550
rice	IRGSP-1.0	1	1657306	1658388	+	Os01g0129600
rice	IRGSP-1.0	1	1670475	1670997	-	Os01g0129800
rice	IRGSP-1.0	1	1673503	1677066	-	Os01g0130000
rice	IRGSP-1.0	1	1673866	1674692	+	Os01g0130100
rice	IRGSP-1.0	1	1685427	1685810	-	Os01g0130200
rice	IRGSP-1.0	1	1698203	1703090	+	Os01g0130400
rice	IRGSP-1.0	1	1700523	1702512	-	Os01g0130500
rice	IRGSP-1.0	1	1712137	1712947	-	Os01g0130900
rice	IRGSP-1.0	1	1733867	1738307	-	Os01g0131250
rice	IRGSP-1.0	1	1738868	1739820	+	Os01g0131300
rice	IRGSP-1.0	1	1746416	1748544	+	Os01g0131600
rice	IRGSP-1.0	1	1746447	1748328	-	Os01g0131450
rice	IRGSP-1.0	1	1754374	1757590	+	Os01g0131800
rice	IRGSP-1.0	1	1757812	1758730	-	Os01g0131900
rice	IRGSP-1.0	1	1760310	1761065	-	Os01g0132000
rice	IRGSP-1.0	1	1764784	1770260	-	Os01g0132050
rice	IRGSP-1.0	1	1765373	1768669	+	Os01g0132100
rice	IRGSP-1.0	1	1771497	1772410	-	Os01g0132200
rice	IRGSP-1.0	1	1776044	1778105	-	Os01g0132400
rice	IRGSP-1.0	1	1781075	1782386	+	Os01g0132500
rice	IRGSP-1.0	1	1787870	1791456	-	Os01g0132700
rice	IRGSP-1.0	1	1801983	1803280	-	Os01g0132766
rice	IRGSP-1.0	1	1813011	1817601	-	Os01g0132800
rice	IRGSP-1.0	1	1834110	1836549	+	Os01g0133100
rice	IRGSP-1.0	1	1838282	1839194	-	Os01g0133200
rice	IRGSP-1.0	1	1844263	1849102	+	Os01g0133400
rice	IRGSP-1.0	1	1849887	1856251	+	Os01g0133500
rice	IRGSP-1.0	1	1857083	1858534	+	Os01g0133600
rice	IRGSP-1.0	1	1857805	1858452	-	Os01g0133650
rice	IRGSP-1.0	1	1865027	1866109	+	Os01g0133700
rice	IRGSP-1.0	1	1865455	1866126	-	Os01g0133799
rice	IRGSP-1.0	1	1868093	1868762	-	Os01g0133832
rice	IRGSP-1.0	1	1869486	1870071	-	Os01g0133866
rice	IRGSP-1.0	1	1869773	1870408	+	Os01g0133900
rice	IRGSP-1.0	1	1876913	1879901	+	Os01g0134200
rice	IRGSP-1.0	1	1888525	1892262	+	Os01g0134500
rice	IRGSP-1.0	1	1902741	1904902	+	Os01g0134700
rice	IRGSP-1.0	1	1906717	1908131	-	Os01g0134800
rice	IRGSP-1.0	1	1906985	1909022	+	Os01g0134850
rice	IRGSP-1.0	1	1912561	1915094	-	Os01g0134900
rice	IRGSP-1.0	1	1914497	1916083	+	Os01g0135000
rice	IRGSP-1.0	1	1928167	1930288	+	Os01g0135600
rice	IRGSP-1.0	1	1931016	1931904	-	Os01g0135700
rice	IRGSP-1.0	1	1934117	1934924	+	Os01g0135800
rice	IRGSP-1.0	1	1941012	1941851	+	Os01g0135900
rice	IRGSP-1.0	1	1944276	1944948	-	Os01g0136000
rice	IRGSP-1.0	1	1944426	1944968	+	Os01g0136050
rice	IRGSP-1.0	1	1948773	1949587	-	Os01g0136100
rice	IRGSP-1.0	1	1951930	1952681	+	Os01g0136200
rice	IRGSP-1.0	1	1955181	1955914	-	Os01g0136300
rice	IRGSP-1.0	1	1957847	1967451	-	Os01g0136400
rice	IRGSP-1.0	1	1961587	1962403	-	Os01g0136450
rice	IRGSP-1.0	1	1962884	1963627	-	Os01g0136500
rice	IRGSP-1.0	1	1966504	1967491	+	Os01g0136502
rice	IRGSP-1.0	1	1970071	1970782	+	Os01g0136600
rice	IRGSP-1.0	1	1971228	1975465	-	Os01g0136700
rice	IRGSP-1.0	1	1977423	1982484	-	Os01g0136800
rice	IRGSP-1.0	1	1977659	1982249	+	Os01g0136850
rice	IRGSP-1.0	1	1984267	1986150	+	Os01g0136900
rice	IRGSP-1.0	1	1988716	2003083	+	Os01g0137400
rice	IRGSP-1.0	1	1988797	1996845	-	Os01g0137125
rice	IRGSP-1.0	1	1993553	1994320	+	Os01g0137200
rice	IRGSP-1.0	1	1995550	1996857	+	Os01g0137250
rice	IRGSP-1.0	1	1998852	1999549	-	Os01g0137266
rice	IRGSP-1.0	1	1998872	1999654	+	Os01g0137282
rice	IRGSP-1.0	1	2000724	2003913	-	Os01g0137300
rice	IRGSP-1.0	1	2014791	2018248	+	Os01g0137500
rice	IRGSP-1.0	1	2015899	2018829	-	Os01g0137550
rice	IRGSP-1.0	1	2023879	2026177	+	Os01g0137700
rice	IRGSP-1.0	1	2037202	2038198	+	Os01g0137950
rice	IRGSP-1.0	1	2042088	2042762	-	Os01g0138000
rice	IRGSP-1.0	1	2046146	2053048	-	Os01g0138100
rice	IRGSP-1.0	1	2048615	2049566	-	Os01g0138232
rice	IRGSP-1.0	1	2048717	2052514	+	Os01g0138300
rice	IRGSP-1.0	1	2053583	2057636	+	Os01g0138400
rice	IRGSP-1.0	1	2053618	2054336	-	Os01g0138451
rice	IRGSP-1.0	1	2059309	2062226	+	Os01g0138500
rice	IRGSP-1.0	1	2063615	2065995	-	Os01g0138600
rice	IRGSP-1.0	1	2071843	2073609	+	Os01g0138800
rice	IRGSP-1.0	1	2074795	2077903	-	Os01g0138900
rice	IRGSP-1.0	1	2080112	2081303	+	Os01g0139000
rice	IRGSP-1.0	1	2084490	2087203	-	Os01g0139200
rice	IRGSP-1.0	1	2097192	2100692	+	Os01g0139600
rice	IRGSP-1.0	1	2102113	2102672	-	Os01g0139700
rice	IRGSP-1.0	1	2108961	2109677	-	Os01g0139900
rice	IRGSP-1.0	1	2120489	2122320	+	Os01g0140100
rice	IRGSP-1.0	1	2131013	2137293	+	Os01g0140400
rice	IRGSP-1.0	1	2137800	2138539	+	Os01g0140500
rice	IRGSP-1.0	1	2154326	2155994	+	Os01g0140700
rice	IRGSP-1.0	1	2202278	2203787	+	Os01g0141000
rice	IRGSP-1.0	1	2215662	2222812	-	Os01g0141100
rice	IRGSP-1.0	1	2216130	2222523	+	Os01g0141150
rice	IRGSP-1.0	1	2226409	2229526	-	Os01g0141300
rice	IRGSP-1.0	1	2226816	2229461	+	Os01g0141450
rice	IRGSP-1.0	1	2245732	2250435	+	Os01g0141600
rice	IRGSP-1.0	1	2250838	2255073	-	Os01g0141700
rice	IRGSP-1.0	1	2261501	2266230	+	Os01g0141900
rice	IRGSP-1.0	1	2266281	2271051	-	Os01g0142100
rice	IRGSP-1.0	1	2271163	2273724	+	Os01g0142200
rice	IRGSP-1.0	1	2275067	2278872	+	Os01g0142300
rice	IRGSP-1.0	1	2281913	2284775	-	Os01g0142500
rice	IRGSP-1.0	1	2292239	2294340	+	Os01g0142600
rice	IRGSP-1.0	1	2294904	2298329	+	Os01g0142800
rice	IRGSP-1.0	1	2296049	2297950	-	Os01g0142875
rice	IRGSP-1.0	1	2338166	2342048	-	Os01g0142950
rice	IRGSP-1.0	1	2350069	2353502	-	Os01g0143100
rice	IRGSP-1.0	1	2357871	2360437	-	Os01g0143300
rice	IRGSP-1.0	1	2358098	2360393	+	Os01g0143350
rice	IRGSP-1.0	1	2361799	2363814	-	Os01g0143400
rice	IRGSP-1.0	1	2372323	2374066	-	Os01g0143700
rice	IRGSP-1.0	1	2372336	2374091	+	Os01g0143750
rice	IRGSP-1.0	1	2374541	2376761	-	Os01g0143800
rice	IRGSP-1.0	1	2377369	2377984	-	Os01g0143900
rice	IRGSP-1.0	1	2378825	2382584	-	Os01g0144000
rice	IRGSP-1.0	1	2383611	2385593	-	Os01g0144100
rice	IRGSP-1.0	1	2386373	2388597	+	Os01g0144200
rice	IRGSP-1.0	1	2388605	2390483	-	Os01g0144300
rice	IRGSP-1.0	1	2391464	2397295	-	Os01g0144340
rice	IRGSP-1.0	1	2393483	2398292	+	Os01g0144380
rice	IRGSP-1.0	1	2400945	2402336	-	Os01g0144500
rice	IRGSP-1.0	1	2403276	2405947	+	Os01g0144600
rice	IRGSP-1.0	1	2406475	2408051	+	Os01g0144700
rice	IRGSP-1.0	1	2414271	2415072	+	Os01g0144800
rice	IRGSP-1.0	1	2416643	2418825	+	Os01g0144900
rice	IRGSP-1.0	1	2422347	2422682	+	Os01g0145000
rice	IRGSP-1.0	1	2434793	2438772	+	Os01g0145200
rice	IRGSP-1.0	1	2453742	2456495	+	Os01g0145600
rice	IRGSP-1.0	1	2488413	2491357	+	Os01g0146101
rice	IRGSP-1.0	1	2500280	2501248	+	Os01g0146200
rice	IRGSP-1.0	1	2530890	2531390	-	Os01g0146600
rice	IRGSP-1.0	1	2541950	2542484	-	Os01g0146801
rice	IRGSP-1.0	1	2550946	2551461	+	Os01g0147001
rice	IRGSP-1.0	1	2560897	2565321	+	Os01g0147200
rice	IRGSP-1.0	1	2566663	2569855	-	Os01g0147250
rice	IRGSP-1.0	1	2568051	2570029	+	Os01g0147300
rice	IRGSP-1.0	1	2570072	2571010	-	Os01g0147400
rice	IRGSP-1.0	1	2573049	2577415	-	Os01g0147600
rice	IRGSP-1.0	1	2579565	2583575	-	Os01g0147700
rice	IRGSP-1.0	1	2584986	2587547	-	Os01g0147800
rice	IRGSP-1.0	1	2585294	2585668	+	Os01g0147850
rice	IRGSP-1.0	1	2589835	2593568	-	Os01g0147900
rice	IRGSP-1.0	1	2599732	2603593	+	Os01g0148000
rice	IRGSP-1.0	1	2605614	2612731	+	Os01g0148050
rice	IRGSP-1.0	1	2613672	2623190	-	Os01g0148100
rice	IRGSP-1.0	1	2629374	2630050	+	Os01g0148200
rice	IRGSP-1.0	1	2632618	2637829	+	Os01g0148400
rice	IRGSP-1.0	1	2641000	2644665	-	Os01g0148500
rice	IRGSP-1.0	1	2652648	2655564	+	Os01g0148700
rice	IRGSP-1.0	1	2665085	2668967	-	Os01g0149200
rice	IRGSP-1.0	1	2669251	2674068	-	Os01g0149350
rice	IRGSP-1.0	1	2674414	2674683	+	Os01g0149400
rice	IRGSP-1.0	1	2681220	2686364	-	Os01g0149500
rice	IRGSP-1.0	1	2686729	2687456	+	Os01g0149600
rice	IRGSP-1.0	1	2688460	2692024	-	Os01g0149700
rice	IRGSP-1.0	1	2688638	2691961	+	Os01g0149750
rice	IRGSP-1.0	1	2693231	2695079	-	Os01g0149800
rice	IRGSP-1.0	1	2699128	2703491	-	Os01g0149900
rice	IRGSP-1.0	1	2707624	2711422	-	Os01g0150000
rice	IRGSP-1.0	1	2713300	2717425	+	Os01g0150100
rice	IRGSP-1.0	1	2717836	2721203	+	Os01g0150200
rice	IRGSP-1.0	1	2722605	2726163	+	Os01g0150400
rice	IRGSP-1.0	1	2727751	2736707	+	Os01g0150500
rice	IRGSP-1.0	1	2731396	2736842	-	Os01g0150700
rice	IRGSP-1.0	1	2742507	2747439	+	Os01g0150800
rice	IRGSP-1.0	1	2752144	2761554	+	Os01g0150900
rice	IRGSP-1.0	1	2753663	2755342	+	Os01g0150950
rice	IRGSP-1.0	1	2765779	2768602	+	Os01g0151100
rice	IRGSP-1.0	1	2770142	2774609	+	Os01g0151200
rice	IRGSP-1.0	1	2776973	2781723	+	Os01g0151400
rice	IRGSP-1.0	1	2783189	2790377	+	Os01g0151500
rice	IRGSP-1.0	1	2791418	2795857	+	Os01g0151600
rice	IRGSP-1.0	1	2800516	2803701	+	Os01g0151700
rice	IRGSP-1.0	1	2801825	2802125	-	Os01g0151750
rice	IRGSP-1.0	1	2805586	2808152	+	Os01g0151900
rice	IRGSP-1.0	1	2810313	2815017	+	Os01g0152000
rice	IRGSP-1.0	1	2811498	2819553	-	Os01g0152050
rice	IRGSP-1.0	1	2815148	2816554	-	Os01g0152100
rice	IRGSP-1.0	1	2817650	2818897	-	Os01g0152200
rice	IRGSP-1.0	1	2820074	2820744	-	Os01g0152300
rice	IRGSP-1.0	1	2826116	2828930	-	Os01g0152500
rice	IRGSP-1.0	1	2830325	2833623	+	Os01g0152600
rice	IRGSP-1.0	1	2835281	2836233	+	Os01g0152687
rice	IRGSP-1.0	1	2837892	2838171	-	Os01g0152700
rice	IRGSP-1.0	1	2839934	2843512	+	Os01g0152800
rice	IRGSP-1.0	1	2840037	2843293	-	Os01g0152850
rice	IRGSP-1.0	1	2844503	2845212	-	Os01g0152900
rice	IRGSP-1.0	1	2847554	2848849	-	Os01g0152950
rice	IRGSP-1.0	1	2849160	2851689	+	Os01g0152951
rice	IRGSP-1.0	1	2851954	2855225	+	Os01g0153000
rice	IRGSP-1.0	1	2851988	2855214	-	Os01g0153050
rice	IRGSP-1.0	1	2857382	2858128	-	Os01g0153100
rice	IRGSP-1.0	1	2859098	2864539	+	Os01g0153150
rice	IRGSP-1.0	1	2862774	2863569	-	Os01g0153200
rice	IRGSP-1.0	1	2864276	2867341	-	Os01g0153250
rice	IRGSP-1.0	1	2864726	2867411	+	Os01g0153275
rice	IRGSP-1.0	1	2872115	2872826	+	Os01g0153300
rice	IRGSP-1.0	1	2877647	2882523	+	Os01g0153400
rice	IRGSP-1.0	1	2885392	2886301	+	Os01g0153500
rice	IRGSP-1.0	1	2885449	2886073	-	Os01g0153550
rice	IRGSP-1.0	1	2887060	2888434	-	Os01g0153600
rice	IRGSP-1.0	1	2887717	2888430	+	Os01g0153625
rice	IRGSP-1.0	1	2892920	2894707	-	Os01g0153700
rice	IRGSP-1.0	1	2896841	2897944	+	Os01g0153800
rice	IRGSP-1.0	1	2899057	2899947	-	Os01g0153900
rice	IRGSP-1.0	1	2901602	2902192	-	Os01g0153950
rice	IRGSP-1.0	1	2903069	2903970	-	Os01g0154000
rice	IRGSP-1.0	1	2907071	2907926	-	Os01g0154100
rice	IRGSP-1.0	1	2920425	2921321	-	Os01g0154200
rice	IRGSP-1.0	1	2920641	2921282	+	Os01g0154250
rice	IRGSP-1.0	1	2922561	2924802	+	Os01g0154300
rice	IRGSP-1.0	1	2925935	2928765	+	Os01g0154500
rice	IRGSP-1.0	1	2930802	2932886	+	Os01g0154600
rice	IRGSP-1.0	1	2954510	2956849	+	Os01g0154950
rice	IRGSP-1.0	1	2957166	2958439	-	Os01g0155000
rice	IRGSP-1.0	1	2962422	2964972	-	Os01g0155200
rice	IRGSP-1.0	1	2966314	2967346	+	Os01g0155300
rice	IRGSP-1.0	1	2971130	2977009	-	Os01g0155400
rice	IRGSP-1.0	1	2982542	2986094	+	Os01g0155500
rice	IRGSP-1.0	1	2986329	2989280	-	Os01g0155600
rice	IRGSP-1.0	1	2999576	3001139	+	Os01g0155800
rice	IRGSP-1.0	1	3003860	3005728	-	Os01g0156000
rice	IRGSP-1.0	1	3013915	3014751	-	Os01g0156300
rice	IRGSP-1.0	1	3031479	3033009	+	Os01g0157200
rice	IRGSP-1.0	1	3035059	3035716	+	Os01g0157400
rice	IRGSP-1.0	1	3036690	3037397	-	Os01g0157500
rice	IRGSP-1.0	1	3037689	3038708	+	Os01g0157600
rice	IRGSP-1.0	1	3039286	3039984	+	Os01g0157700
rice	IRGSP-1.0	1	3041480	3044346	-	Os01g0157800
rice	IRGSP-1.0	1	3044488	3047128	+	Os01g0157900
rice	IRGSP-1.0	1	3047432	3052194	+	Os01g0158000
rice	IRGSP-1.0	1	3052241	3053151	-	Os01g0158100
rice	IRGSP-1.0	1	3054481	3057198	+	Os01g0158200
rice	IRGSP-1.0	1	3058564	3059717	-	Os01g0158400
rice	IRGSP-1.0	1	3060978	3066135	+	Os01g0158500
rice	IRGSP-1.0	1	3061751	3065924	-	Os01g0158533
rice	IRGSP-1.0	1	3067332	3067968	+	Os01g0158566
rice	IRGSP-1.0	1	3067950	3071237	-	Os01g0158600
rice	IRGSP-1.0	1	3079533	3084696	-	Os01g0158800
rice	IRGSP-1.0	1	3085452	3090887	-	Os01g0158900
rice	IRGSP-1.0	1	3091435	3092698	-	Os01g0159000
rice	IRGSP-1.0	1	3097415	3098160	-	Os01g0159200
rice	IRGSP-1.0	1	3097610	3098332	+	Os01g0159250
rice	IRGSP-1.0	1	3100294	3105226	-	Os01g0159300
rice	IRGSP-1.0	1	3108117	3113940	-	Os01g0159400
rice	IRGSP-1.0	1	3122888	3124051	+	Os01g0159500
rice	IRGSP-1.0	1	3124369	3125331	-	Os01g0159600
rice	IRGSP-1.0	1	3129056	3130722	+	Os01g0159800
rice	IRGSP-1.0	1	3136320	3140217	-	Os01g0160100
rice	IRGSP-1.0	1	3136504	3140130	+	Os01g0160150
rice	IRGSP-1.0	1	3143601	3146812	-	Os01g0160200
rice	IRGSP-1.0	1	3182139	3185207	+	Os01g0160700
rice	IRGSP-1.0	1	3189117	3190330	-	Os01g0160800
rice	IRGSP-1.0	1	3201220	3204252	+	Os01g0161000
rice	IRGSP-1.0	1	3222100	3226518	-	Os01g0161200
rice	IRGSP-1.0	1	3222303	3225613	+	Os01g0161300
rice	IRGSP-1.0	1	3243674	3244422	-	Os01g0162001
rice	IRGSP-1.0	1	3244945	3245443	-	Os01g0162101
rice	IRGSP-1.0	1	3251426	3252724	+	Os01g0162200
rice	IRGSP-1.0	1	3256822	3257901	+	Os01g0162300
rice	IRGSP-1.0	1	3257944	3258889	+	Os01g0162400
rice	IRGSP-1.0	1	3259516	3262661	+	Os01g0162500
rice	IRGSP-1.0	1	3272800	3274386	-	Os01g0162701
rice	IRGSP-1.0	1	3272839	3276375	+	Os01g0162800
rice	IRGSP-1.0	1	3282977	3284997	-	Os01g0162900
rice	IRGSP-1.0	1	3283266	3286357	+	Os01g0163000
rice	IRGSP-1.0	1	3291241	3293494	+	Os01g0163450
rice	IRGSP-1.0	1	3293852	3294105	-	Os01g0163616
rice	IRGSP-1.0	1	3312670	3313206	-	Os01g0164075
rice	IRGSP-1.0	1	3320451	3321035	-	Os01g0164300
rice	IRGSP-1.0	1	3324235	3327122	+	Os01g0164400
rice	IRGSP-1.0	1	3328572	3331963	-	Os01g0164500
rice	IRGSP-1.0	1	3332952	3336035	-	Os01g0164600
rice	IRGSP-1.0	1	3336250	3343220	+	Os01g0164700
rice	IRGSP-1.0	1	3343531	3355066	-	Os01g0164800
rice	IRGSP-1.0	1	3356383	3361204	+	Os01g0165000
rice	IRGSP-1.0	1	3358534	3360674	-	Os01g0165100
rice	IRGSP-1.0	1	3362001	3367658	-	Os01g0165200
rice	IRGSP-1.0	1	3376592	3377212	+	Os01g0165600
rice	IRGSP-1.0	1	3386766	3390803	-	Os01g0165800
rice	IRGSP-1.0	1	3397441	3400487	+	Os01g0166100
rice	IRGSP-1.0	1	3401204	3402049	-	Os01g0166200
rice	IRGSP-1.0	1	3402088	3403488	+	Os01g0166300
rice	IRGSP-1.0	1	3405466	3408694	+	Os01g0166400
rice	IRGSP-1.0	1	3414866	3415943	-	Os01g0166500
rice	IRGSP-1.0	1	3422373	3425500	+	Os01g0166700
rice	IRGSP-1.0	1	3425794	3429573	-	Os01g0166800
rice	IRGSP-1.0	1	3431609	3433317	+	Os01g0167100
rice	IRGSP-1.0	1	3445220	3446488	+	Os01g0167400
rice	IRGSP-1.0	1	3446940	3450180	-	Os01g0167500
rice	IRGSP-1.0	1	3454882	3456059	+	Os01g0167600
rice	IRGSP-1.0	1	3456869	3464965	-	Os01g0167700
rice	IRGSP-1.0	1	3465634	3467560	-	Os01g0167750
rice	IRGSP-1.0	1	3467858	3472105	-	Os01g0167800
rice	IRGSP-1.0	1	3473846	3477048	-	Os01g0167900
rice	IRGSP-1.0	1	3478537	3478978	-	Os01g0168000
rice	IRGSP-1.0	1	3479396	3484579	-	Os01g0168100
rice	IRGSP-1.0	1	3489348	3491991	-	Os01g0168200
rice	IRGSP-1.0	1	3493411	3496559	-	Os01g0168300
rice	IRGSP-1.0	1	3501094	3504775	+	Os01g0168400
rice	IRGSP-1.0	1	3501187	3504618	-	Os01g0168450
rice	IRGSP-1.0	1	3505759	3510343	+	Os01g0168500
rice	IRGSP-1.0	1	3511944	3515900	+	Os01g0168600
rice	IRGSP-1.0	1	3516766	3519077	-	Os01g0168800
rice	IRGSP-1.0	1	3518372	3519175	+	Os01g0168850
rice	IRGSP-1.0	1	3520944	3521309	+	Os01g0169000
rice	IRGSP-1.0	1	3551051	3553146	-	Os01g0169400
rice	IRGSP-1.0	1	3559761	3574278	-	Os01g0169500
rice	IRGSP-1.0	1	3577473	3581859	-	Os01g0169800
rice	IRGSP-1.0	1	3591827	3596152	-	Os01g0169900
rice	IRGSP-1.0	1	3598451	3599668	-	Os01g0170000
rice	IRGSP-1.0	1	3598662	3601908	+	Os01g0170051
rice	IRGSP-1.0	1	3611353	3615657	+	Os01g0170100
rice	IRGSP-1.0	1	3621211	3625338	+	Os01g0170300
rice	IRGSP-1.0	1	3633290	3639159	-	Os01g0170500
rice	IRGSP-1.0	1	3645508	3650691	+	Os01g0170600
rice	IRGSP-1.0	1	3652273	3656479	+	Os01g0170700
rice	IRGSP-1.0	1	3661688	3664199	+	Os01g0170800
rice	IRGSP-1.0	1	3665042	3666044	-	Os01g0170900
rice	IRGSP-1.0	1	3667476	3673008	-	Os01g0171000
rice	IRGSP-1.0	1	3678431	3680909	-	Os01g0171100
rice	IRGSP-1.0	1	3681798	3687409	-	Os01g0171200
rice	IRGSP-1.0	1	3696155	3699718	-	Os01g0171800
rice	IRGSP-1.0	1	3705424	3708989	-	Os01g0172000
rice	IRGSP-1.0	1	3711212	3713653	+	Os01g0172100
rice	IRGSP-1.0	1	3713740	3718631	-	Os01g0172200
rice	IRGSP-1.0	1	3720138	3723145	-	Os01g0172300
rice	IRGSP-1.0	1	3724667	3728791	-	Os01g0172400
rice	IRGSP-1.0	1	3732525	3734022	+	Os01g0172600
rice	IRGSP-1.0	1	3732983	3733967	-	Os01g0172701
rice	IRGSP-1.0	1	3735961	3736782	+	Os01g0172800
rice	IRGSP-1.0	1	3737752	3740685	+	Os01g0172900
rice	IRGSP-1.0	1	3737904	3742067	-	Os01g0173000
rice	IRGSP-1.0	1	3742778	3744461	-	Os01g0173100
rice	IRGSP-1.0	1	3779634	3782002	+	Os01g0173600
rice	IRGSP-1.0	1	3804672	3810720	+	Os01g0173900
rice	IRGSP-1.0	1	3811094	3812179	-	Os01g0174000
rice	IRGSP-1.0	1	3818050	3818753	-	Os01g0174100
rice	IRGSP-1.0	1	3819099	3819782	-	Os01g0174200
rice	IRGSP-1.0	1	3820177	3824512	-	Os01g0174300
rice	IRGSP-1.0	1	3825669	3829404	+	Os01g0174400
rice	IRGSP-1.0	1	3827045	3830326	-	Os01g0174500
rice	IRGSP-1.0	1	3830492	3831846	-	Os01g0174600
rice	IRGSP-1.0	1	3835129	3837642	-	Os01g0174700
rice	IRGSP-1.0	1	3842779	3845436	+	Os01g0174900
rice	IRGSP-1.0	1	3846283	3850209	-	Os01g0175000
rice	IRGSP-1.0	1	3855147	3856033	-	Os01g0175100
rice	IRGSP-1.0	1	3870734	3874321	-	Os01g0175400
rice	IRGSP-1.0	1	3875771	3877745	+	Os01g0175500
rice	IRGSP-1.0	1	3878164	3884017	-	Os01g0175600
rice	IRGSP-1.0	1	3878702	3882875	+	Os01g0175633
rice	IRGSP-1.0	1	3894296	3898729	-	Os01g0175700
rice	IRGSP-1.0	1	3894637	3898734	+	Os01g0175733
rice	IRGSP-1.0	1	3914804	3916283	-	Os01g0175850
rice	IRGSP-1.0	1	3917918	3920432	+	Os01g0176000
rice	IRGSP-1.0	1	3918125	3920244	-	Os01g0176050
rice	IRGSP-1.0	1	3921356	3923134	+	Os01g0176100
rice	IRGSP-1.0	1	3921411	3921821	-	Os01g0176150
rice	IRGSP-1.0	1	3924401	3926323	+	Os01g0176200
rice	IRGSP-1.0	1	3926661	3929467	-	Os01g0176300
rice	IRGSP-1.0	1	3938234	3939192	+	Os01g0176400
rice	IRGSP-1.0	1	3939133	3942405	-	Os01g0176500
rice	IRGSP-1.0	1	3953043	3955442	+	Os01g0176700
rice	IRGSP-1.0	1	3953070	3954170	-	Os01g0176751
rice	IRGSP-1.0	1	3958210	3962124	+	Os01g0176800
rice	IRGSP-1.0	1	3958628	3963625	-	Os01g0176900
rice	IRGSP-1.0	1	3975902	3984909	+	Os01g0177100
rice	IRGSP-1.0	1	3986647	3995398	+	Os01g0177200
rice	IRGSP-1.0	1	4003659	4004887	-	Os01g0177400
rice	IRGSP-1.0	1	4003779	4004759	+	Os01g0177500
rice	IRGSP-1.0	1	4033754	4043431	-	Os01g0177900
rice	IRGSP-1.0	1	4051885	4057571	-	Os01g0178000
rice	IRGSP-1.0	1	4059510	4063188	+	Os01g0178100
rice	IRGSP-1.0	1	4064068	4066014	+	Os01g0178200
rice	IRGSP-1.0	1	4066347	4067319	-	Os01g0178300
rice	IRGSP-1.0	1	4068636	4070331	-	Os01g0178400
rice	IRGSP-1.0	1	4073916	4076438	-	Os01g0178500
rice	IRGSP-1.0	1	4081316	4082680	+	Os01g0178600
rice	IRGSP-1.0	1	4091073	4094814	+	Os01g0178700
rice	IRGSP-1.0	1	4099317	4099593	+	Os01g0178850
rice	IRGSP-1.0	1	4106828	4108508	+	Os01g0178900
rice	IRGSP-1.0	1	4110402	4112126	-	Os01g0179000
rice	IRGSP-1.0	1	4118041	4122224	+	Os01g0179200
rice	IRGSP-1.0	1	4123420	4126215	+	Os01g0179300
rice	IRGSP-1.0	1	4127232	4140631	+	Os01g0179400
rice	IRGSP-1.0	1	4144718	4150134	+	Os01g0179500
rice	IRGSP-1.0	1	4153077	4154674	-	Os01g0179600
rice	IRGSP-1.0	1	4160736	4164317	-	Os01g0179700
rice	IRGSP-1.0	1	4167514	4173240	-	Os01g0179800
rice	IRGSP-1.0	1	4175051	4177246	-	Os01g0179901
rice	IRGSP-1.0	1	4179207	4181412	-	Os01g0180000
rice	IRGSP-1.0	1	4180207	4181178	+	Os01g0180050
rice	IRGSP-1.0	1	4208556	4213302	-	Os01g0180300
rice	IRGSP-1.0	1	4215038	4217099	-	Os01g0180400
rice	IRGSP-1.0	1	4234573	4244531	-	Os01g0180600
rice	IRGSP-1.0	1	4245421	4249851	-	Os01g0180700
rice	IRGSP-1.0	1	4253845	4259581	+	Os01g0180800
rice	IRGSP-1.0	1	4254468	4259175	-	Os01g0180850
rice	IRGSP-1.0	1	4264247	4270356	+	Os01g0180900
rice	IRGSP-1.0	1	4272846	4276299	-	Os01g0181000
rice	IRGSP-1.0	1	4274611	4274976	-	Os01g0181033
rice	IRGSP-1.0	1	4277958	4278517	-	Os01g0181166
rice	IRGSP-1.0	1	4281715	4283625	-	Os01g0181300
rice	IRGSP-1.0	1	4306924	4309933	+	Os01g0182100
rice	IRGSP-1.0	1	4313678	4315834	-	Os01g0182200
rice	IRGSP-1.0	1	4318039	4318780	-	Os01g0182300
rice	IRGSP-1.0	1	4322736	4326342	-	Os01g0182400
rice	IRGSP-1.0	1	4326675	4328688	+	Os01g0182500
rice	IRGSP-1.0	1	4329362	4338486	-	Os01g0182600
rice	IRGSP-1.0	1	4347188	4356468	-	Os01g0182700
rice	IRGSP-1.0	1	4375261	4377273	+	Os01g0182832
rice	IRGSP-1.0	1	4391229	4393420	+	Os01g0182900
rice	IRGSP-1.0	1	4395060	4397438	+	Os01g0183000
rice	IRGSP-1.0	1	4397653	4401942	+	Os01g0183100
rice	IRGSP-1.0	1	4402668	4407292	-	Os01g0183300
rice	IRGSP-1.0	1	4415416	4416182	+	Os01g0183400
rice	IRGSP-1.0	1	4418239	4419153	+	Os01g0183500
rice	IRGSP-1.0	1	4421318	4423105	+	Os01g0183600
rice	IRGSP-1.0	1	4423907	4426863	-	Os01g0183633
rice	IRGSP-1.0	1	4434129	4437827	+	Os01g0183800
rice	IRGSP-1.0	1	4438266	4438766	+	Os01g0183850
rice	IRGSP-1.0	1	4440933	4441314	-	Os01g0183950
rice	IRGSP-1.0	1	4444670	4448384	+	Os01g0184000
rice	IRGSP-1.0	1	4449056	4449806	+	Os01g0184050
rice	IRGSP-1.0	1	4449070	4449876	-	Os01g0184100
rice	IRGSP-1.0	1	4451551	4457689	-	Os01g0184200
rice	IRGSP-1.0	1	4485764	4490158	-	Os01g0184500
rice	IRGSP-1.0	1	4493365	4495145	+	Os01g0184700
rice	IRGSP-1.0	1	4494615	4497597	-	Os01g0184800
rice	IRGSP-1.0	1	4497719	4504384	+	Os01g0184900
rice	IRGSP-1.0	1	4504620	4505060	-	Os01g0185000
rice	IRGSP-1.0	1	4509219	4512681	+	Os01g0185100
rice	IRGSP-1.0	1	4514356	4520604	-	Os01g0185200
rice	IRGSP-1.0	1	4527986	4528971	-	Os01g0185250
rice	IRGSP-1.0	1	4528237	4532862	+	Os01g0185300
rice	IRGSP-1.0	1	4534021	4540216	+	Os01g0185400
rice	IRGSP-1.0	1	4542331	4546541	+	Os01g0185500
rice	IRGSP-1.0	1	4566304	4568589	+	Os01g0185900
rice	IRGSP-1.0	1	4572446	4573421	-	Os01g0186000
rice	IRGSP-1.0	1	4581254	4584592	-	Os01g0186200
rice	IRGSP-1.0	1	4586170	4591083	+	Os01g0186400
rice	IRGSP-1.0	1	4614891	4615825	+	Os01g0186600
rice	IRGSP-1.0	1	4621925	4631262	-	Os01g0186700
rice	IRGSP-1.0	1	4646434	4648130	+	Os01g0186900
rice	IRGSP-1.0	1	4646844	4647917	-	Os01g0186950
rice	IRGSP-1.0	1	4650156	4651884	+	Os01g0187000
rice	IRGSP-1.0	1	4667309	4669037	+	Os01g0187300
rice	IRGSP-1.0	1	4673221	4674337	-	Os01g0187350
rice	IRGSP-1.0	1	4673407	4684765	+	Os01g0187400
rice	IRGSP-1.0	1	4688171	4693114	+	Os01g0187500
rice	IRGSP-1.0	1	4697238	4699036	-	Os01g0187600
rice	IRGSP-1.0	1	4714730	4718746	-	Os01g0187900
rice	IRGSP-1.0	1	4726734	4731142	+	Os01g0188100
rice	IRGSP-1.0	1	4734017	4737606	-	Os01g0188200
rice	IRGSP-1.0	1	4739271	4744472	-	Os01g0188400
rice	IRGSP-1.0	1	4739768	4744023	+	Os01g0188525
rice	IRGSP-1.0	1	4761327	4767478	-	Os01g0188900
rice	IRGSP-1.0	1	4768738	4782706	-	Os01g0189100
rice	IRGSP-1.0	1	4789656	4795346	+	Os01g0189700
rice	IRGSP-1.0	1	4796155	4798454	-	Os01g0189800
rice	IRGSP-1.0	1	4800233	4802174	+	Os01g0190000
rice	IRGSP-1.0	1	4816831	4818958	+	Os01g0190300
rice	IRGSP-1.0	1	4820155	4823129	-	Os01g0190400
rice	IRGSP-1.0	1	4826590	4828733	+	Os01g0190500
rice	IRGSP-1.0	1	4848843	4850992	-	Os01g0191000
rice	IRGSP-1.0	1	4852435	4854387	+	Os01g0191100
rice	IRGSP-1.0	1	4869090	4869415	-	Os01g0191150
rice	IRGSP-1.0	1	4872158	4873806	-	Os01g0191200
rice	IRGSP-1.0	1	4879215	4885840	-	Os01g0191300
rice	IRGSP-1.0	1	4887954	4891334	-	Os01g0191400
rice	IRGSP-1.0	1	4891518	4896876	+	Os01g0191500
rice	IRGSP-1.0	1	4905609	4909339	+	Os01g0191700
rice	IRGSP-1.0	1	4909990	4913696	-	Os01g0191800
rice	IRGSP-1.0	1	4917960	4919224	-	Os01g0191900
rice	IRGSP-1.0	1	4949133	4951123	-	Os01g0192000
rice	IRGSP-1.0	1	4949849	4951508	+	Os01g0192101
rice	IRGSP-1.0	1	4971466	4973555	-	Os01g0192300
rice	IRGSP-1.0	1	4979098	4980028	-	Os01g0192500
rice	IRGSP-1.0	1	4979116	4979875	+	Os01g0192401
rice	IRGSP-1.0	1	4980670	4981942	+	Os01g0192550
rice	IRGSP-1.0	1	4982182	4985143	-	Os01g0192600
rice	IRGSP-1.0	1	5002454	5004321	-	Os01g0192900
rice	IRGSP-1.0	1	5014697	5015197	-	Os01g0193250
rice	IRGSP-1.0	1	5016279	5020150	+	Os01g0193400
rice	IRGSP-1.0	1	5018103	5020088	-	Os01g0193500
rice	IRGSP-1.0	1	5021104	5025704	-	Os01g0193600
rice	IRGSP-1.0	1	5022112	5025748	+	Os01g0193700
rice	IRGSP-1.0	1	5028275	5037189	+	Os01g0193900
rice	IRGSP-1.0	1	5037239	5039252	-	Os01g0194000
rice	IRGSP-1.0	1	5053133	5055753	-	Os01g0194200
rice	IRGSP-1.0	1	5060605	5065209	-	Os01g0194300
rice	IRGSP-1.0	1	5085833	5086504	+	Os01g0194600
rice	IRGSP-1.0	1	5099555	5102080	+	Os01g0195000
rice	IRGSP-1.0	1	5109949	5112457	-	Os01g0195200
rice	IRGSP-1.0	1	5128137	5128696	-	Os01g0195300
rice	IRGSP-1.0	1	5131629	5132915	-	Os01g0195400
rice	IRGSP-1.0	1	5138518	5140925	-	Os01g0195500
rice	IRGSP-1.0	1	5148879	5149201	+	Os01g0195700
rice	IRGSP-1.0	1	5149335	5150341	+	Os01g0195801
rice	IRGSP-1.0	1	5196418	5197056	+	Os01g0196133
rice	IRGSP-1.0	1	5201862	5203996	+	Os01g0196300
rice	IRGSP-1.0	1	5213979	5216701	-	Os01g0196500
rice	IRGSP-1.0	1	5218573	5220335	+	Os01g0196600
rice	IRGSP-1.0	1	5227044	5229966	+	Os01g0196800
rice	IRGSP-1.0	1	5236623	5244520	+	Os01g0197100
rice	IRGSP-1.0	1	5236643	5243998	-	Os01g0197150
rice	IRGSP-1.0	1	5247340	5251192	-	Os01g0197200
rice	IRGSP-1.0	1	5256634	5257053	+	Os01g0197350
rice	IRGSP-1.0	1	5258298	5260964	+	Os01g0197400
rice	IRGSP-1.0	1	5261189	5263102	-	Os01g0197450
rice	IRGSP-1.0	1	5264691	5266158	-	Os01g0197500
rice	IRGSP-1.0	1	5270449	5275585	-	Os01g0197700
rice	IRGSP-1.0	1	5288136	5302247	-	Os01g0197900
rice	IRGSP-1.0	1	5307415	5324478	-	Os01g0198000
rice	IRGSP-1.0	1	5329063	5335518	-	Os01g0198200
rice	IRGSP-1.0	1	5330676	5333955	+	Os01g0198250
rice	IRGSP-1.0	1	5352505	5353607	-	Os01g0198500
rice	IRGSP-1.0	1	5361440	5362677	-	Os01g0198702
rice	IRGSP-1.0	1	5373630	5374681	+	Os01g0198900
rice	IRGSP-1.0	1	5384196	5385088	+	Os01g0199300
rice	IRGSP-1.0	1	5389837	5394412	-	Os01g0199400
rice	IRGSP-1.0	1	5398321	5402018	-	Os01g0199700
rice	IRGSP-1.0	1	5406050	5412737	+	Os01g0199900
rice	IRGSP-1.0	1	5410930	5412355	-	Os01g0199950
rice	IRGSP-1.0	1	5413595	5416778	-	Os01g0200000
rice	IRGSP-1.0	1	5414253	5416534	+	Os01g0200150
rice	IRGSP-1.0	1	5424059	5424581	+	Os01g0200200
rice	IRGSP-1.0	1	5426582	5429390	-	Os01g0200300
rice	IRGSP-1.0	1	5426719	5431404	+	Os01g0200350
rice	IRGSP-1.0	1	5435443	5442646	-	Os01g0200400
rice	IRGSP-1.0	1	5442866	5446246	+	Os01g0200500
rice	IRGSP-1.0	1	5454772	5455667	-	Os01g0200600
rice	IRGSP-1.0	1	5478545	5479749	+	Os01g0200700
rice	IRGSP-1.0	1	5498215	5499226	+	Os01g0201000
rice	IRGSP-1.0	1	5507567	5509494	+	Os01g0201100
rice	IRGSP-1.0	1	5510522	5514454	-	Os01g0201200
rice	IRGSP-1.0	1	5529876	5531014	-	Os01g0201250
rice	IRGSP-1.0	1	5530408	5531111	+	Os01g0201275
rice	IRGSP-1.0	1	5540631	5541520	-	Os01g0201400
rice	IRGSP-1.0	1	5543648	5544544	-	Os01g0201500
rice	IRGSP-1.0	1	5549651	5551003	-	Os01g0201600
rice	IRGSP-1.0	1	5559532	5568924	-	Os01g0201700
rice	IRGSP-1.0	1	5579959	5585078	-	Os01g0201800
rice	IRGSP-1.0	1	5581650	5588943	+	Os01g0201850
rice	IRGSP-1.0	1	5591697	5596237	-	Os01g0201900
rice	IRGSP-1.0	1	5639835	5641475	+	Os01g0202500
rice	IRGSP-1.0	1	5645689	5646994	+	Os01g0202601
rice	IRGSP-1.0	1	5652593	5655352	+	Os01g0202700
rice	IRGSP-1.0	1	5663306	5665832	-	Os01g0202800
rice	IRGSP-1.0	1	5669291	5671467	-	Os01g0203000
rice	IRGSP-1.0	1	5675669	5679548	-	Os01g0203300
rice	IRGSP-1.0	1	5685594	5686401	+	Os01g0203400
rice	IRGSP-1.0	1	5699652	5707756	-	Os01g0203800
rice	IRGSP-1.0	1	5699710	5701591	+	Os01g0203900
rice	IRGSP-1.0	1	5718902	5724184	-	Os01g0204000
rice	IRGSP-1.0	1	5760486	5764602	+	Os01g0205100
rice	IRGSP-1.0	1	5764652	5766659	-	Os01g0205200
rice	IRGSP-1.0	1	5768175	5769203	+	Os01g0205300
rice	IRGSP-1.0	1	5770062	5772270	+	Os01g0205500
rice	IRGSP-1.0	1	5773300	5774176	+	Os01g0205600
rice	IRGSP-1.0	1	5774293	5778466	-	Os01g0205700
rice	IRGSP-1.0	1	5789333	5790753	+	Os01g0205900
rice	IRGSP-1.0	1	5794832	5797674	-	Os01g0206200
rice	IRGSP-1.0	1	5799607	5801142	+	Os01g0206300
rice	IRGSP-1.0	1	5807990	5808568	+	Os01g0206600
rice	IRGSP-1.0	1	5809141	5811560	+	Os01g0206650
rice	IRGSP-1.0	1	5809589	5811510	-	Os01g0206700
rice	IRGSP-1.0	1	5814827	5819207	-	Os01g0206800
rice	IRGSP-1.0	1	5815059	5819001	+	Os01g0207001
rice	IRGSP-1.0	1	5828556	5830828	-	Os01g0207200
rice	IRGSP-1.0	1	5833613	5834107	-	Os01g0207300
rice	IRGSP-1.0	1	5837660	5838639	-	Os01g0207400
rice	IRGSP-1.0	1	5841728	5843767	+	Os01g0207500
rice	IRGSP-1.0	1	5841736	5843671	-	Os01g0207600
rice	IRGSP-1.0	1	5848166	5848945	+	Os01g0207700
rice	IRGSP-1.0	1	5856444	5857920	+	Os01g0207900
rice	IRGSP-1.0	1	5862946	5863577	+	Os01g0208000
rice	IRGSP-1.0	1	5875794	5877849	-	Os01g0208400
rice	IRGSP-1.0	1	5890605	5898224	+	Os01g0208600
rice	IRGSP-1.0	1	5899561	5909560	+	Os01g0208700
rice	IRGSP-1.0	1	5907081	5908615	-	Os01g0208800
rice	IRGSP-1.0	1	5911506	5916779	+	Os01g0209000
rice	IRGSP-1.0	1	5920696	5921382	-	Os01g0209150
rice	IRGSP-1.0	1	5921759	5934109	+	Os01g0209200
rice	IRGSP-1.0	1	5934586	5939516	-	Os01g0209400
rice	IRGSP-1.0	1	5945633	5954315	-	Os01g0209500
rice	IRGSP-1.0	1	5945746	5946990	+	Os01g0209566
rice	IRGSP-1.0	1	5968819	5972489	-	Os01g0209700
rice	IRGSP-1.0	1	5969790	5972419	+	Os01g0209750
rice	IRGSP-1.0	1	5983626	5985875	-	Os01g0209800
rice	IRGSP-1.0	1	5983849	5985803	+	Os01g0209901
rice	IRGSP-1.0	1	6000333	6000920	-	Os01g0210200
rice	IRGSP-1.0	1	6003524	6004869	+	Os01g0210300
rice	IRGSP-1.0	1	6005040	6007163	-	Os01g0210400
rice	IRGSP-1.0	1	6007921	6009027	-	Os01g0210500
rice	IRGSP-1.0	1	6008725	6009183	+	Os01g0210550
rice	IRGSP-1.0	1	6010862	6011818	-	Os01g0210600
rice	IRGSP-1.0	1	6017742	6022156	-	Os01g0210700
rice	IRGSP-1.0	1	6017896	6022072	+	Os01g0210750
rice	IRGSP-1.0	1	6025074	6029638	+	Os01g0210800
rice	IRGSP-1.0	1	6031025	6032833	-	Os01g0210900
rice	IRGSP-1.0	1	6037454	6039022	-	Os01g0211000
rice	IRGSP-1.0	1	6057440	6058954	-	Os01g0211200
rice	IRGSP-1.0	1	6076731	6078239	-	Os01g0211600
rice	IRGSP-1.0	1	6094692	6096528	-	Os01g0211800
rice	IRGSP-1.0	1	6109134	6109760	+	Os01g0212000
rice	IRGSP-1.0	1	6112811	6132696	+	Os01g0212100
rice	IRGSP-1.0	1	6134203	6139136	+	Os01g0212400
rice	IRGSP-1.0	1	6139624	6141644	-	Os01g0212500
rice	IRGSP-1.0	1	6172143	6173186	-	Os01g0212700
rice	IRGSP-1.0	1	6182929	6183873	+	Os01g0212900
rice	IRGSP-1.0	1	6185622	6189219	-	Os01g0213100
rice	IRGSP-1.0	1	6191927	6193745	+	Os01g0213300
rice	IRGSP-1.0	1	6195350	6199436	+	Os01g0213350
rice	IRGSP-1.0	1	6199245	6200202	-	Os01g0213400
rice	IRGSP-1.0	1	6221640	6224242	-	Os01g0213800
rice	IRGSP-1.0	1	6221644	6224197	+	Os01g0214001
rice	IRGSP-1.0	1	6242516	6244879	-	Os01g0214200
rice	IRGSP-1.0	1	6248293	6253373	+	Os01g0214300
rice	IRGSP-1.0	1	6253793	6256906	+	Os01g0214400
rice	IRGSP-1.0	1	6257846	6258501	+	Os01g0214500
rice	IRGSP-1.0	1	6267440	6270770	+	Os01g0214600
rice	IRGSP-1.0	1	6278520	6283559	+	Os01g0214800
rice	IRGSP-1.0	1	6278711	6283235	-	Os01g0214901
rice	IRGSP-1.0	1	6288365	6292301	+	Os01g0215000
rice	IRGSP-1.0	1	6296963	6297334	+	Os01g0215100
rice	IRGSP-1.0	1	6304802	6306605	+	Os01g0215500
rice	IRGSP-1.0	1	6319130	6322451	+	Os01g0215700
rice	IRGSP-1.0	1	6319466	6322051	-	Os01g0215725
rice	IRGSP-1.0	1	6326282	6329098	+	Os01g0215750
rice	IRGSP-1.0	1	6340836	6344286	+	Os01g0216000
rice	IRGSP-1.0	1	6340983	6343950	-	Os01g0216150
rice	IRGSP-1.0	1	6352582	6358355	+	Os01g0216300
rice	IRGSP-1.0	1	6353714	6357017	-	Os01g0216350
rice	IRGSP-1.0	1	6361526	6363457	+	Os01g0216400
rice	IRGSP-1.0	1	6365063	6367057	+	Os01g0216500
rice	IRGSP-1.0	1	6365099	6366237	-	Os01g0216600
rice	IRGSP-1.0	1	6374207	6381837	+	Os01g0216900
rice	IRGSP-1.0	1	6387691	6391467	-	Os01g0217000
rice	IRGSP-1.0	1	6388780	6390920	+	Os01g0217050
rice	IRGSP-1.0	1	6394270	6395665	+	Os01g0217100
rice	IRGSP-1.0	1	6402871	6405410	-	Os01g0217400
rice	IRGSP-1.0	1	6412786	6419867	+	Os01g0217500
rice	IRGSP-1.0	1	6432336	6435651	+	Os01g0217800
rice	IRGSP-1.0	1	6444246	6456068	+	Os01g0218032
rice	IRGSP-1.0	1	6462770	6465035	+	Os01g0218100
rice	IRGSP-1.0	1	6471789	6476664	+	Os01g0218200
rice	IRGSP-1.0	1	6471818	6476650	-	Os01g0218350
rice	IRGSP-1.0	1	6494446	6499766	+	Os01g0218500
rice	IRGSP-1.0	1	6500709	6507086	-	Os01g0218700
rice	IRGSP-1.0	1	6507356	6514640	-	Os01g0218800
rice	IRGSP-1.0	1	6518152	6521026	-	Os01g0218900
rice	IRGSP-1.0	1	6523644	6524609	+	Os01g0219000
rice	IRGSP-1.0	1	6525486	6528178	+	Os01g0219100
rice	IRGSP-1.0	1	6528797	6531845	+	Os01g0219200
rice	IRGSP-1.0	1	6534612	6535829	+	Os01g0219300
rice	IRGSP-1.0	1	6541008	6543076	+	Os01g0219500
rice	IRGSP-1.0	1	6541971	6544461	-	Os01g0219600
rice	IRGSP-1.0	1	6564697	6568140	-	Os01g0220100
rice	IRGSP-1.0	1	6565814	6568033	+	Os01g0220150
rice	IRGSP-1.0	1	6575127	6577148	-	Os01g0220200
rice	IRGSP-1.0	1	6583687	6587107	+	Os01g0220300
rice	IRGSP-1.0	1	6587146	6587940	-	Os01g0220400
rice	IRGSP-1.0	1	6590983	6592142	-	Os01g0220500
rice	IRGSP-1.0	1	6612386	6613717	-	Os01g0220700
rice	IRGSP-1.0	1	6617011	6618001	+	Os01g0220801
rice	IRGSP-1.0	1	6617173	6621786	-	Os01g0220900
rice	IRGSP-1.0	1	6625041	6625522	+	Os01g0221000
rice	IRGSP-1.0	1	6626040	6630462	-	Os01g0221100
rice	IRGSP-1.0	1	6642665	6645159	-	Os01g0221300
rice	IRGSP-1.0	1	6649853	6650092	+	Os01g0221400
rice	IRGSP-1.0	1	6653148	6655290	+	Os01g0221500
rice	IRGSP-1.0	1	6659237	6662320	+	Os01g0221600
rice	IRGSP-1.0	1	6663533	6666725	+	Os01g0221700
rice	IRGSP-1.0	1	6667724	6670479	-	Os01g0221900
rice	IRGSP-1.0	1	6676522	6678026	-	Os01g0222001
rice	IRGSP-1.0	1	6694030	6696795	-	Os01g0222300
rice	IRGSP-1.0	1	6699636	6703371	-	Os01g0222500
rice	IRGSP-1.0	1	6704187	6704746	-	Os01g0222600
rice	IRGSP-1.0	1	6705859	6710552	-	Os01g0222700
rice	IRGSP-1.0	1	6713909	6714986	+	Os01g0222800
rice	IRGSP-1.0	1	6715521	6716305	+	Os01g0222900
rice	IRGSP-1.0	1	6718349	6719944	-	Os01g0223000
rice	IRGSP-1.0	1	6724946	6728538	-	Os01g0223200
rice	IRGSP-1.0	1	6732152	6735482	+	Os01g0223300
rice	IRGSP-1.0	1	6765268	6765888	-	Os01g0223500
rice	IRGSP-1.0	1	6766511	6770164	-	Os01g0223600
rice	IRGSP-1.0	1	6774202	6776856	-	Os01g0223700
rice	IRGSP-1.0	1	6781919	6784207	-	Os01g0223800
rice	IRGSP-1.0	1	6787094	6789730	+	Os01g0223900
rice	IRGSP-1.0	1	6790903	6793320	-	Os01g0224000
rice	IRGSP-1.0	1	6813719	6815534	+	Os01g0224100
rice	IRGSP-1.0	1	6828512	6829334	+	Os01g0224166
rice	IRGSP-1.0	1	6830317	6832770	-	Os01g0224200
rice	IRGSP-1.0	1	6833058	6835244	+	Os01g0224300
rice	IRGSP-1.0	1	6838234	6841165	+	Os01g0224400
rice	IRGSP-1.0	1	6841600	6843524	-	Os01g0224500
rice	IRGSP-1.0	1	6857345	6860952	+	Os01g0224700
rice	IRGSP-1.0	1	6879860	6881980	-	Os01g0225000
rice	IRGSP-1.0	1	6889444	6896387	+	Os01g0225100
rice	IRGSP-1.0	1	6897571	6904232	+	Os01g0225200
rice	IRGSP-1.0	1	6906353	6909594	+	Os01g0225300
rice	IRGSP-1.0	1	6909800	6910700	-	Os01g0225400
rice	IRGSP-1.0	1	6912812	6915127	-	Os01g0225500
rice	IRGSP-1.0	1	6922127	6922762	-	Os01g0225600
rice	IRGSP-1.0	1	6922190	6923336	+	Os01g0225550
rice	IRGSP-1.0	1	6925469	6925910	+	Os01g0225700
rice	IRGSP-1.0	1	6957350	6958652	-	Os01g0226200
rice	IRGSP-1.0	1	6968951	6970078	+	Os01g0226300
rice	IRGSP-1.0	1	6970912	6976706	-	Os01g0226400
rice	IRGSP-1.0	1	6971042	6976599	+	Os01g0226450
rice	IRGSP-1.0	1	6979616	6985720	+	Os01g0226500
rice	IRGSP-1.0	1	6987901	6994006	+	Os01g0226600
rice	IRGSP-1.0	1	7008989	7010250	-	Os01g0226666
rice	IRGSP-1.0	1	7009033	7010446	+	Os01g0226700
rice	IRGSP-1.0	1	7024297	7030591	+	Os01g0227100
rice	IRGSP-1.0	1	7038103	7042925	+	Os01g0227200
rice	IRGSP-1.0	1	7039880	7042890	-	Os01g0227250
rice	IRGSP-1.0	1	7044012	7047544	+	Os01g0227300
rice	IRGSP-1.0	1	7048457	7050422	-	Os01g0227350
rice	IRGSP-1.0	1	7049941	7050874	+	Os01g0227400
rice	IRGSP-1.0	1	7053100	7056373	+	Os01g0227500
rice	IRGSP-1.0	1	7061377	7065249	+	Os01g0227700
rice	IRGSP-1.0	1	7071481	7073788	+	Os01g0227800
rice	IRGSP-1.0	1	7085873	7089172	-	Os01g0228300
rice	IRGSP-1.0	1	7092034	7095315	+	Os01g0228400
rice	IRGSP-1.0	1	7092967	7095091	-	Os01g0228450
rice	IRGSP-1.0	1	7095864	7097381	-	Os01g0228500
rice	IRGSP-1.0	1	7100070	7103266	-	Os01g0228600
rice	IRGSP-1.0	1	7104701	7109095	-	Os01g0228800
rice	IRGSP-1.0	1	7115785	7124100	-	Os01g0228901
rice	IRGSP-1.0	1	7121191	7123857	+	Os01g0229000
rice	IRGSP-1.0	1	7125406	7128899	-	Os01g0229100
rice	IRGSP-1.0	1	7129236	7137327	+	Os01g0229200
rice	IRGSP-1.0	1	7129396	7136089	-	Os01g0229250
rice	IRGSP-1.0	1	7157780	7164385	+	Os01g0229300
rice	IRGSP-1.0	1	7164735	7167419	-	Os01g0229400
rice	IRGSP-1.0	1	7173618	7175779	+	Os01g0229500
rice	IRGSP-1.0	1	7176001	7177050	+	Os01g0229600
rice	IRGSP-1.0	1	7177355	7182348	-	Os01g0229700
rice	IRGSP-1.0	1	7186356	7186820	-	Os01g0229800
rice	IRGSP-1.0	1	7197022	7209085	+	Os01g0229900
rice	IRGSP-1.0	1	7216513	7225127	-	Os01g0230200
rice	IRGSP-1.0	1	7238851	7243073	+	Os01g0230700
rice	IRGSP-1.0	1	7244982	7246003	-	Os01g0230800
rice	IRGSP-1.0	1	7249771	7254629	+	Os01g0231000
rice	IRGSP-1.0	1	7265286	7273208	+	Os01g0231500
rice	IRGSP-1.0	1	7277271	7277972	+	Os01g0231600
rice	IRGSP-1.0	1	7278745	7280241	-	Os01g0231700
rice	IRGSP-1.0	1	7282051	7285991	+	Os01g0231800
rice	IRGSP-1.0	1	7287974	7294209	+	Os01g0231900
rice	IRGSP-1.0	1	7297781	7298619	+	Os01g0232000
rice	IRGSP-1.0	1	7297999	7298608	-	Os01g0231950
rice	IRGSP-1.0	1	7302563	7303771	+	Os01g0232100
rice	IRGSP-1.0	1	7307881	7309458	-	Os01g0232200
rice	IRGSP-1.0	1	7325060	7332216	+	Os01g0232300
rice	IRGSP-1.0	1	7333827	7339244	+	Os01g0232400
rice	IRGSP-1.0	1	7335045	7336010	-	Os01g0232450
rice	IRGSP-1.0	1	7340717	7345302	+	Os01g0232500
rice	IRGSP-1.0	1	7344009	7345200	-	Os01g0232550
rice	IRGSP-1.0	1	7348585	7352104	+	Os01g0232700
rice	IRGSP-1.0	1	7352223	7357332	-	Os01g0232800
rice	IRGSP-1.0	1	7363663	7366111	-	Os01g0233000
rice	IRGSP-1.0	1	7370362	7381112	-	Os01g0233100
rice	IRGSP-1.0	1	7385895	7388164	+	Os01g0233400
rice	IRGSP-1.0	1	7389373	7393708	-	Os01g0233500
rice	IRGSP-1.0	1	7400509	7404310	+	Os01g0233800
rice	IRGSP-1.0	1	7403181	7404029	-	Os01g0233850
rice	IRGSP-1.0	1	7404911	7409638	-	Os01g0233900
rice	IRGSP-1.0	1	7414867	7415353	-	Os01g0234001
rice	IRGSP-1.0	1	7417303	7422388	+	Os01g0234100
rice	IRGSP-1.0	1	7424284	7427642	-	Os01g0234200
rice	IRGSP-1.0	1	7429384	7430544	+	Os01g0234300
rice	IRGSP-1.0	1	7430381	7431332	-	Os01g0234433
rice	IRGSP-1.0	1	7430568	7431335	+	Os01g0234499
rice	IRGSP-1.0	1	7437869	7438888	+	Os01g0234700
rice	IRGSP-1.0	1	7438862	7443214	-	Os01g0234800
rice	IRGSP-1.0	1	7443724	7447193	-	Os01g0234850
rice	IRGSP-1.0	1	7450936	7453683	-	Os01g0234900
rice	IRGSP-1.0	1	7457835	7459834	+	Os01g0235100
rice	IRGSP-1.0	1	7460350	7465533	-	Os01g0235200
rice	IRGSP-1.0	1	7470710	7472729	+	Os01g0235300
rice	IRGSP-1.0	1	7470743	7471026	-	Os01g0235325
rice	IRGSP-1.0	1	7473271	7476621	-	Os01g0235350
rice	IRGSP-1.0	1	7477678	7482814	-	Os01g0235400
rice	IRGSP-1.0	1	7484910	7485725	+	Os01g0235500
rice	IRGSP-1.0	1	7495062	7498355	+	Os01g0235632
rice	IRGSP-1.0	1	7495121	7498347	-	Os01g0235700
rice	IRGSP-1.0	1	7507583	7511672	+	Os01g0235800
rice	IRGSP-1.0	1	7517312	7518483	-	Os01g0235850
rice	IRGSP-1.0	1	7517314	7518489	+	Os01g0235900
rice	IRGSP-1.0	1	7519617	7524433	+	Os01g0236000
rice	IRGSP-1.0	1	7547017	7551856	+	Os01g0236300
rice	IRGSP-1.0	1	7557338	7560496	+	Os01g0236400
rice	IRGSP-1.0	1	7571236	7576792	+	Os01g0236700
rice	IRGSP-1.0	1	7578100	7582923	-	Os01g0236800
rice	IRGSP-1.0	1	7579824	7582828	+	Os01g0236900
rice	IRGSP-1.0	1	7588191	7589529	+	Os01g0237000
rice	IRGSP-1.0	1	7590433	7592743	-	Os01g0237100
rice	IRGSP-1.0	1	7594516	7595607	-	Os01g0237200
rice	IRGSP-1.0	1	7605441	7606545	-	Os01g0237366
rice	IRGSP-1.0	1	7615973	7617208	-	Os01g0237400
rice	IRGSP-1.0	1	7619082	7620013	-	Os01g0237500
rice	IRGSP-1.0	1	7624002	7624487	-	Os01g0237750
rice	IRGSP-1.0	1	7652967	7656516	-	Os01g0238200
rice	IRGSP-1.0	1	7656089	7656431	+	Os01g0238287
rice	IRGSP-1.0	1	7660812	7661458	+	Os01g0238375
rice	IRGSP-1.0	1	7665423	7668089	+	Os01g0238500
rice	IRGSP-1.0	1	7670071	7672734	+	Os01g0238600
rice	IRGSP-1.0	1	7673033	7676401	+	Os01g0238700
rice	IRGSP-1.0	1	7677180	7678862	-	Os01g0238800
rice	IRGSP-1.0	1	7677950	7678911	+	Os01g0238850
rice	IRGSP-1.0	1	7679009	7685849	+	Os01g0238900
rice	IRGSP-1.0	1	7686901	7693984	-	Os01g0239000
rice	IRGSP-1.0	1	7712339	7721253	+	Os01g0239100
rice	IRGSP-1.0	1	7712627	7717022	-	Os01g0239150
rice	IRGSP-1.0	1	7718270	7722217	-	Os01g0239200
rice	IRGSP-1.0	1	7724314	7725532	+	Os01g0239300
rice	IRGSP-1.0	1	7739074	7742878	+	Os01g0239700
rice	IRGSP-1.0	1	7771395	7774272	+	Os01g0240600
rice	IRGSP-1.0	1	7776045	7778090	+	Os01g0240700
rice	IRGSP-1.0	1	7776076	7776733	-	Os01g0240725
rice	IRGSP-1.0	1	7804166	7805788	+	Os01g0241000
rice	IRGSP-1.0	1	7806682	7810887	-	Os01g0241100
rice	IRGSP-1.0	1	7817704	7818394	+	Os01g0241400
rice	IRGSP-1.0	1	7847490	7849833	+	Os01g0242200
rice	IRGSP-1.0	1	7852689	7855760	+	Os01g0242300
rice	IRGSP-1.0	1	7856373	7857611	+	Os01g0242400
rice	IRGSP-1.0	1	7857828	7860061	-	Os01g0242500
rice	IRGSP-1.0	1	7862065	7867775	-	Os01g0242600
rice	IRGSP-1.0	1	7871885	7876344	-	Os01g0242800
rice	IRGSP-1.0	1	7876239	7878776	+	Os01g0242900
rice	IRGSP-1.0	1	7880003	7882578	-	Os01g0243000
rice	IRGSP-1.0	1	7891541	7894719	+	Os01g0243100
rice	IRGSP-1.0	1	7894961	7900550	-	Os01g0243200
rice	IRGSP-1.0	1	7900010	7900874	+	Os01g0243300
rice	IRGSP-1.0	1	7903316	7903956	-	Os01g0243400
rice	IRGSP-1.0	1	7926858	7927564	-	Os01g0243600
rice	IRGSP-1.0	1	7928090	7929762	-	Os01g0243700
rice	IRGSP-1.0	1	7932090	7933689	-	Os01g0243800
rice	IRGSP-1.0	1	7942924	7943837	+	Os01g0243901
rice	IRGSP-1.0	1	7945561	7946955	-	Os01g0244000
rice	IRGSP-1.0	1	7969745	7970752	-	Os01g0244150
rice	IRGSP-1.0	1	7971864	7974941	-	Os01g0244400
rice	IRGSP-1.0	1	8004164	8005216	-	Os01g0245000
rice	IRGSP-1.0	1	8023787	8025021	-	Os01g0245532
rice	IRGSP-1.0	1	8030884	8031842	+	Os01g0245600
rice	IRGSP-1.0	1	8033763	8035082	-	Os01g0245700
rice	IRGSP-1.0	1	8038422	8039750	-	Os01g0245901
rice	IRGSP-1.0	1	8047388	8055598	-	Os01g0246100
rice	IRGSP-1.0	1	8057414	8062717	-	Os01g0246200
rice	IRGSP-1.0	1	8061858	8062892	+	Os01g0246400
rice	IRGSP-1.0	1	8064860	8069013	-	Os01g0246500
rice	IRGSP-1.0	1	8071122	8071808	-	Os01g0246601
rice	IRGSP-1.0	1	8084184	8086980	+	Os01g0246700
rice	IRGSP-1.0	1	8125672	8128014	-	Os01g0247500
rice	IRGSP-1.0	1	8126659	8127416	+	Os01g0247550
rice	IRGSP-1.0	1	8130258	8130932	+	Os01g0247600
rice	IRGSP-1.0	1	8132699	8135454	-	Os01g0247700
rice	IRGSP-1.0	1	8146442	8148059	-	Os01g0247900
rice	IRGSP-1.0	1	8152795	8153685	-	Os01g0248000
rice	IRGSP-1.0	1	8159901	8161287	+	Os01g0248300
rice	IRGSP-1.0	1	8159918	8160693	-	Os01g0248350
rice	IRGSP-1.0	1	8170309	8175903	+	Os01g0248400
rice	IRGSP-1.0	1	8175587	8177889	-	Os01g0248500
rice	IRGSP-1.0	1	8179040	8183108	-	Os01g0248600
rice	IRGSP-1.0	1	8191077	8192462	+	Os01g0248701
rice	IRGSP-1.0	1	8193455	8194256	+	Os01g0248800
rice	IRGSP-1.0	1	8193566	8194125	-	Os01g0248850
rice	IRGSP-1.0	1	8196083	8197096	-	Os01g0248900
rice	IRGSP-1.0	1	8201959	8202513	+	Os01g0249050
rice	IRGSP-1.0	1	8202020	8202772	-	Os01g0249100
rice	IRGSP-1.0	1	8203832	8206969	-	Os01g0249200
rice	IRGSP-1.0	1	8212469	8215133	-	Os01g0249300
rice	IRGSP-1.0	1	8229331	8229903	+	Os01g0249700
rice	IRGSP-1.0	1	8233016	8233871	+	Os01g0249800
rice	IRGSP-1.0	1	8234625	8235833	-	Os01g0249900
rice	IRGSP-1.0	1	8247740	8247985	-	Os01g0250200
rice	IRGSP-1.0	1	8269588	8272570	+	Os01g0250600
rice	IRGSP-1.0	1	8275474	8283959	+	Os01g0250900
rice	IRGSP-1.0	1	8284469	8289120	+	Os01g0251000
rice	IRGSP-1.0	1	8291337	8296089	+	Os01g0251100
rice	IRGSP-1.0	1	8297615	8302401	+	Os01g0251200
rice	IRGSP-1.0	1	8305749	8306555	-	Os01g0251400
rice	IRGSP-1.0	1	8329791	8333933	+	Os01g0252100
rice	IRGSP-1.0	1	8331441	8333267	-	Os01g0252150
rice	IRGSP-1.0	1	8334519	8338574	+	Os01g0252200
rice	IRGSP-1.0	1	8339050	8339456	-	Os01g0252300
rice	IRGSP-1.0	1	8339174	8339709	+	Os01g0252400
rice	IRGSP-1.0	1	8344471	8346041	+	Os01g0252600
rice	IRGSP-1.0	1	8359017	8362270	-	Os01g0252900
rice	IRGSP-1.0	1	8364116	8365711	-	Os01g0253000
rice	IRGSP-1.0	1	8364602	8366959	+	Os01g0253050
rice	IRGSP-1.0	1	8367189	8375401	-	Os01g0253100
rice	IRGSP-1.0	1	8380048	8380745	+	Os01g0253200
rice	IRGSP-1.0	1	8382115	8387231	+	Os01g0253300
rice	IRGSP-1.0	1	8387589	8388859	-	Os01g0253400
rice	IRGSP-1.0	1	8394453	8395607	+	Os01g0253500
rice	IRGSP-1.0	1	8396551	8398584	-	Os01g0253600
rice	IRGSP-1.0	1	8401548	8402325	-	Os01g0253800
rice	IRGSP-1.0	1	8404247	8408353	+	Os01g0253900
rice	IRGSP-1.0	1	8413916	8418925	-	Os01g0254000
rice	IRGSP-1.0	1	8420995	8430280	-	Os01g0254100
rice	IRGSP-1.0	1	8444463	8447053	-	Os01g0254200
rice	IRGSP-1.0	1	8447731	8451489	-	Os01g0254300
rice	IRGSP-1.0	1	8448082	8450982	+	Os01g0254350
rice	IRGSP-1.0	1	8455342	8456022	+	Os01g0254400
rice	IRGSP-1.0	1	8466262	8469359	-	Os01g0254800
rice	IRGSP-1.0	1	8471334	8472108	-	Os01g0254850
rice	IRGSP-1.0	1	8475504	8479452	-	Os01g0254900
rice	IRGSP-1.0	1	8478876	8479870	+	Os01g0254950
rice	IRGSP-1.0	1	8486578	8489618	+	Os01g0255000
rice	IRGSP-1.0	1	8490582	8492345	+	Os01g0255100
rice	IRGSP-1.0	1	8523748	8525716	-	Os01g0255700
rice	IRGSP-1.0	1	8535675	8537264	-	Os01g0256300
rice	IRGSP-1.0	1	8540755	8544460	+	Os01g0256400
rice	IRGSP-1.0	1	8546065	8546869	-	Os01g0256500
rice	IRGSP-1.0	1	8555289	8557146	-	Os01g0256600
rice	IRGSP-1.0	1	8560625	8569629	-	Os01g0256800
rice	IRGSP-1.0	1	8570880	8574555	-	Os01g0256900
rice	IRGSP-1.0	1	8577244	8577934	-	Os01g0257100
rice	IRGSP-1.0	1	8586157	8586941	-	Os01g0257300
rice	IRGSP-1.0	1	8593792	8599448	-	Os01g0257400
rice	IRGSP-1.0	1	8626746	8630032	-	Os01g0257900
rice	IRGSP-1.0	1	8627878	8629136	+	Os01g0258000
rice	IRGSP-1.0	1	8630485	8633592	-	Os01g0258100
rice	IRGSP-1.0	1	8657066	8658466	+	Os01g0258600
rice	IRGSP-1.0	1	8659413	8664796	-	Os01g0258700
rice	IRGSP-1.0	1	8683011	8687579	+	Os01g0259200
rice	IRGSP-1.0	1	8691829	8699628	-	Os01g0259400
rice	IRGSP-1.0	1	8701299	8708612	-	Os01g0259600
rice	IRGSP-1.0	1	8718704	8720961	+	Os01g0259900
rice	IRGSP-1.0	1	8733343	8734486	+	Os01g0260000
rice	IRGSP-1.0	1	8734767	8741720	-	Os01g0260100
rice	IRGSP-1.0	1	8747124	8753486	+	Os01g0260500
rice	IRGSP-1.0	1	8759419	8763457	+	Os01g0260700
rice	IRGSP-1.0	1	8767828	8773510	+	Os01g0260800
rice	IRGSP-1.0	1	8783473	8785385	+	Os01g0260950
rice	IRGSP-1.0	1	8786513	8786927	-	Os01g0261000
rice	IRGSP-1.0	1	8786623	8792221	+	Os01g0261100
rice	IRGSP-1.0	1	8792649	8797358	-	Os01g0261200
rice	IRGSP-1.0	1	8809389	8813014	+	Os01g0261500
rice	IRGSP-1.0	1	8816863	8818318	-	Os01g0261600
rice	IRGSP-1.0	1	8821136	8822609	-	Os01g0261700
rice	IRGSP-1.0	1	8835574	8837029	+	Os01g0262000
rice	IRGSP-1.0	1	8856489	8857022	-	Os01g0262401
rice	IRGSP-1.0	1	8883493	8885388	+	Os01g0262500
rice	IRGSP-1.0	1	8885632	8892462	-	Os01g0262600
rice	IRGSP-1.0	1	8892598	8900134	+	Os01g0262700
rice	IRGSP-1.0	1	8903598	8905415	-	Os01g0263000
rice	IRGSP-1.0	1	8917756	8919968	+	Os01g0263300
rice	IRGSP-1.0	1	8921590	8924862	-	Os01g0263400
rice	IRGSP-1.0	1	8925072	8929646	+	Os01g0263500
rice	IRGSP-1.0	1	8931299	8948832	+	Os01g0263600
rice	IRGSP-1.0	1	8949337	8951088	-	Os01g0264000
rice	IRGSP-1.0	1	8949612	8950796	+	Os01g0263900
rice	IRGSP-1.0	1	8961073	8966217	+	Os01g0264100
rice	IRGSP-1.0	1	8986253	8987397	+	Os01g0264400
rice	IRGSP-1.0	1	8988911	8992577	+	Os01g0264500
rice	IRGSP-1.0	1	8995314	8996892	+	Os01g0264600
rice	IRGSP-1.0	1	9004534	9008221	-	Os01g0264700
rice	IRGSP-1.0	1	9018144	9019762	+	Os01g0265000
rice	IRGSP-1.0	1	9019849	9024048	-	Os01g0265100
rice	IRGSP-1.0	1	9024970	9028874	-	Os01g0265200
rice	IRGSP-1.0	1	9040786	9053950	-	Os01g0265400
rice	IRGSP-1.0	1	9057858	9061022	-	Os01g0265700
rice	IRGSP-1.0	1	9063968	9066786	-	Os01g0265800
rice	IRGSP-1.0	1	9067828	9071250	-	Os01g0265900
rice	IRGSP-1.0	1	9074613	9083794	+	Os01g0266000
rice	IRGSP-1.0	1	9088088	9089013	+	Os01g0266100
rice	IRGSP-1.0	1	9095173	9099512	+	Os01g0266200
rice	IRGSP-1.0	1	9113868	9114423	+	Os01g0266400
rice	IRGSP-1.0	1	9114579	9117424	-	Os01g0266500
rice	IRGSP-1.0	1	9118186	9121411	-	Os01g0266600
rice	IRGSP-1.0	1	9133740	9140430	-	Os01g0266800
rice	IRGSP-1.0	1	9159753	9165677	+	Os01g0267100
rice	IRGSP-1.0	1	9166370	9169867	+	Os01g0267200
rice	IRGSP-1.0	1	9171328	9172907	+	Os01g0267300
rice	IRGSP-1.0	1	9173234	9175902	-	Os01g0267400
rice	IRGSP-1.0	1	9179218	9181984	-	Os01g0267600
rice	IRGSP-1.0	1	9192164	9193439	+	Os01g0267800
rice	IRGSP-1.0	1	9195546	9198962	-	Os01g0267900
rice	IRGSP-1.0	1	9201354	9202372	+	Os01g0268000
rice	IRGSP-1.0	1	9204377	9211643	-	Os01g0268100
rice	IRGSP-1.0	1	9225213	9237025	+	Os01g0268300
rice	IRGSP-1.0	1	9245577	9253404	+	Os01g0268600
rice	IRGSP-1.0	1	9253938	9255239	-	Os01g0268700
rice	IRGSP-1.0	1	9254067	9255167	+	Os01g0268733
rice	IRGSP-1.0	1	9259148	9264227	+	Os01g0268800
rice	IRGSP-1.0	1	9264978	9268375	+	Os01g0268900
rice	IRGSP-1.0	1	9268690	9272912	-	Os01g0269000
rice	IRGSP-1.0	1	9273876	9279031	-	Os01g0269100
rice	IRGSP-1.0	1	9293193	9299711	+	Os01g0269500
rice	IRGSP-1.0	1	9300816	9304312	+	Os01g0269550
rice	IRGSP-1.0	1	9316276	9318060	+	Os01g0269800
rice	IRGSP-1.0	1	9319015	9323339	-	Os01g0269900
rice	IRGSP-1.0	1	9319350	9321607	+	Os01g0269950
rice	IRGSP-1.0	1	9325669	9329331	-	Os01g0270100
rice	IRGSP-1.0	1	9339815	9342240	+	Os01g0270300
rice	IRGSP-1.0	1	9341228	9341966	-	Os01g0270501
rice	IRGSP-1.0	1	9348658	9350721	+	Os01g0270700
rice	IRGSP-1.0	1	9370627	9373600	+	Os01g0271000
rice	IRGSP-1.0	1	9373756	9378200	-	Os01g0271200
rice	IRGSP-1.0	1	9379123	9383262	-	Os01g0271400
rice	IRGSP-1.0	1	9386202	9390616	+	Os01g0271500
rice	IRGSP-1.0	1	9394143	9396611	-	Os01g0271700
rice	IRGSP-1.0	1	9424556	9429189	+	Os01g0272600
rice	IRGSP-1.0	1	9424753	9428782	-	Os01g0272650
rice	IRGSP-1.0	1	9429955	9430747	-	Os01g0272700
rice	IRGSP-1.0	1	9431735	9434046	-	Os01g0272800
rice	IRGSP-1.0	1	9431788	9435864	+	Os01g0272850
rice	IRGSP-1.0	1	9438930	9439364	+	Os01g0272901
rice	IRGSP-1.0	1	9441654	9444212	-	Os01g0273000
rice	IRGSP-1.0	1	9445685	9446494	+	Os01g0273100
rice	IRGSP-1.0	1	9447054	9450883	+	Os01g0273150
rice	IRGSP-1.0	1	9447788	9450787	-	Os01g0273200
rice	IRGSP-1.0	1	9454976	9456923	+	Os01g0273300
rice	IRGSP-1.0	1	9470130	9475187	+	Os01g0273500
rice	IRGSP-1.0	1	9488825	9493964	+	Os01g0273800
rice	IRGSP-1.0	1	9492587	9492992	-	Os01g0273850
rice	IRGSP-1.0	1	9495603	9502985	+	Os01g0273900
rice	IRGSP-1.0	1	9512985	9515102	+	Os01g0274100
rice	IRGSP-1.0	1	9513637	9514004	-	Os01g0274201
rice	IRGSP-1.0	1	9519722	9520278	+	Os01g0274300
rice	IRGSP-1.0	1	9526187	9526984	+	Os01g0274500
rice	IRGSP-1.0	1	9558283	9563016	+	Os01g0274601
rice	IRGSP-1.0	1	9567528	9569192	-	Os01g0274800
rice	IRGSP-1.0	1	9586809	9593449	+	Os01g0274901
rice	IRGSP-1.0	1	9613644	9619072	-	Os01g0275200
rice	IRGSP-1.0	1	9625243	9625889	+	Os01g0275300
rice	IRGSP-1.0	1	9626942	9630057	-	Os01g0275500
rice	IRGSP-1.0	1	9631334	9638881	-	Os01g0275600
rice	IRGSP-1.0	1	9644431	9653253	+	Os01g0275800
rice	IRGSP-1.0	1	9644443	9647828	-	Os01g0275900
rice	IRGSP-1.0	1	9648667	9651434	-	Os01g0275950
rice	IRGSP-1.0	1	9658174	9661275	-	Os01g0276000
rice	IRGSP-1.0	1	9665409	9670111	+	Os01g0276100
rice	IRGSP-1.0	1	9671077	9676036	-	Os01g0276200
rice	IRGSP-1.0	1	9679828	9680883	+	Os01g0276300
rice	IRGSP-1.0	1	9682795	9684110	-	Os01g0276400
rice	IRGSP-1.0	1	9684848	9689506	-	Os01g0276500
rice	IRGSP-1.0	1	9690348	9692094	+	Os01g0276600
rice	IRGSP-1.0	1	9694027	9699817	-	Os01g0276700
rice	IRGSP-1.0	1	9702737	9709686	-	Os01g0276800
rice	IRGSP-1.0	1	9711631	9712419	-	Os01g0276900
rice	IRGSP-1.0	1	9727698	9728244	+	Os01g0277100
rice	IRGSP-1.0	1	9733832	9738224	+	Os01g0277500
rice	IRGSP-1.0	1	9738449	9744876	-	Os01g0277600
rice	IRGSP-1.0	1	9750124	9753739	+	Os01g0277700
rice	IRGSP-1.0	1	9770015	9771037	-	Os01g0278000
rice	IRGSP-1.0	1	9787093	9787848	+	Os01g0278050
rice	IRGSP-1.0	1	9788633	9789771	-	Os01g0278100
rice	IRGSP-1.0	1	9793959	9796133	-	Os01g0278200
rice	IRGSP-1.0	1	9816821	9822750	+	Os01g0278600
rice	IRGSP-1.0	1	9859354	9860677	+	Os01g0278900
rice	IRGSP-1.0	1	9863216	9866617	+	Os01g0278950
rice	IRGSP-1.0	1	9863798	9866492	-	Os01g0278975
rice	IRGSP-1.0	1	9866730	9870864	+	Os01g0279000
rice	IRGSP-1.0	1	9874379	9876678	+	Os01g0279100
rice	IRGSP-1.0	1	9878384	9885517	+	Os01g0279200
rice	IRGSP-1.0	1	9887657	9889123	+	Os01g0279300
rice	IRGSP-1.0	1	9889550	9902737	-	Os01g0279400
rice	IRGSP-1.0	1	9892418	9896053	+	Os01g0279500
rice	IRGSP-1.0	1	9913390	9917318	+	Os01g0279700
rice	IRGSP-1.0	1	9917593	9921565	-	Os01g0279800
rice	IRGSP-1.0	1	9928971	9935981	+	Os01g0279900
rice	IRGSP-1.0	1	9936850	9947933	-	Os01g0280000
rice	IRGSP-1.0	1	9954154	9955696	+	Os01g0280200
rice	IRGSP-1.0	1	9962807	9966715	+	Os01g0280400
rice	IRGSP-1.0	1	9967185	9969073	-	Os01g0280500
rice	IRGSP-1.0	1	9969576	9970900	-	Os01g0280600
rice	IRGSP-1.0	1	10003952	10007742	+	Os01g0281000
rice	IRGSP-1.0	1	10004574	10005089	-	Os01g0281050
rice	IRGSP-1.0	1	10008075	10011595	-	Os01g0281100
rice	IRGSP-1.0	1	10011875	10015468	-	Os01g0281200
rice	IRGSP-1.0	1	10012164	10014100	+	Os01g0281250
rice	IRGSP-1.0	1	10019633	10020376	-	Os01g0281301
rice	IRGSP-1.0	1	10021423	10027120	-	Os01g0281400
rice	IRGSP-1.0	1	10048273	10050309	-	Os01g0281600
rice	IRGSP-1.0	1	10074477	10079135	+	Os01g0282251
rice	IRGSP-1.0	1	10099352	10102948	-	Os01g0282800
rice	IRGSP-1.0	1	10099705	10102286	+	Os01g0282866
rice	IRGSP-1.0	1	10113431	10119022	-	Os01g0283000
rice	IRGSP-1.0	1	10119242	10123678	+	Os01g0283100
rice	IRGSP-1.0	1	10134096	10135327	+	Os01g0283300
rice	IRGSP-1.0	1	10136482	10137054	+	Os01g0283400
rice	IRGSP-1.0	1	10137726	10140166	-	Os01g0283500
rice	IRGSP-1.0	1	10144374	10146312	+	Os01g0283600
rice	IRGSP-1.0	1	10148777	10152280	+	Os01g0283700
rice	IRGSP-1.0	1	10164402	10165541	+	Os01g0284300
rice	IRGSP-1.0	1	10167946	10168997	-	Os01g0284500
rice	IRGSP-1.0	1	10193658	10196611	+	Os01g0284700
rice	IRGSP-1.0	1	10200477	10203472	-	Os01g0284900
rice	IRGSP-1.0	1	10214072	10217665	+	Os01g0285200
rice	IRGSP-1.0	1	10217782	10219691	-	Os01g0285300
rice	IRGSP-1.0	1	10264587	10267953	+	Os01g0286000
rice	IRGSP-1.0	1	10271157	10274304	-	Os01g0286100
rice	IRGSP-1.0	1	10272708	10275638	+	Os01g0286200
rice	IRGSP-1.0	1	10289186	10289952	-	Os01g0286500
rice	IRGSP-1.0	1	10291818	10292251	-	Os01g0286550
rice	IRGSP-1.0	1	10291889	10295449	+	Os01g0286600
rice	IRGSP-1.0	1	10312342	10314826	+	Os01g0286900
rice	IRGSP-1.0	1	10333794	10334375	+	Os01g0287400
rice	IRGSP-1.0	1	10342026	10343570	-	Os01g0287600
rice	IRGSP-1.0	1	10346287	10349999	-	Os01g0287700
rice	IRGSP-1.0	1	10366413	10366924	-	Os01g0287900
rice	IRGSP-1.0	1	10369936	10370578	-	Os01g0288200
rice	IRGSP-1.0	1	10398599	10399256	+	Os01g0288700
rice	IRGSP-1.0	1	10399289	10400347	-	Os01g0288800
rice	IRGSP-1.0	1	10432248	10432766	-	Os01g0289100
rice	IRGSP-1.0	1	10471169	10478800	+	Os01g0289600
rice	IRGSP-1.0	1	10477926	10478798	-	Os01g0289732
rice	IRGSP-1.0	1	10488943	10490994	-	Os01g0289900
rice	IRGSP-1.0	1	10489015	10491186	+	Os01g0289950
rice	IRGSP-1.0	1	10492039	10495682	-	Os01g0290000
rice	IRGSP-1.0	1	10496869	10500943	-	Os01g0290100
rice	IRGSP-1.0	1	10509008	10510496	+	Os01g0290600
rice	IRGSP-1.0	1	10515442	10516270	-	Os01g0290700
rice	IRGSP-1.0	1	10516472	10518597	+	Os01g0290800
rice	IRGSP-1.0	1	10561330	10565325	-	Os01g0291500
rice	IRGSP-1.0	1	10561594	10565100	+	Os01g0291733
rice	IRGSP-1.0	1	10622951	10627532	+	Os01g0292200
rice	IRGSP-1.0	1	10643287	10644848	+	Os01g0292700
rice	IRGSP-1.0	1	10650597	10656755	+	Os01g0292900
rice	IRGSP-1.0	1	10657543	10660137	-	Os01g0293000
rice	IRGSP-1.0	1	10664792	10666903	-	Os01g0293100
rice	IRGSP-1.0	1	10675167	10679826	+	Os01g0293200
rice	IRGSP-1.0	1	10691672	10692073	+	Os01g0293501
rice	IRGSP-1.0	1	10696304	10701348	+	Os01g0293800
rice	IRGSP-1.0	1	10701626	10703130	-	Os01g0293900
rice	IRGSP-1.0	1	10720396	10721623	-	Os01g0294500
rice	IRGSP-1.0	1	10748692	10750233	-	Os01g0294700
rice	IRGSP-1.0	1	10802151	10804527	-	Os01g0295600
rice	IRGSP-1.0	1	10805527	10808077	-	Os01g0295700
rice	IRGSP-1.0	1	10814139	10818530	-	Os01g0295900
rice	IRGSP-1.0	1	10819457	10822413	-	Os01g0296000
rice	IRGSP-1.0	1	10822587	10827151	+	Os01g0296100
rice	IRGSP-1.0	1	10830045	10831911	+	Os01g0296200
rice	IRGSP-1.0	1	10830074	10832018	-	Os01g0296166
rice	IRGSP-1.0	1	10871540	10873947	-	Os01g0296450
rice	IRGSP-1.0	1	10872358	10874262	+	Os01g0296700
rice	IRGSP-1.0	1	10877446	10878567	+	Os01g0296900
rice	IRGSP-1.0	1	10891810	10893684	+	Os01g0297200
rice	IRGSP-1.0	1	10911297	10914638	+	Os01g0297700
rice	IRGSP-1.0	1	10911475	10914251	-	Os01g0297950
rice	IRGSP-1.0	1	10932480	10933544	-	Os01g0298301
rice	IRGSP-1.0	1	10934895	10935992	+	Os01g0298400
rice	IRGSP-1.0	1	10942552	10945642	-	Os01g0298500
rice	IRGSP-1.0	1	10960528	10961310	-	Os01g0299100
rice	IRGSP-1.0	1	10965000	10965587	+	Os01g0299150
rice	IRGSP-1.0	1	10965767	10966999	+	Os01g0299200
rice	IRGSP-1.0	1	10969328	10973346	-	Os01g0299300
rice	IRGSP-1.0	1	10977198	10979778	+	Os01g0299400
rice	IRGSP-1.0	1	10980741	10983339	-	Os01g0299500
rice	IRGSP-1.0	1	10986093	10986991	-	Os01g0299700
rice	IRGSP-1.0	1	10986340	10986999	+	Os01g0299801
rice	IRGSP-1.0	1	10990819	10991617	-	Os01g0300000
rice	IRGSP-1.0	1	10999316	11005978	-	Os01g0300200
rice	IRGSP-1.0	1	11012295	11016215	+	Os01g0300400
rice	IRGSP-1.0	1	11025448	11029186	-	Os01g0300600
rice	IRGSP-1.0	1	11058878	11063872	+	Os01g0300900
rice	IRGSP-1.0	1	11065094	11068774	-	Os01g0301000
rice	IRGSP-1.0	1	11070897	11071960	+	Os01g0301100
rice	IRGSP-1.0	1	11075123	11077640	+	Os01g0301300
rice	IRGSP-1.0	1	11078206	11083482	-	Os01g0301500
rice	IRGSP-1.0	1	11089065	11093987	-	Os01g0301700
rice	IRGSP-1.0	1	11110199	11110480	-	Os01g0301900
rice	IRGSP-1.0	1	11118689	11119272	+	Os01g0302000
rice	IRGSP-1.0	1	11129520	11131876	+	Os01g0302100
rice	IRGSP-1.0	1	11155196	11155899	-	Os01g0302250
rice	IRGSP-1.0	1	11167043	11174451	+	Os01g0302500
rice	IRGSP-1.0	1	11191761	11192447	+	Os01g0302800
rice	IRGSP-1.0	1	11198211	11200311	+	Os01g0302900
rice	IRGSP-1.0	1	11202609	11203331	-	Os01g0303000
rice	IRGSP-1.0	1	11208573	11209811	+	Os01g0303100
rice	IRGSP-1.0	1	11211855	11221413	+	Os01g0303200
rice	IRGSP-1.0	1	11221847	11223469	-	Os01g0303300
rice	IRGSP-1.0	1	11222066	11223392	+	Os01g0303401
rice	IRGSP-1.0	1	11231975	11234809	-	Os01g0303600
rice	IRGSP-1.0	1	11245253	11246737	+	Os01g0303800
rice	IRGSP-1.0	1	11249654	11251227	-	Os01g0304000
rice	IRGSP-1.0	1	11254144	11260516	-	Os01g0304100
rice	IRGSP-1.0	1	11269325	11273164	-	Os01g0304200
rice	IRGSP-1.0	1	11272159	11277795	+	Os01g0304300
rice	IRGSP-1.0	1	11283364	11284127	+	Os01g0304400
rice	IRGSP-1.0	1	11299784	11307932	-	Os01g0304500
rice	IRGSP-1.0	1	11316720	11320061	+	Os01g0305200
rice	IRGSP-1.0	1	11350507	11356863	+	Os01g0305900
rice	IRGSP-1.0	1	11364355	11365344	-	Os01g0306100
rice	IRGSP-1.0	1	11366633	11367460	-	Os01g0306200
rice	IRGSP-1.0	1	11378620	11380071	+	Os01g0306400
rice	IRGSP-1.0	1	11409812	11410381	+	Os01g0306650
rice	IRGSP-1.0	1	11412154	11421047	+	Os01g0306800
rice	IRGSP-1.0	1	11426447	11430996	-	Os01g0306900
rice	IRGSP-1.0	1	11458956	11463442	-	Os01g0307500
rice	IRGSP-1.0	1	11494771	11496222	-	Os01g0307562
rice	IRGSP-1.0	1	11502003	11504425	-	Os01g0307624
rice	IRGSP-1.0	1	11505079	11506118	-	Os01g0307686
rice	IRGSP-1.0	1	11515321	11515989	+	Os01g0307750
rice	IRGSP-1.0	1	11526387	11530094	-	Os01g0308200
rice	IRGSP-1.0	1	11526651	11529893	+	Os01g0308300
rice	IRGSP-1.0	1	11544302	11545430	-	Os01g0308600
rice	IRGSP-1.0	1	11549976	11550801	-	Os01g0308700
rice	IRGSP-1.0	1	11585607	11586480	+	Os01g0309100
rice	IRGSP-1.0	1	11607650	11608129	-	Os01g0309451
rice	IRGSP-1.0	1	11611069	11612597	+	Os01g0309800
rice	IRGSP-1.0	1	11618335	11622522	+	Os01g0309900
rice	IRGSP-1.0	1	11619605	11620204	-	Os01g0309966
rice	IRGSP-1.0	1	11624254	11624835	-	Os01g0310032
rice	IRGSP-1.0	1	11625271	11637356	-	Os01g0310100
rice	IRGSP-1.0	1	11655138	11666398	+	Os01g0310500
rice	IRGSP-1.0	1	11677483	11681874	+	Os01g0310800
rice	IRGSP-1.0	1	11686442	11687191	+	Os01g0311100
rice	IRGSP-1.0	1	11688361	11689046	-	Os01g0311300
rice	IRGSP-1.0	1	11690379	11690975	+	Os01g0311400
rice	IRGSP-1.0	1	11693812	11699838	+	Os01g0311500
rice	IRGSP-1.0	1	11703247	11704653	-	Os01g0311600
rice	IRGSP-1.0	1	11713650	11714674	+	Os01g0311700
rice	IRGSP-1.0	1	11715268	11717784	-	Os01g0311800
rice	IRGSP-1.0	1	11741335	11750757	+	Os01g0312500
rice	IRGSP-1.0	1	11742340	11750448	-	Os01g0312600
rice	IRGSP-1.0	1	11756949	11759565	+	Os01g0312800
rice	IRGSP-1.0	1	11757105	11759216	-	Os01g0313050
rice	IRGSP-1.0	1	11783910	11784899	+	Os01g0313300
rice	IRGSP-1.0	1	11793851	11795359	-	Os01g0313600
rice	IRGSP-1.0	1	11800240	11803815	-	Os01g0314000
rice	IRGSP-1.0	1	11804161	11809029	-	Os01g0314100
rice	IRGSP-1.0	1	11812190	11815785	-	Os01g0314300
rice	IRGSP-1.0	1	11848194	11852000	+	Os01g0314600
rice	IRGSP-1.0	1	11863682	11864412	-	Os01g0314800
rice	IRGSP-1.0	1	11897584	11902407	+	Os01g0315600
rice	IRGSP-1.0	1	11906167	11906868	+	Os01g0315700
rice	IRGSP-1.0	1	11906864	11910915	-	Os01g0315800
rice	IRGSP-1.0	1	11907260	11910774	+	Os01g0315850
rice	IRGSP-1.0	1	11939917	11943540	+	Os01g0316001
rice	IRGSP-1.0	1	11944340	11945793	-	Os01g0316100
rice	IRGSP-1.0	1	11953342	11955432	-	Os01g0316500
rice	IRGSP-1.0	1	11958911	11964676	+	Os01g0316600
rice	IRGSP-1.0	1	11970752	11972299	+	Os01g0316800
rice	IRGSP-1.0	1	11974217	11981782	+	Os01g0316900
rice	IRGSP-1.0	1	11977716	11981576	-	Os01g0317125
rice	IRGSP-1.0	1	12031970	12032254	+	Os01g0317500
rice	IRGSP-1.0	1	12067684	12068949	+	Os01g0317800
rice	IRGSP-1.0	1	12074526	12075088	+	Os01g0318000
rice	IRGSP-1.0	1	12091637	12093705	-	Os01g0318202
rice	IRGSP-1.0	1	12092783	12093601	+	Os01g0318400
rice	IRGSP-1.0	1	12106488	12110603	-	Os01g0318600
rice	IRGSP-1.0	1	12108871	12110713	+	Os01g0318700
rice	IRGSP-1.0	1	12117107	12123026	+	Os01g0319000
rice	IRGSP-1.0	1	12117811	12122730	-	Os01g0319066
rice	IRGSP-1.0	1	12129716	12131035	-	Os01g0319200
rice	IRGSP-1.0	1	12157459	12161767	-	Os01g0319400
rice	IRGSP-1.0	1	12203402	12204078	-	Os01g0320400
rice	IRGSP-1.0	1	12214028	12214637	+	Os01g0320700
rice	IRGSP-1.0	1	12235589	12248125	-	Os01g0321300
rice	IRGSP-1.0	1	12248641	12249394	-	Os01g0321500
rice	IRGSP-1.0	1	12258138	12263046	-	Os01g0321700
rice	IRGSP-1.0	1	12264911	12269038	+	Os01g0321800
rice	IRGSP-1.0	1	12279993	12280517	-	Os01g0321900
rice	IRGSP-1.0	1	12291766	12292395	-	Os01g0322300
rice	IRGSP-1.0	1	12303210	12309435	-	Os01g0322800
rice	IRGSP-1.0	1	12326546	12331707	+	Os01g0323000
rice	IRGSP-1.0	1	12332795	12337225	-	Os01g0323100
rice	IRGSP-1.0	1	12344403	12350966	+	Os01g0323300
rice	IRGSP-1.0	1	12351672	12353063	-	Os01g0323500
rice	IRGSP-1.0	1	12363841	12366314	-	Os01g0323600
rice	IRGSP-1.0	1	12363862	12365491	+	Os01g0323775
rice	IRGSP-1.0	1	12371544	12376437	-	Os01g0323950
rice	IRGSP-1.0	1	12403525	12408003	-	Os01g0324400
rice	IRGSP-1.0	1	12499923	12504209	+	Os01g0326000
rice	IRGSP-1.0	1	12509590	12511125	+	Os01g0326100
rice	IRGSP-1.0	1	12517993	12519238	+	Os01g0326300
rice	IRGSP-1.0	1	12551333	12557268	+	Os01g0327000
rice	IRGSP-1.0	1	12564283	12570030	+	Os01g0327100
rice	IRGSP-1.0	1	12564382	12569579	-	Os01g0327250
rice	IRGSP-1.0	1	12578189	12582256	+	Os01g0327400
rice	IRGSP-1.0	1	12582768	12583460	-	Os01g0327500
rice	IRGSP-1.0	1	12584827	12594761	-	Os01g0327600
rice	IRGSP-1.0	1	12615286	12617245	-	Os01g0327900
rice	IRGSP-1.0	1	12636445	12640675	-	Os01g0328300
rice	IRGSP-1.0	1	12645608	12646401	-	Os01g0328400
rice	IRGSP-1.0	1	12646586	12650012	+	Os01g0328500
rice	IRGSP-1.0	1	12650573	12654287	+	Os01g0328600
rice	IRGSP-1.0	1	12655016	12658349	-	Os01g0328700
rice	IRGSP-1.0	1	12667369	12672739	-	Os01g0328900
rice	IRGSP-1.0	1	12677044	12683455	-	Os01g0329000
rice	IRGSP-1.0	1	12677372	12683262	+	Os01g0329075
rice	IRGSP-1.0	1	12701744	12704532	+	Os01g0329300
rice	IRGSP-1.0	1	12702583	12704246	-	Os01g0329350
rice	IRGSP-1.0	1	12704756	12709781	-	Os01g0329400
rice	IRGSP-1.0	1	12725141	12731526	+	Os01g0329800
rice	IRGSP-1.0	1	12734098	12738081	+	Os01g0329900
rice	IRGSP-1.0	1	12742212	12745509	+	Os01g0330100
rice	IRGSP-1.0	1	12745559	12747074	-	Os01g0330200
rice	IRGSP-1.0	1	12762695	12765301	+	Os01g0330650
rice	IRGSP-1.0	1	12804579	12810204	+	Os01g0331100
rice	IRGSP-1.0	1	12848923	12853398	+	Os01g0331900
rice	IRGSP-1.0	1	12870240	12874218	+	Os01g0332100
rice	IRGSP-1.0	1	12870691	12873687	-	Os01g0332150
rice	IRGSP-1.0	1	12875498	12885479	-	Os01g0332200
rice	IRGSP-1.0	1	12896359	12915380	+	Os01g0332500
rice	IRGSP-1.0	1	12909372	12909833	-	Os01g0332700
rice	IRGSP-1.0	1	12915334	12919209	-	Os01g0332800
rice	IRGSP-1.0	1	12921581	12924616	-	Os01g0332900
rice	IRGSP-1.0	1	12980585	12982781	+	Os01g0333600
rice	IRGSP-1.0	1	13140037	13141283	+	Os01g0335600
rice	IRGSP-1.0	1	13142060	13144941	-	Os01g0335700
rice	IRGSP-1.0	1	13170797	13171929	-	Os01g0336300
rice	IRGSP-1.0	1	13198486	13199578	-	Os01g0337160
rice	IRGSP-1.0	1	13198639	13199062	+	Os01g0337180
rice	IRGSP-1.0	1	13211987	13218563	+	Os01g0337100
rice	IRGSP-1.0	1	13237248	13246058	+	Os01g0337500
rice	IRGSP-1.0	1	13246387	13262228	-	Os01g0337600
rice	IRGSP-1.0	1	13264930	13268354	+	Os01g0337700
rice	IRGSP-1.0	1	13272614	13282008	+	Os01g0337900
rice	IRGSP-1.0	1	13286103	13288444	+	Os01g0338000
rice	IRGSP-1.0	1	13291338	13294921	-	Os01g0338150
rice	IRGSP-1.0	1	13291658	13294473	+	Os01g0338100
rice	IRGSP-1.0	1	13296370	13305252	+	Os01g0338200
rice	IRGSP-1.0	1	13311601	13317220	-	Os01g0338401
rice	IRGSP-1.0	1	13319295	13323798	-	Os01g0338600
rice	IRGSP-1.0	1	13342128	13342490	+	Os01g0339400
rice	IRGSP-1.0	1	13342969	13345864	-	Os01g0339500
rice	IRGSP-1.0	1	13344958	13348414	+	Os01g0339600
rice	IRGSP-1.0	1	13350181	13350781	+	Os01g0339851
rice	IRGSP-1.0	1	13353629	13357499	+	Os01g0339900
rice	IRGSP-1.0	1	13363638	13364930	+	Os01g0340100
rice	IRGSP-1.0	1	13373620	13374471	+	Os01g0340400
rice	IRGSP-1.0	1	13396264	13397109	-	Os01g0340600
rice	IRGSP-1.0	1	13422910	13424625	-	Os01g0341000
rice	IRGSP-1.0	1	13437009	13438567	-	Os01g0341200
rice	IRGSP-1.0	1	13442503	13443528	+	Os01g0341300
rice	IRGSP-1.0	1	13487892	13506871	-	Os01g0341750
rice	IRGSP-1.0	1	13508323	13508882	-	Os01g0342500
rice	IRGSP-1.0	1	13524554	13528480	+	Os01g0342750
rice	IRGSP-1.0	1	13531040	13531777	-	Os01g0342800
rice	IRGSP-1.0	1	13539772	13541921	+	Os01g0342900
rice	IRGSP-1.0	1	13540185	13541690	-	Os01g0343001
rice	IRGSP-1.0	1	13550372	13556984	+	Os01g0343100
rice	IRGSP-1.0	1	13560832	13566871	+	Os01g0343200
rice	IRGSP-1.0	1	13570702	13573119	+	Os01g0343300
rice	IRGSP-1.0	1	13572351	13572654	-	Os01g0343350
rice	IRGSP-1.0	1	13580715	13581665	+	Os01g0343400
rice	IRGSP-1.0	1	13582038	13584915	-	Os01g0343500
rice	IRGSP-1.0	1	13584186	13584856	+	Os01g0343780
rice	IRGSP-1.0	1	13608184	13614290	-	Os01g0344620
rice	IRGSP-1.0	1	13642909	13644537	-	Os01g0346400
rice	IRGSP-1.0	1	13770746	13772078	+	Os01g0346250
rice	IRGSP-1.0	1	13775186	13776654	+	Os01g0346600
rice	IRGSP-1.0	1	13778764	13779786	-	Os01g0346700
rice	IRGSP-1.0	1	13788467	13789890	+	Os01g0346900
rice	IRGSP-1.0	1	13794854	13799906	+	Os01g0347000
rice	IRGSP-1.0	1	13799955	13804764	-	Os01g0347100
rice	IRGSP-1.0	1	13807525	13809820	-	Os01g0347200
rice	IRGSP-1.0	1	13815140	13817056	+	Os01g0347300
rice	IRGSP-1.0	1	13838790	13839085	-	Os01g0347500
rice	IRGSP-1.0	1	13842272	13843744	+	Os01g0347600
rice	IRGSP-1.0	1	13859456	13859751	+	Os01g0348000
rice	IRGSP-1.0	1	13887272	13893184	+	Os01g0348600
rice	IRGSP-1.0	1	13896299	13898120	+	Os01g0348700
rice	IRGSP-1.0	1	13899523	13900729	-	Os01g0348800
rice	IRGSP-1.0	1	13903285	13904626	-	Os01g0348900
rice	IRGSP-1.0	1	13911234	13912822	-	Os01g0349000
rice	IRGSP-1.0	1	13922501	13927453	-	Os01g0349400
rice	IRGSP-1.0	1	13934496	13935854	+	Os01g0349600
rice	IRGSP-1.0	1	13941318	13944605	+	Os01g0349800
rice	IRGSP-1.0	1	13957514	13959224	+	Os01g0350000
rice	IRGSP-1.0	1	13978048	13979525	-	Os01g0350100
rice	IRGSP-1.0	1	13980666	13983744	-	Os01g0350300
rice	IRGSP-1.0	1	13986495	13988740	-	Os01g0350500
rice	IRGSP-1.0	1	14012515	14019465	+	Os01g0350900
rice	IRGSP-1.0	1	14036461	14040808	+	Os01g0351100
rice	IRGSP-1.0	1	14047844	14054909	+	Os01g0351200
rice	IRGSP-1.0	1	14059603	14064199	+	Os01g0351300
rice	IRGSP-1.0	1	14068832	14069563	-	Os01g0351500
rice	IRGSP-1.0	1	14077661	14080700	+	Os01g0351800
rice	IRGSP-1.0	1	14101994	14108083	+	Os01g0352100
rice	IRGSP-1.0	1	14102045	14102764	-	Os01g0352200
rice	IRGSP-1.0	1	14167662	14168570	+	Os01g0353400
rice	IRGSP-1.0	1	14167663	14168485	-	Os01g0353501
rice	IRGSP-1.0	1	14171226	14175788	+	Os01g0353600
rice	IRGSP-1.0	1	14174019	14174501	-	Os01g0353633
rice	IRGSP-1.0	1	14197332	14199513	+	Os01g0353900
rice	IRGSP-1.0	1	14224319	14224915	+	Os01g0354175
rice	IRGSP-1.0	1	14224921	14233645	-	Os01g0354200
rice	IRGSP-1.0	1	14229224	14230079	-	Os01g0354450
rice	IRGSP-1.0	1	14252929	14256623	+	Os01g0354700
rice	IRGSP-1.0	1	14264078	14267208	+	Os01g0355100
rice	IRGSP-1.0	1	14264762	14267043	-	Os01g0355175
rice	IRGSP-1.0	1	14280966	14282033	+	Os01g0355250
rice	IRGSP-1.0	1	14290376	14290915	+	Os01g0355400
rice	IRGSP-1.0	1	14292115	14303191	-	Os01g0355500
rice	IRGSP-1.0	1	14308159	14316509	+	Os01g0355600
rice	IRGSP-1.0	1	14318283	14319789	-	Os01g0355700
rice	IRGSP-1.0	1	14326183	14327100	+	Os01g0355800
rice	IRGSP-1.0	1	14328622	14333284	-	Os01g0355900
rice	IRGSP-1.0	1	14340326	14357449	-	Os01g0356400
rice	IRGSP-1.0	1	14391999	14398598	-	Os01g0356500
rice	IRGSP-1.0	1	14414670	14435665	+	Os01g0356800
rice	IRGSP-1.0	1	14437890	14439688	-	Os01g0356900
rice	IRGSP-1.0	1	14446913	14453454	+	Os01g0357100
rice	IRGSP-1.0	1	14447341	14453462	-	Os01g0357150
rice	IRGSP-1.0	1	14453690	14454549	+	Os01g0357200
rice	IRGSP-1.0	1	14459951	14461690	+	Os01g0357400
rice	IRGSP-1.0	1	14462311	14462787	+	Os01g0357500
rice	IRGSP-1.0	1	14471243	14476738	+	Os01g0357800
rice	IRGSP-1.0	1	14480825	14481553	-	Os01g0357900
rice	IRGSP-1.0	1	14486394	14487138	-	Os01g0358100
rice	IRGSP-1.0	1	14506676	14513133	-	Os01g0358300
rice	IRGSP-1.0	1	14513332	14515250	+	Os01g0358400
rice	IRGSP-1.0	1	14513995	14515154	-	Os01g0358551
rice	IRGSP-1.0	1	14529887	14531604	-	Os01g0358700
rice	IRGSP-1.0	1	14544114	14544749	+	Os01g0358800
rice	IRGSP-1.0	1	14545123	14545507	-	Os01g0358900
rice	IRGSP-1.0	1	14576601	14581963	-	Os01g0359400
rice	IRGSP-1.0	1	14587756	14591782	-	Os01g0359600
rice	IRGSP-1.0	1	14599119	14603058	-	Os01g0359800
rice	IRGSP-1.0	1	14608644	14613681	-	Os01g0360100
rice	IRGSP-1.0	1	14611322	14611896	+	Os01g0360150
rice	IRGSP-1.0	1	14621368	14627934	-	Os01g0360200
rice	IRGSP-1.0	1	14621567	14626552	+	Os01g0360333
rice	IRGSP-1.0	1	14679306	14683391	-	Os01g0360600
rice	IRGSP-1.0	1	14702436	14705998	-	Os01g0361000
rice	IRGSP-1.0	1	14732018	14738430	-	Os01g0361500
rice	IRGSP-1.0	1	14742684	14743148	-	Os01g0361700
rice	IRGSP-1.0	1	14744917	14748525	+	Os01g0361800
rice	IRGSP-1.0	1	14752203	14754630	+	Os01g0362000
rice	IRGSP-1.0	1	14754835	14764507	-	Os01g0362100
rice	IRGSP-1.0	1	14769271	14769881	+	Os01g0362400
rice	IRGSP-1.0	1	14770806	14771426	+	Os01g0362533
rice	IRGSP-1.0	1	14783393	14785500	-	Os01g0362800
rice	IRGSP-1.0	1	14789737	14790461	+	Os01g0363000
rice	IRGSP-1.0	1	14793093	14797054	+	Os01g0363300
rice	IRGSP-1.0	1	14798822	14803608	+	Os01g0363500
rice	IRGSP-1.0	1	14802807	14804515	-	Os01g0363600
rice	IRGSP-1.0	1	14809676	14821941	+	Os01g0363900
rice	IRGSP-1.0	1	14810002	14812108	-	Os01g0363950
rice	IRGSP-1.0	1	14823230	14825669	-	Os01g0364000
rice	IRGSP-1.0	1	14825133	14828267	+	Os01g0364100
rice	IRGSP-1.0	1	14856256	14878542	-	Os01g0364400
rice	IRGSP-1.0	1	14879651	14880271	-	Os01g0364450
rice	IRGSP-1.0	1	14892931	14898978	+	Os01g0364800
rice	IRGSP-1.0	1	14900942	14902670	+	Os01g0364900
rice	IRGSP-1.0	1	14903885	14915751	-	Os01g0365000
rice	IRGSP-1.0	1	14924924	14927978	+	Os01g0365300
rice	IRGSP-1.0	1	14955728	14959343	+	Os01g0366100
rice	IRGSP-1.0	1	14964573	14968307	+	Os01g0366300
rice	IRGSP-1.0	1	14964599	14967775	-	Os01g0366400
rice	IRGSP-1.0	1	14970988	14973090	-	Os01g0366501
rice	IRGSP-1.0	1	14993204	14998103	-	Os01g0367100
rice	IRGSP-1.0	1	15007028	15013275	-	Os01g0367300
rice	IRGSP-1.0	1	15019814	15023931	-	Os01g0367400
rice	IRGSP-1.0	1	15027748	15032264	+	Os01g0367500
rice	IRGSP-1.0	1	15059450	15067522	+	Os01g0367700
rice	IRGSP-1.0	1	15075863	15083305	-	Os01g0367900
rice	IRGSP-1.0	1	15085497	15086919	+	Os01g0368000
rice	IRGSP-1.0	1	15099900	15112071	+	Os01g0368500
rice	IRGSP-1.0	1	15113035	15113731	+	Os01g0368600
rice	IRGSP-1.0	1	15118693	15119756	+	Os01g0368700
rice	IRGSP-1.0	1	15124631	15125396	+	Os01g0368900
rice	IRGSP-1.0	1	15130898	15139459	-	Os01g0369000
rice	IRGSP-1.0	1	15146089	15152275	+	Os01g0369200
rice	IRGSP-1.0	1	15152302	15157185	-	Os01g0369300
rice	IRGSP-1.0	1	15152517	15153876	+	Os01g0369366
rice	IRGSP-1.0	1	15160442	15161605	+	Os01g0369500
rice	IRGSP-1.0	1	15161786	15165714	+	Os01g0369600
rice	IRGSP-1.0	1	15170441	15171859	-	Os01g0369700
rice	IRGSP-1.0	1	15170605	15171053	+	Os01g0369800
rice	IRGSP-1.0	1	15185168	15188301	-	Os01g0369900
rice	IRGSP-1.0	1	15185336	15188091	+	Os01g0369950
rice	IRGSP-1.0	1	15192860	15195695	-	Os01g0370000
rice	IRGSP-1.0	1	15216825	15217959	-	Os01g0370200
rice	IRGSP-1.0	1	15217032	15217959	+	Os01g0370400
rice	IRGSP-1.0	1	15234445	15234693	+	Os01g0370600
rice	IRGSP-1.0	1	15258848	15260219	-	Os01g0370900
rice	IRGSP-1.0	1	15281170	15283073	-	Os01g0371200
rice	IRGSP-1.0	1	15281380	15282975	+	Os01g0371300
rice	IRGSP-1.0	1	15289214	15291315	+	Os01g0371400
rice	IRGSP-1.0	1	15291669	15294409	+	Os01g0371500
rice	IRGSP-1.0	1	15328868	15332889	-	Os01g0372100
rice	IRGSP-1.0	1	15338118	15341480	+	Os01g0372350
rice	IRGSP-1.0	1	15344380	15345409	+	Os01g0372400
rice	IRGSP-1.0	1	15344449	15345323	-	Os01g0372450
rice	IRGSP-1.0	1	15346352	15347941	-	Os01g0372500
rice	IRGSP-1.0	1	15356785	15360682	-	Os01g0372700
rice	IRGSP-1.0	1	15357072	15360597	+	Os01g0372866
rice	IRGSP-1.0	1	15382985	15385243	-	Os01g0373200
rice	IRGSP-1.0	1	15389760	15392040	-	Os01g0373400
rice	IRGSP-1.0	1	15393438	15395768	+	Os01g0373500
rice	IRGSP-1.0	1	15400221	15400863	-	Os01g0373700
rice	IRGSP-1.0	1	15410788	15412081	+	Os01g0374000
rice	IRGSP-1.0	1	15418911	15421118	-	Os01g0374200
rice	IRGSP-1.0	1	15440625	15441473	-	Os01g0374501
rice	IRGSP-1.0	1	15445662	15447633	+	Os01g0374600
rice	IRGSP-1.0	1	15453686	15457657	+	Os01g0374900
rice	IRGSP-1.0	1	15462065	15465895	-	Os01g0375000
rice	IRGSP-1.0	1	15474284	15478322	-	Os01g0375100
rice	IRGSP-1.0	1	15479968	15493392	+	Os01g0375200
rice	IRGSP-1.0	1	15503196	15511423	+	Os01g0375500
rice	IRGSP-1.0	1	15562767	15563289	+	Os01g0376600
rice	IRGSP-1.0	1	15568888	15573347	-	Os01g0376700
rice	IRGSP-1.0	1	15581833	15583686	-	Os01g0377000
rice	IRGSP-1.0	1	15582008	15582712	+	Os01g0377250
rice	IRGSP-1.0	1	15618227	15624499	-	Os01g0377500
rice	IRGSP-1.0	1	15644974	15649392	+	Os01g0377700
rice	IRGSP-1.0	1	15672663	15675607	-	Os01g0378100
rice	IRGSP-1.0	1	15760533	15763102	+	Os01g0379101
rice	IRGSP-1.0	1	15777377	15780996	+	Os01g0379400
rice	IRGSP-1.0	1	15798713	15802130	+	Os01g0379800
rice	IRGSP-1.0	1	15853158	15854437	+	Os01g0380800
rice	IRGSP-1.0	1	15882756	15883307	-	Os01g0381325
rice	IRGSP-1.0	1	15934495	15935317	+	Os01g0382000
rice	IRGSP-1.0	1	15948833	15953007	+	Os01g0382200
rice	IRGSP-1.0	1	15958748	15959497	-	Os01g0382400
rice	IRGSP-1.0	1	15960361	15962152	-	Os01g0382450
rice	IRGSP-1.0	1	15966105	15967644	-	Os01g0382500
rice	IRGSP-1.0	1	15975326	15980519	+	Os01g0382700
rice	IRGSP-1.0	1	15992759	15996844	+	Os01g0382900
rice	IRGSP-1.0	1	15997945	15998841	-	Os01g0383001
rice	IRGSP-1.0	1	16000688	16003329	-	Os01g0383100
rice	IRGSP-1.0	1	16046692	16056268	+	Os01g0383700
rice	IRGSP-1.0	1	16061947	16067655	+	Os01g0383900
rice	IRGSP-1.0	1	16086670	16088900	+	Os01g0384300
rice	IRGSP-1.0	1	16101903	16104680	-	Os01g0384450
rice	IRGSP-1.0	1	16130515	16131331	+	Os01g0384800
rice	IRGSP-1.0	1	16135873	16141845	+	Os01g0384901
rice	IRGSP-1.0	1	16136206	16141134	-	Os01g0385000
rice	IRGSP-1.0	1	16151562	16154044	-	Os01g0385400
rice	IRGSP-1.0	1	16224955	16226730	-	Os01g0386500
rice	IRGSP-1.0	1	16227573	16227890	+	Os01g0386600
rice	IRGSP-1.0	1	16232158	16234453	+	Os01g0386700
rice	IRGSP-1.0	1	16279679	16280251	-	Os01g0387133
rice	IRGSP-1.0	1	16315793	16318736	+	Os01g0387566
rice	IRGSP-1.0	1	16322731	16325678	+	Os01g0387865
rice	IRGSP-1.0	1	16325492	16327497	-	Os01g0388000
rice	IRGSP-1.0	1	16327940	16328374	-	Os01g0388101
rice	IRGSP-1.0	1	16347484	16349469	-	Os01g0388200
rice	IRGSP-1.0	1	16385640	16389527	+	Os01g0388500
rice	IRGSP-1.0	1	16392304	16393382	-	Os01g0388700
rice	IRGSP-1.0	1	16415043	16416009	+	Os01g0389200
rice	IRGSP-1.0	1	16435858	16436778	+	Os01g0389700
rice	IRGSP-1.0	1	16468660	16479809	-	Os01g0390300
rice	IRGSP-1.0	1	16480398	16494334	+	Os01g0390400
rice	IRGSP-1.0	1	16495359	16503329	+	Os01g0390600
rice	IRGSP-1.0	1	16511620	16518660	-	Os01g0390900
rice	IRGSP-1.0	1	16536661	16542320	-	Os01g0391100
rice	IRGSP-1.0	1	16588798	16597542	+	Os01g0391500
rice	IRGSP-1.0	1	16609803	16613226	-	Os01g0391600
rice	IRGSP-1.0	1	16634082	16636357	-	Os01g0391800
rice	IRGSP-1.0	1	16659734	16664415	+	Os01g0392100
rice	IRGSP-1.0	1	16693961	16700566	+	Os01g0392600
rice	IRGSP-1.0	1	16706252	16709603	+	Os01g0392800
rice	IRGSP-1.0	1	16716670	16719374	+	Os01g0393000
rice	IRGSP-1.0	1	16720752	16722617	-	Os01g0393100
rice	IRGSP-1.0	1	16721664	16722131	+	Os01g0393200
rice	IRGSP-1.0	1	16730058	16731058	-	Os01g0393300
rice	IRGSP-1.0	1	16731979	16733411	+	Os01g0393400
rice	IRGSP-1.0	1	16928574	16929545	+	Os01g0495200
rice	IRGSP-1.0	1	16980463	16981993	-	Os01g0495701
rice	IRGSP-1.0	1	16982700	16982963	+	Os01g0444100
rice	IRGSP-1.0	1	17012671	17016236	+	Os01g0495900
rice	IRGSP-1.0	1	17066937	17070813	-	Os01g0496900
rice	IRGSP-1.0	1	17105524	17106678	-	Os01g0497400
rice	IRGSP-1.0	1	17155310	17157677	+	Os01g0498200
rice	IRGSP-1.0	1	17159733	17161535	-	Os01g0498300
rice	IRGSP-1.0	1	17210257	17218276	-	Os01g0499300
rice	IRGSP-1.0	1	17230765	17231229	-	Os01g0500100
rice	IRGSP-1.0	1	17262122	17263066	+	Os01g0500400
rice	IRGSP-1.0	1	17266185	17274780	-	Os01g0500500
rice	IRGSP-1.0	1	17275548	17278302	-	Os01g0500600
rice	IRGSP-1.0	1	17301041	17305995	+	Os01g0500825
rice	IRGSP-1.0	1	17301967	17303705	+	Os01g0500900
rice	IRGSP-1.0	1	17309384	17325760	-	Os01g0501000
rice	IRGSP-1.0	1	17341236	17346405	-	Os01g0501700
rice	IRGSP-1.0	1	17349338	17350785	+	Os01g0501800
rice	IRGSP-1.0	1	17384240	17387239	+	Os01g0502300
rice	IRGSP-1.0	1	17394305	17404420	+	Os01g0502400
rice	IRGSP-1.0	1	17420279	17421266	+	Os01g0502700
rice	IRGSP-1.0	1	17422915	17427640	-	Os01g0502800
rice	IRGSP-1.0	1	17425616	17426120	-	Os01g0502900
rice	IRGSP-1.0	1	17454023	17464973	-	Os01g0503400
rice	IRGSP-1.0	1	17490478	17491818	-	Os01g0504100
rice	IRGSP-1.0	1	17504553	17512361	-	Os01g0504500
rice	IRGSP-1.0	1	17559698	17565462	-	Os01g0504950
rice	IRGSP-1.0	1	17560761	17564889	+	Os01g0505400
rice	IRGSP-1.0	1	17565806	17567476	-	Os01g0505500
rice	IRGSP-1.0	1	17581215	17582104	+	Os01g0505600
rice	IRGSP-1.0	1	17583645	17586287	+	Os01g0505700
rice	IRGSP-1.0	1	17583755	17585528	-	Os01g0505866
rice	IRGSP-1.0	1	17605172	17607509	+	Os01g0506100
rice	IRGSP-1.0	1	17612391	17626954	-	Os01g0506200
rice	IRGSP-1.0	1	17681439	17683119	+	Os01g0507000
rice	IRGSP-1.0	1	17697147	17706364	+	Os01g0507300
rice	IRGSP-1.0	1	17708828	17713352	+	Os01g0507500
rice	IRGSP-1.0	1	17741064	17742255	+	Os01g0507700
rice	IRGSP-1.0	1	17746363	17752009	+	Os01g0507900
rice	IRGSP-1.0	1	17756115	17764819	+	Os01g0508000
rice	IRGSP-1.0	1	17767883	17768453	+	Os01g0508100
rice	IRGSP-1.0	1	17792209	17794497	+	Os01g0508300
rice	IRGSP-1.0	1	17798266	17799004	+	Os01g0508500
rice	IRGSP-1.0	1	17859771	17860637	-	Os01g0509400
rice	IRGSP-1.0	1	17881781	17885487	-	Os01g0509700
rice	IRGSP-1.0	1	17886583	17887008	-	Os01g0509750
rice	IRGSP-1.0	1	17892590	17892946	-	Os01g0509800
rice	IRGSP-1.0	1	17894912	17898610	+	Os01g0509900
rice	IRGSP-1.0	1	17904834	17910037	+	Os01g0510100
rice	IRGSP-1.0	1	17911538	17912144	-	Os01g0510200
rice	IRGSP-1.0	1	17945068	17947079	+	Os01g0510500
rice	IRGSP-1.0	1	17947850	17951625	-	Os01g0510600
rice	IRGSP-1.0	1	17959629	17960325	+	Os01g0510701
rice	IRGSP-1.0	1	17960990	17968544	-	Os01g0510800
rice	IRGSP-1.0	1	17967782	17973329	+	Os01g0510901
rice	IRGSP-1.0	1	17975866	17977327	-	Os01g0511000
rice	IRGSP-1.0	1	17990846	17993750	-	Os01g0511100
rice	IRGSP-1.0	1	17994680	17997769	-	Os01g0511200
rice	IRGSP-1.0	1	17999387	18002863	-	Os01g0511300
rice	IRGSP-1.0	1	18004602	18008011	+	Os01g0511400
rice	IRGSP-1.0	1	18013673	18017109	-	Os01g0511600
rice	IRGSP-1.0	1	18022167	18023518	+	Os01g0511700
rice	IRGSP-1.0	1	18026557	18030344	-	Os01g0511800
rice	IRGSP-1.0	1	18041761	18050083	+	Os01g0512100
rice	IRGSP-1.0	1	18051553	18054687	+	Os01g0512200
rice	IRGSP-1.0	1	18062252	18062861	-	Os01g0512400
rice	IRGSP-1.0	1	18073579	18074311	+	Os01g0512700
rice	IRGSP-1.0	1	18077464	18078185	+	Os01g0512800
rice	IRGSP-1.0	1	18087603	18092828	-	Os01g0513100
rice	IRGSP-1.0	1	18101569	18111530	-	Os01g0513200
rice	IRGSP-1.0	1	18124934	18128862	+	Os01g0513400
rice	IRGSP-1.0	1	18130245	18131759	-	Os01g0513500
rice	IRGSP-1.0	1	18135292	18138311	-	Os01g0513700
rice	IRGSP-1.0	1	18140790	18142881	-	Os01g0513800
rice	IRGSP-1.0	1	18141082	18142581	+	Os01g0513850
rice	IRGSP-1.0	1	18150939	18157844	+	Os01g0513900
rice	IRGSP-1.0	1	18156852	18157164	-	Os01g0513950
rice	IRGSP-1.0	1	18158654	18163519	-	Os01g0514000
rice	IRGSP-1.0	1	18163750	18173557	+	Os01g0514300
rice	IRGSP-1.0	1	18176968	18177876	+	Os01g0514450
rice	IRGSP-1.0	1	18186985	18193374	+	Os01g0514600
rice	IRGSP-1.0	1	18205177	18208214	+	Os01g0514700
rice	IRGSP-1.0	1	18205238	18208057	-	Os01g0514850
rice	IRGSP-1.0	1	18229321	18233091	+	Os01g0515300
rice	IRGSP-1.0	1	18259513	18267127	+	Os01g0516200
rice	IRGSP-1.0	1	18284605	18288878	+	Os01g0516600
rice	IRGSP-1.0	1	18295549	18303762	+	Os01g0516625
rice	IRGSP-1.0	1	18298221	18303977	-	Os01g0516700
rice	IRGSP-1.0	1	18306492	18335584	-	Os01g0516900
rice	IRGSP-1.0	1	18352836	18354506	-	Os01g0517500
rice	IRGSP-1.0	1	18364957	18366441	-	Os01g0517800
rice	IRGSP-1.0	1	18370910	18372056	+	Os01g0517900
rice	IRGSP-1.0	1	18374765	18376668	-	Os01g0518000
rice	IRGSP-1.0	1	18386243	18386927	-	Os01g0518300
rice	IRGSP-1.0	1	18390223	18394126	+	Os01g0518400
rice	IRGSP-1.0	1	18394242	18401686	-	Os01g0518500
rice	IRGSP-1.0	1	18405728	18408073	-	Os01g0518651
rice	IRGSP-1.0	1	18417660	18418723	+	Os01g0518800
rice	IRGSP-1.0	1	18435821	18437883	-	Os01g0519050
rice	IRGSP-1.0	1	18438339	18439607	-	Os01g0519100
rice	IRGSP-1.0	1	18446993	18448858	+	Os01g0519400
rice	IRGSP-1.0	1	18460124	18460861	-	Os01g0519700
rice	IRGSP-1.0	1	18503273	18503755	-	Os01g0520180
rice	IRGSP-1.0	1	18527781	18531782	-	Os01g0520340
rice	IRGSP-1.0	1	18530333	18531309	+	Os01g0520500
rice	IRGSP-1.0	1	18531902	18540738	-	Os01g0520600
rice	IRGSP-1.0	1	18555703	18556813	+	Os01g0520800
rice	IRGSP-1.0	1	18584847	18587837	+	Os01g0521200
rice	IRGSP-1.0	1	18593290	18597834	+	Os01g0521400
rice	IRGSP-1.0	1	18601026	18611536	+	Os01g0521500
rice	IRGSP-1.0	1	18601082	18611292	-	Os01g0521550
rice	IRGSP-1.0	1	18613736	18616526	+	Os01g0521600
rice	IRGSP-1.0	1	18626121	18627135	+	Os01g0522100
rice	IRGSP-1.0	1	18639233	18641762	+	Os01g0522400
rice	IRGSP-1.0	1	18659094	18662684	+	Os01g0522800
rice	IRGSP-1.0	1	18663624	18665275	+	Os01g0522950
rice	IRGSP-1.0	1	18668266	18669004	+	Os01g0523000
rice	IRGSP-1.0	1	18671229	18674473	+	Os01g0523100
rice	IRGSP-1.0	1	18671367	18674451	-	Os01g0523250
rice	IRGSP-1.0	1	18687833	18688211	+	Os01g0523401
rice	IRGSP-1.0	1	18703975	18705050	-	Os01g0523600
rice	IRGSP-1.0	1	18704760	18706173	+	Os01g0523800
rice	IRGSP-1.0	1	18720539	18721863	-	Os01g0524251
rice	IRGSP-1.0	1	18720879	18723104	+	Os01g0524100
rice	IRGSP-1.0	1	18749285	18750480	+	Os01g0524400
rice	IRGSP-1.0	1	18755303	18756817	+	Os01g0524500
rice	IRGSP-1.0	1	18763270	18774476	+	Os01g0524700
rice	IRGSP-1.0	1	18780600	18781392	+	Os01g0525100
rice	IRGSP-1.0	1	18818271	18819071	+	Os01g0525350
rice	IRGSP-1.0	1	18833287	18833812	+	Os01g0525700
rice	IRGSP-1.0	1	18835667	18836039	+	Os01g0525701
rice	IRGSP-1.0	1	18839056	18839612	+	Os01g0525800
rice	IRGSP-1.0	1	18847970	18851815	+	Os01g0526100
rice	IRGSP-1.0	1	18853609	18857307	+	Os01g0526200
rice	IRGSP-1.0	1	18923609	18939279	+	Os01g0527400
rice	IRGSP-1.0	1	18940502	18945666	-	Os01g0527600
rice	IRGSP-1.0	1	18961353	18969005	-	Os01g0527700
rice	IRGSP-1.0	1	18972507	18977135	-	Os01g0527900
rice	IRGSP-1.0	1	18977424	18978319	+	Os01g0528000
rice	IRGSP-1.0	1	18992785	18994974	+	Os01g0528300
rice	IRGSP-1.0	1	19009708	19014136	+	Os01g0528800
rice	IRGSP-1.0	1	19059236	19061167	+	Os01g0529800
rice	IRGSP-1.0	1	19073048	19073890	-	Os01g0530100
rice	IRGSP-1.0	1	19079255	19081450	+	Os01g0530300
rice	IRGSP-1.0	1	19084318	19085025	+	Os01g0530341
rice	IRGSP-1.0	1	19085856	19088186	+	Os01g0530366
rice	IRGSP-1.0	1	19089919	19094304	+	Os01g0530400
rice	IRGSP-1.0	1	19093176	19094105	-	Os01g0530450
rice	IRGSP-1.0	1	19095631	19097491	-	Os01g0530500
rice	IRGSP-1.0	1	19110942	19114994	-	Os01g0531000
rice	IRGSP-1.0	1	19115283	19122409	-	Os01g0531200
rice	IRGSP-1.0	1	19123194	19126486	-	Os01g0531300
rice	IRGSP-1.0	1	19129984	19131278	-	Os01g0531400
rice	IRGSP-1.0	1	19135843	19139893	+	Os01g0531500
rice	IRGSP-1.0	1	19173908	19176093	+	Os01g0532100
rice	IRGSP-1.0	1	19178242	19185746	-	Os01g0532200
rice	IRGSP-1.0	1	19200090	19201308	-	Os01g0532300
rice	IRGSP-1.0	1	19242042	19243812	+	Os01g0532600
rice	IRGSP-1.0	1	19245153	19248201	-	Os01g0532700
rice	IRGSP-1.0	1	19252892	19257320	+	Os01g0532800
rice	IRGSP-1.0	1	19258575	19266655	-	Os01g0533000
rice	IRGSP-1.0	1	19275013	19282465	-	Os01g0533100
rice	IRGSP-1.0	1	19295569	19302138	-	Os01g0533400
rice	IRGSP-1.0	1	19302623	19303257	-	Os01g0533450
rice	IRGSP-1.0	1	19303393	19306036	-	Os01g0533500
rice	IRGSP-1.0	1	19317853	19325937	-	Os01g0533800
rice	IRGSP-1.0	1	19352055	19359444	+	Os01g0533900
rice	IRGSP-1.0	1	19381153	19387198	+	Os01g0534700
rice	IRGSP-1.0	1	19389831	19392838	+	Os01g0534800
rice	IRGSP-1.0	1	19394542	19405480	-	Os01g0534900
rice	IRGSP-1.0	1	19434294	19435079	-	Os01g0535100
rice	IRGSP-1.0	1	19437901	19438842	-	Os01g0535300
rice	IRGSP-1.0	1	19454154	19458225	-	Os01g0535400
rice	IRGSP-1.0	1	19454577	19456091	+	Os01g0535650
rice	IRGSP-1.0	1	19466307	19469005	+	Os01g0535900
rice	IRGSP-1.0	1	19469262	19477590	-	Os01g0536000
rice	IRGSP-1.0	1	19488074	19488533	+	Os01g0536200
rice	IRGSP-1.0	1	19505311	19508410	-	Os01g0536400
rice	IRGSP-1.0	1	19507442	19508342	+	Os01g0536433
rice	IRGSP-1.0	1	19509834	19510988	-	Os01g0536466
rice	IRGSP-1.0	1	19516756	19518873	-	Os01g0536501
rice	IRGSP-1.0	1	19539370	19540140	-	Os01g0536950
rice	IRGSP-1.0	1	19549155	19550345	-	Os01g0537250
rice	IRGSP-1.0	1	19681825	19686310	+	Os01g0538000
rice	IRGSP-1.0	1	19824231	19826621	+	Os01g0539400
rice	IRGSP-1.0	1	19845620	19848402	-	Os01g0539900
rice	IRGSP-1.0	1	19849324	19850690	+	Os01g0540000
rice	IRGSP-1.0	1	19853580	19854168	-	Os01g0540300
rice	IRGSP-1.0	1	19855213	19856657	+	Os01g0540400
rice	IRGSP-1.0	1	19874748	19881638	+	Os01g0540800
rice	IRGSP-1.0	1	19882057	19885523	+	Os01g0541000
rice	IRGSP-1.0	1	19911224	19914280	-	Os01g0541600
rice	IRGSP-1.0	1	19959667	19961939	+	Os01g0541800
rice	IRGSP-1.0	1	19962944	19970079	-	Os01g0541900
rice	IRGSP-1.0	1	19972083	19973030	+	Os01g0542000
rice	IRGSP-1.0	1	19973271	19977472	+	Os01g0542100
rice	IRGSP-1.0	1	20034162	20035006	+	Os01g0542700
rice	IRGSP-1.0	1	20041617	20044749	+	Os01g0543000
rice	IRGSP-1.0	1	20061961	20066455	+	Os01g0543100
rice	IRGSP-1.0	1	20101102	20103606	+	Os01g0543400
rice	IRGSP-1.0	1	20124194	20126848	+	Os01g0543600
rice	IRGSP-1.0	1	20124383	20126778	-	Os01g0543800
rice	IRGSP-1.0	1	20153482	20156277	+	Os01g0544200
rice	IRGSP-1.0	1	20192025	20196937	+	Os01g0544450
rice	IRGSP-1.0	1	20197279	20199912	+	Os01g0544700
rice	IRGSP-1.0	1	20240548	20241256	-	Os01g0545100
rice	IRGSP-1.0	1	20256175	20260730	-	Os01g0545500
rice	IRGSP-1.0	1	20256217	20260695	+	Os01g0545550
rice	IRGSP-1.0	1	20276964	20278121	-	Os01g0545800
rice	IRGSP-1.0	1	20280804	20282813	+	Os01g0545900
rice	IRGSP-1.0	1	20284942	20287666	+	Os01g0546000
rice	IRGSP-1.0	1	20287702	20290661	-	Os01g0546100
rice	IRGSP-1.0	1	20292561	20292886	+	Os01g0546250
rice	IRGSP-1.0	1	20299783	20302467	-	Os01g0546400
rice	IRGSP-1.0	1	20312947	20314161	-	Os01g0546500
rice	IRGSP-1.0	1	20314316	20316106	+	Os01g0546700
rice	IRGSP-1.0	1	20317878	20319355	-	Os01g0546800
rice	IRGSP-1.0	1	20322698	20326374	+	Os01g0546900
rice	IRGSP-1.0	1	20327992	20334833	+	Os01g0547000
rice	IRGSP-1.0	1	20338468	20342022	-	Os01g0547133
rice	IRGSP-1.0	1	20351529	20364454	-	Os01g0547200
rice	IRGSP-1.0	1	20380889	20384893	-	Os01g0547500
rice	IRGSP-1.0	1	20385993	20388511	-	Os01g0547600
rice	IRGSP-1.0	1	20407433	20414990	-	Os01g0548000
rice	IRGSP-1.0	1	20464727	20466410	-	Os01g0548600
rice	IRGSP-1.0	1	20468335	20469249	-	Os01g0548750
rice	IRGSP-1.0	1	20481037	20481958	-	Os01g0548900
rice	IRGSP-1.0	1	20487351	20488590	-	Os01g0549100
rice	IRGSP-1.0	1	20487491	20488635	+	Os01g0549000
rice	IRGSP-1.0	1	20489205	20501757	-	Os01g0549200
rice	IRGSP-1.0	1	20502300	20502721	+	Os01g0549250
rice	IRGSP-1.0	1	20518681	20521502	-	Os01g0549300
rice	IRGSP-1.0	1	20522447	20528163	+	Os01g0549400
rice	IRGSP-1.0	1	20535110	20538945	-	Os01g0549500
rice	IRGSP-1.0	1	20540847	20547073	+	Os01g0549700
rice	IRGSP-1.0	1	20571063	20576206	+	Os01g0550000
rice	IRGSP-1.0	1	20581641	20589583	-	Os01g0550100
rice	IRGSP-1.0	1	20595249	20598788	+	Os01g0550200
rice	IRGSP-1.0	1	20599445	20602258	-	Os01g0550300
rice	IRGSP-1.0	1	20628587	20631077	+	Os01g0550600
rice	IRGSP-1.0	1	20640981	20643879	+	Os01g0550800
rice	IRGSP-1.0	1	20651659	20654948	+	Os01g0550900
rice	IRGSP-1.0	1	20651869	20654847	-	Os01g0550950
rice	IRGSP-1.0	1	20662993	20665013	+	Os01g0551000
rice	IRGSP-1.0	1	20665550	20671003	-	Os01g0551100
rice	IRGSP-1.0	1	20700553	20702884	+	Os01g0551400
rice	IRGSP-1.0	1	20714138	20716704	+	Os01g0551800
rice	IRGSP-1.0	1	20717034	20722254	-	Os01g0551900
rice	IRGSP-1.0	1	20722370	20727207	-	Os01g0552000
rice	IRGSP-1.0	1	20727509	20730085	+	Os01g0552050
rice	IRGSP-1.0	1	20738654	20742427	+	Os01g0552300
rice	IRGSP-1.0	1	20746733	20750441	-	Os01g0552500
rice	IRGSP-1.0	1	20783516	20785479	+	Os01g0552850
rice	IRGSP-1.0	1	20783752	20785176	-	Os01g0553200
rice	IRGSP-1.0	1	20805805	20810162	+	Os01g0553400
rice	IRGSP-1.0	1	20816985	20820444	+	Os01g0553600
rice	IRGSP-1.0	1	20838837	20842954	-	Os01g0553901
rice	IRGSP-1.0	1	20870047	20870923	+	Os01g0554150
rice	IRGSP-1.0	1	20935789	20937436	+	Os01g0555100
rice	IRGSP-1.0	1	20938340	20941280	-	Os01g0555200
rice	IRGSP-1.0	1	20942303	20945721	-	Os01g0555300
rice	IRGSP-1.0	1	20950664	20951670	-	Os01g0555600
rice	IRGSP-1.0	1	20953961	20955513	-	Os01g0555800
rice	IRGSP-1.0	1	20957411	20958019	-	Os01g0556001
rice	IRGSP-1.0	1	20987876	20992377	+	Os01g0556400
rice	IRGSP-1.0	1	20988504	20992381	-	Os01g0556201
rice	IRGSP-1.0	1	21039083	21040738	-	Os01g0556650
rice	IRGSP-1.0	1	21040111	21041071	+	Os01g0556700
rice	IRGSP-1.0	1	21041870	21046818	-	Os01g0556800
rice	IRGSP-1.0	1	21056832	21058033	-	Os01g0557100
rice	IRGSP-1.0	1	21062727	21063681	-	Os01g0557200
rice	IRGSP-1.0	1	21068507	21070184	+	Os01g0557400
rice	IRGSP-1.0	1	21071497	21076720	-	Os01g0557500
rice	IRGSP-1.0	1	21072600	21073926	+	Os01g0557550
rice	IRGSP-1.0	1	21114757	21115731	-	Os01g0558100
rice	IRGSP-1.0	1	21118894	21124700	+	Os01g0558200
rice	IRGSP-1.0	1	21124944	21128357	-	Os01g0558300
rice	IRGSP-1.0	1	21138870	21143094	+	Os01g0558500
rice	IRGSP-1.0	1	21143578	21146346	-	Os01g0558600
rice	IRGSP-1.0	1	21150419	21151079	+	Os01g0558700
rice	IRGSP-1.0	1	21151629	21155639	-	Os01g0558800
rice	IRGSP-1.0	1	21158318	21158615	+	Os01g0558825
rice	IRGSP-1.0	1	21158719	21162420	+	Os01g0558850
rice	IRGSP-1.0	1	21166661	21167476	+	Os01g0558900
rice	IRGSP-1.0	1	21167873	21172622	+	Os01g0559000
rice	IRGSP-1.0	1	21175807	21179905	+	Os01g0559100
rice	IRGSP-1.0	1	21175987	21179515	-	Os01g0559150
rice	IRGSP-1.0	1	21181447	21184010	+	Os01g0559200
rice	IRGSP-1.0	1	21184950	21187424	+	Os01g0559300
rice	IRGSP-1.0	1	21195400	21201154	+	Os01g0559500
rice	IRGSP-1.0	1	21230393	21234906	+	Os01g0559600
rice	IRGSP-1.0	1	21242600	21243209	+	Os01g0559750
rice	IRGSP-1.0	1	21261706	21262137	-	Os01g0559825
rice	IRGSP-1.0	1	21265812	21270762	-	Os01g0560000
rice	IRGSP-1.0	1	21275618	21278757	+	Os01g0560200
rice	IRGSP-1.0	1	21337973	21340953	-	Os01g0561500
rice	IRGSP-1.0	1	21342129	21344066	-	Os01g0561600
rice	IRGSP-1.0	1	21362091	21362898	+	Os01g0561950
rice	IRGSP-1.0	1	21381884	21389642	+	Os01g0562400
rice	IRGSP-1.0	1	21392230	21393650	-	Os01g0562600
rice	IRGSP-1.0	1	21415022	21441440	+	Os01g0563000
rice	IRGSP-1.0	1	21444283	21449074	+	Os01g0563700
rice	IRGSP-1.0	1	21447489	21450077	-	Os01g0563500
rice	IRGSP-1.0	1	21525509	21549819	+	Os01g0564300
rice	IRGSP-1.0	1	21534121	21537684	-	Os01g0564400
rice	IRGSP-1.0	1	21555254	21556833	+	Os01g0564532
rice	IRGSP-1.0	1	21555564	21556757	-	Os01g0564600
rice	IRGSP-1.0	1	21603411	21604622	-	Os01g0564950
rice	IRGSP-1.0	1	21623760	21626735	-	Os01g0565600
rice	IRGSP-1.0	1	21628898	21630661	-	Os01g0565800
rice	IRGSP-1.0	1	21631182	21633086	+	Os01g0565900
rice	IRGSP-1.0	1	21633972	21635454	+	Os01g0566000
rice	IRGSP-1.0	1	21637031	21643111	-	Os01g0566100
rice	IRGSP-1.0	1	21661408	21662162	-	Os01g0566200
rice	IRGSP-1.0	1	21665759	21668304	-	Os01g0566500
rice	IRGSP-1.0	1	21687799	21689199	-	Os01g0566800
rice	IRGSP-1.0	1	21699002	21704182	-	Os01g0566900
rice	IRGSP-1.0	1	21713732	21714949	+	Os01g0567200
rice	IRGSP-1.0	1	21716142	21716605	-	Os01g0567400
rice	IRGSP-1.0	1	21719861	21722018	+	Os01g0567500
rice	IRGSP-1.0	1	21720000	21721903	-	Os01g0567533
rice	IRGSP-1.0	1	21724008	21725863	-	Os01g0567600
rice	IRGSP-1.0	1	21789247	21797054	-	Os01g0568800
rice	IRGSP-1.0	1	21805322	21810098	+	Os01g0568950
rice	IRGSP-1.0	1	21814796	21817900	+	Os01g0569200
rice	IRGSP-1.0	1	21831960	21835149	-	Os01g0569800
rice	IRGSP-1.0	1	21837626	21839347	-	Os01g0568400
rice	IRGSP-1.0	1	21878990	21883943	+	Os01g0570500
rice	IRGSP-1.0	1	21886899	21887840	-	Os01g0570601
rice	IRGSP-1.0	1	21896614	21897709	+	Os01g0570700
rice	IRGSP-1.0	1	21900067	21903103	-	Os01g0570800
rice	IRGSP-1.0	1	21918054	21921554	+	Os01g0571000
rice	IRGSP-1.0	1	21922042	21923916	-	Os01g0571100
rice	IRGSP-1.0	1	21922193	21924309	+	Os01g0571133
rice	IRGSP-1.0	1	21925151	21927844	-	Os01g0571166
rice	IRGSP-1.0	1	21933324	21935901	+	Os01g0571200
rice	IRGSP-1.0	1	21938865	21941797	+	Os01g0571300
rice	IRGSP-1.0	1	21944097	21944931	-	Os01g0571500
rice	IRGSP-1.0	1	21956101	21963333	+	Os01g0571700
rice	IRGSP-1.0	1	21964687	21965030	+	Os01g0571766
rice	IRGSP-1.0	1	21965670	21966047	-	Os01g0571800
rice	IRGSP-1.0	1	21976583	21981580	+	Os01g0572100
rice	IRGSP-1.0	1	21992872	21994492	-	Os01g0572200
rice	IRGSP-1.0	1	21992992	21996997	+	Os01g0572300
rice	IRGSP-1.0	1	22021849	22027269	-	Os01g0572700
rice	IRGSP-1.0	1	22039447	22042720	-	Os01g0572966
rice	IRGSP-1.0	1	22074387	22079852	+	Os01g0574400
rice	IRGSP-1.0	1	22077185	22079275	-	Os01g0574451
rice	IRGSP-1.0	1	22082298	22088239	+	Os01g0574500
rice	IRGSP-1.0	1	22083631	22087557	-	Os01g0574550
rice	IRGSP-1.0	1	22088204	22091018	-	Os01g0574600
rice	IRGSP-1.0	1	22098634	22099659	-	Os01g0574800
rice	IRGSP-1.0	1	22120320	22128715	+	Os01g0575000
rice	IRGSP-1.0	1	22138044	22142395	+	Os01g0575200
rice	IRGSP-1.0	1	22146536	22147630	+	Os01g0575400
rice	IRGSP-1.0	1	22163109	22180388	-	Os01g0575500
rice	IRGSP-1.0	1	22183942	22184097	+	Os01g0575701
rice	IRGSP-1.0	1	22185305	22186028	-	Os01g0575801
rice	IRGSP-1.0	1	22189635	22195896	-	Os01g0575901
rice	IRGSP-1.0	1	22215593	22241305	+	Os01g0576100
rice	IRGSP-1.0	1	22221812	22222613	+	Os01g0576000
rice	IRGSP-1.0	1	22233975	22234779	-	Os01g0576050
rice	IRGSP-1.0	1	22301233	22327456	+	Os01g0577300
rice	IRGSP-1.0	1	22338212	22340445	+	Os01g0577450
rice	IRGSP-1.0	1	22338926	22341545	-	Os01g0577600
rice	IRGSP-1.0	1	22353427	22358405	-	Os01g0578000
rice	IRGSP-1.0	1	22365507	22368019	-	Os01g0578200
rice	IRGSP-1.0	1	22375575	22377307	+	Os01g0578500
rice	IRGSP-1.0	1	22379059	22382876	+	Os01g0578700
rice	IRGSP-1.0	1	22385203	22386611	+	Os01g0578800
rice	IRGSP-1.0	1	22397124	22398128	-	Os01g0579000
rice	IRGSP-1.0	1	22427835	22430779	+	Os01g0579600
rice	IRGSP-1.0	1	22436022	22438392	+	Os01g0579800
rice	IRGSP-1.0	1	22439040	22441966	-	Os01g0579900
rice	IRGSP-1.0	1	22446210	22449819	-	Os01g0580000
rice	IRGSP-1.0	1	22450498	22456233	+	Os01g0580100
rice	IRGSP-1.0	1	22455140	22456347	-	Os01g0580150
rice	IRGSP-1.0	1	22466601	22472572	+	Os01g0580200
rice	IRGSP-1.0	1	22472670	22474337	-	Os01g0580300
rice	IRGSP-1.0	1	22474568	22476504	-	Os01g0580400
rice	IRGSP-1.0	1	22489496	22490967	+	Os01g0580500
rice	IRGSP-1.0	1	22494356	22500439	-	Os01g0580800
rice	IRGSP-1.0	1	22535013	22538645	+	Os01g0581300
rice	IRGSP-1.0	1	22538998	22542226	+	Os01g0581400
rice	IRGSP-1.0	1	22552874	22554531	-	Os01g0581800
rice	IRGSP-1.0	1	22557515	22561678	-	Os01g0581900
rice	IRGSP-1.0	1	22591434	22596164	-	Os01g0582400
rice	IRGSP-1.0	1	22604528	22606674	+	Os01g0582600
rice	IRGSP-1.0	1	22618198	22624094	+	Os01g0583100
rice	IRGSP-1.0	1	22625256	22628038	-	Os01g0583200
rice	IRGSP-1.0	1	22632732	22637148	-	Os01g0583300
rice	IRGSP-1.0	1	22641354	22641925	+	Os01g0583525
rice	IRGSP-1.0	1	22641455	22642680	-	Os01g0583600
rice	IRGSP-1.0	1	22644852	22650146	+	Os01g0583700
rice	IRGSP-1.0	1	22656369	22661862	+	Os01g0583900
rice	IRGSP-1.0	1	22676086	22678573	-	Os01g0584032
rice	IRGSP-1.0	1	22677778	22678619	+	Os01g0584100
rice	IRGSP-1.0	1	22683593	22688031	+	Os01g0584250
rice	IRGSP-1.0	1	22683901	22688068	-	Os01g0584200
rice	IRGSP-1.0	1	22691686	22692492	-	Os01g0584300
rice	IRGSP-1.0	1	22727081	22728388	+	Os01g0584800
rice	IRGSP-1.0	1	22731943	22733237	+	Os01g0584900
rice	IRGSP-1.0	1	22742545	22747123	+	Os01g0585100
rice	IRGSP-1.0	1	22747354	22748143	+	Os01g0585200
rice	IRGSP-1.0	1	22754546	22755398	-	Os01g0585300
rice	IRGSP-1.0	1	22755984	22757293	+	Os01g0585400
rice	IRGSP-1.0	1	22767949	22772615	+	Os01g0585600
rice	IRGSP-1.0	1	22768844	22772439	-	Os01g0585650
rice	IRGSP-1.0	1	22779111	22782682	+	Os01g0585700
rice	IRGSP-1.0	1	22792878	22793723	+	Os01g0586000
rice	IRGSP-1.0	1	22809664	22810684	+	Os01g0586450
rice	IRGSP-1.0	1	22820253	22823095	-	Os01g0586600
rice	IRGSP-1.0	1	22824809	22826277	-	Os01g0586800
rice	IRGSP-1.0	1	22835224	22835478	+	Os01g0586801
rice	IRGSP-1.0	1	22855514	22859716	-	Os01g0587000
rice	IRGSP-1.0	1	22868370	22872278	-	Os01g0587300
rice	IRGSP-1.0	1	22868537	22870640	+	Os01g0587150
rice	IRGSP-1.0	1	22879904	22895941	-	Os01g0587400
rice	IRGSP-1.0	1	22888446	22889111	-	Os01g0587500
rice	IRGSP-1.0	1	22899829	22900317	+	Os01g0587900
rice	IRGSP-1.0	1	22901067	22902273	-	Os01g0588000
rice	IRGSP-1.0	1	22906348	22907811	+	Os01g0588100
rice	IRGSP-1.0	1	22908290	22910674	-	Os01g0588200
rice	IRGSP-1.0	1	22908530	22910566	+	Os01g0588300
rice	IRGSP-1.0	1	22914602	22916173	-	Os01g0588400
rice	IRGSP-1.0	1	22918453	22923739	-	Os01g0588500
rice	IRGSP-1.0	1	22919260	22923596	+	Os01g0588550
rice	IRGSP-1.0	1	22929149	22930118	+	Os01g0588600
rice	IRGSP-1.0	1	22931955	22937186	+	Os01g0588700
rice	IRGSP-1.0	1	22948164	22952187	+	Os01g0588800
rice	IRGSP-1.0	1	22955070	22959148	-	Os01g0588900
rice	IRGSP-1.0	1	22980027	22983152	-	Os01g0589000
rice	IRGSP-1.0	1	22983392	22985787	+	Os01g0589100
rice	IRGSP-1.0	1	22986666	22987781	+	Os01g0589200
rice	IRGSP-1.0	1	22988229	22991939	+	Os01g0589300
rice	IRGSP-1.0	1	22991813	22994258	-	Os01g0589400
rice	IRGSP-1.0	1	22996071	22998341	-	Os01g0589500
rice	IRGSP-1.0	1	23000088	23002368	+	Os01g0589700
rice	IRGSP-1.0	1	23004127	23004931	+	Os01g0589800
rice	IRGSP-1.0	1	23005565	23008941	-	Os01g0589900
rice	IRGSP-1.0	1	23014343	23016905	-	Os01g0590100
rice	IRGSP-1.0	1	23023170	23026116	-	Os01g0590200
rice	IRGSP-1.0	1	23030252	23031000	+	Os01g0590300
rice	IRGSP-1.0	1	23073608	23079776	+	Os01g0590700
rice	IRGSP-1.0	1	23082349	23084213	-	Os01g0590800
rice	IRGSP-1.0	1	23090754	23095161	+	Os01g0590900
rice	IRGSP-1.0	1	23097292	23106301	+	Os01g0591000
rice	IRGSP-1.0	1	23105376	23106077	-	Os01g0591250
rice	IRGSP-1.0	1	23113647	23120516	+	Os01g0591300
rice	IRGSP-1.0	1	23167795	23168478	-	Os01g0592500
rice	IRGSP-1.0	1	23174817	23187023	-	Os01g0592900
rice	IRGSP-1.0	1	23208157	23213230	+	Os01g0593000
rice	IRGSP-1.0	1	23214611	23215961	-	Os01g0593100
rice	IRGSP-1.0	1	23224373	23226605	+	Os01g0593200
rice	IRGSP-1.0	1	23234892	23237624	-	Os01g0593500
rice	IRGSP-1.0	1	23239918	23243992	+	Os01g0593600
rice	IRGSP-1.0	1	23247278	23250623	+	Os01g0593700
rice	IRGSP-1.0	1	23247309	23250372	-	Os01g0593900
rice	IRGSP-1.0	1	23285238	23287336	+	Os01g0594300
rice	IRGSP-1.0	1	23291659	23292661	-	Os01g0594500
rice	IRGSP-1.0	1	23295182	23301387	+	Os01g0594650
rice	IRGSP-1.0	1	23295513	23298010	+	Os01g0594600
rice	IRGSP-1.0	1	23301874	23306377	-	Os01g0594800
rice	IRGSP-1.0	1	23311205	23312581	-	Os01g0594900
rice	IRGSP-1.0	1	23313213	23313928	-	Os01g0595001
rice	IRGSP-1.0	1	23316218	23322871	+	Os01g0595100
rice	IRGSP-1.0	1	23324460	23325125	+	Os01g0595201
rice	IRGSP-1.0	1	23329802	23331517	+	Os01g0595300
rice	IRGSP-1.0	1	23333024	23337221	+	Os01g0595400
rice	IRGSP-1.0	1	23343306	23345362	+	Os01g0595600
rice	IRGSP-1.0	1	23347750	23349352	+	Os01g0595700
rice	IRGSP-1.0	1	23347762	23353061	-	Os01g0595725
rice	IRGSP-1.0	1	23353537	23353963	+	Os01g0595800
rice	IRGSP-1.0	1	23357007	23359952	+	Os01g0595900
rice	IRGSP-1.0	1	23357101	23358961	-	Os01g0596001
rice	IRGSP-1.0	1	23363801	23365877	+	Os01g0596100
rice	IRGSP-1.0	1	23363828	23365749	-	Os01g0596201
rice	IRGSP-1.0	1	23376598	23378526	+	Os01g0596300
rice	IRGSP-1.0	1	23376634	23378538	-	Os01g0596425
rice	IRGSP-1.0	1	23392737	23393393	-	Os01g0596500
rice	IRGSP-1.0	1	23402666	23405874	+	Os01g0596600
rice	IRGSP-1.0	1	23408623	23411171	+	Os01g0596700
rice	IRGSP-1.0	1	23439509	23441397	+	Os01g0597400
rice	IRGSP-1.0	1	23447173	23448687	+	Os01g0597600
rice	IRGSP-1.0	1	23450174	23451357	-	Os01g0597701
rice	IRGSP-1.0	1	23456074	23458035	+	Os01g0597800
rice	IRGSP-1.0	1	23464237	23465185	+	Os01g0598000
rice	IRGSP-1.0	1	23498445	23502375	+	Os01g0598200
rice	IRGSP-1.0	1	23510098	23512343	-	Os01g0598400
rice	IRGSP-1.0	1	23515008	23516765	+	Os01g0598600
rice	IRGSP-1.0	1	23530089	23532422	-	Os01g0598900
rice	IRGSP-1.0	1	23541689	23544345	-	Os01g0599550
rice	IRGSP-1.0	1	23551743	23553931	+	Os01g0599900
rice	IRGSP-1.0	1	23554268	23557549	-	Os01g0600000
rice	IRGSP-1.0	1	23569843	23576519	+	Os01g0600200
rice	IRGSP-1.0	1	23577237	23580592	+	Os01g0600300
rice	IRGSP-1.0	1	23582624	23585981	+	Os01g0600400
rice	IRGSP-1.0	1	23584039	23585690	-	Os01g0600500
rice	IRGSP-1.0	1	23607363	23608541	+	Os01g0600900
rice	IRGSP-1.0	1	23611048	23615257	-	Os01g0601000
rice	IRGSP-1.0	1	23624289	23626972	+	Os01g0601200
rice	IRGSP-1.0	1	23631980	23635375	-	Os01g0601625
rice	IRGSP-1.0	1	23637263	23640649	+	Os01g0601651
rice	IRGSP-1.0	1	23639654	23642878	-	Os01g0601675
rice	IRGSP-1.0	1	23648429	23651499	-	Os01g0601700
rice	IRGSP-1.0	1	23663277	23664196	-	Os01g0602200
rice	IRGSP-1.0	1	23673178	23675960	-	Os01g0602400
rice	IRGSP-1.0	1	23673288	23675912	+	Os01g0602433
rice	IRGSP-1.0	1	23682415	23685494	+	Os01g0602466
rice	IRGSP-1.0	1	23682892	23685395	-	Os01g0602500
rice	IRGSP-1.0	1	23688285	23689293	-	Os01g0602600
rice	IRGSP-1.0	1	23727763	23733053	+	Os01g0602800
rice	IRGSP-1.0	1	23740879	23744974	-	Os01g0603000
rice	IRGSP-1.0	1	23746840	23751713	+	Os01g0603100
rice	IRGSP-1.0	1	23748957	23751636	-	Os01g0603200
rice	IRGSP-1.0	1	23760347	23762387	+	Os01g0603300
rice	IRGSP-1.0	1	23770115	23771515	+	Os01g0603500
rice	IRGSP-1.0	1	23776275	23780692	-	Os01g0603700
rice	IRGSP-1.0	1	23776466	23779747	+	Os01g0603800
rice	IRGSP-1.0	1	23782638	23784025	-	Os01g0604000
rice	IRGSP-1.0	1	23782830	23785773	+	Os01g0604100
rice	IRGSP-1.0	1	23787960	23789747	+	Os01g0604150
rice	IRGSP-1.0	1	23810484	23811557	-	Os01g0604500
rice	IRGSP-1.0	1	23812998	23813573	-	Os01g0604550
rice	IRGSP-1.0	1	23813192	23814608	+	Os01g0604600
rice	IRGSP-1.0	1	23814822	23819251	-	Os01g0604700
rice	IRGSP-1.0	1	23829864	23830601	+	Os01g0604900
rice	IRGSP-1.0	1	23838814	23840798	-	Os01g0605000
rice	IRGSP-1.0	1	23838868	23840725	+	Os01g0605100
rice	IRGSP-1.0	1	23843274	23846735	+	Os01g0605300
rice	IRGSP-1.0	1	23847041	23850326	+	Os01g0605400
rice	IRGSP-1.0	1	23850922	23854484	-	Os01g0605500
rice	IRGSP-1.0	1	23856793	23861718	+	Os01g0605650
rice	IRGSP-1.0	1	23864681	23867205	+	Os01g0605700
rice	IRGSP-1.0	1	23877540	23880467	+	Os01g0606000
rice	IRGSP-1.0	1	23883251	23884244	+	Os01g0606050
rice	IRGSP-1.0	1	23886851	23888222	-	Os01g0606133
rice	IRGSP-1.0	1	23886901	23888225	+	Os01g0606166
rice	IRGSP-1.0	1	23890258	23890668	-	Os01g0606200
rice	IRGSP-1.0	1	23895058	23897435	+	Os01g0606400
rice	IRGSP-1.0	1	23911517	23913239	+	Os01g0606900
rice	IRGSP-1.0	1	23914150	23914856	+	Os01g0607000
rice	IRGSP-1.0	1	23919276	23921549	+	Os01g0607100
rice	IRGSP-1.0	1	23923718	23933449	+	Os01g0607200
rice	IRGSP-1.0	1	23929777	23933117	-	Os01g0607250
rice	IRGSP-1.0	1	23934148	23937209	+	Os01g0607300
rice	IRGSP-1.0	1	23938395	23949885	-	Os01g0607400
rice	IRGSP-1.0	1	23947829	23962251	-	Os01g0607600
rice	IRGSP-1.0	1	23970594	23972310	+	Os01g0607800
rice	IRGSP-1.0	1	23976021	23981901	-	Os01g0607900
rice	IRGSP-1.0	1	24004148	24006633	-	Os01g0608000
rice	IRGSP-1.0	1	24004176	24006793	+	Os01g0608101
rice	IRGSP-1.0	1	24018634	24020111	+	Os01g0608300
rice	IRGSP-1.0	1	24018683	24019797	-	Os01g0608200
rice	IRGSP-1.0	1	24024938	24027535	-	Os01g0608400
rice	IRGSP-1.0	1	24046289	24048765	+	Os01g0608900
rice	IRGSP-1.0	1	24047446	24055918	-	Os01g0609000
rice	IRGSP-1.0	1	24065207	24073621	-	Os01g0609200
rice	IRGSP-1.0	1	24075070	24082181	-	Os01g0609300
rice	IRGSP-1.0	1	24080593	24081885	+	Os01g0609501
rice	IRGSP-1.0	1	24102742	24104421	+	Os01g0609700
rice	IRGSP-1.0	1	24107086	24115287	-	Os01g0609900
rice	IRGSP-1.0	1	24126625	24129621	+	Os01g0610100
rice	IRGSP-1.0	1	24136871	24144292	+	Os01g0610300
rice	IRGSP-1.0	1	24145891	24148846	+	Os01g0610400
rice	IRGSP-1.0	1	24151040	24154089	-	Os01g0610500
rice	IRGSP-1.0	1	24155649	24162572	-	Os01g0610600
rice	IRGSP-1.0	1	24163351	24166195	-	Os01g0610700
rice	IRGSP-1.0	1	24168245	24170219	-	Os01g0610800
rice	IRGSP-1.0	1	24181111	24183979	+	Os01g0611000
rice	IRGSP-1.0	1	24187312	24189794	+	Os01g0611100
rice	IRGSP-1.0	1	24187513	24189601	-	Os01g0611050
rice	IRGSP-1.0	1	24195504	24196616	+	Os01g0611300
rice	IRGSP-1.0	1	24240257	24245230	-	Os01g0611900
rice	IRGSP-1.0	1	24244539	24245291	+	Os01g0611950
rice	IRGSP-1.0	1	24245869	24249361	-	Os01g0612000
rice	IRGSP-1.0	1	24255379	24259940	+	Os01g0612200
rice	IRGSP-1.0	1	24261982	24267594	-	Os01g0612350
rice	IRGSP-1.0	1	24271398	24272349	+	Os01g0612425
rice	IRGSP-1.0	1	24277095	24280999	+	Os01g0612500
rice	IRGSP-1.0	1	24282911	24285306	-	Os01g0612600
rice	IRGSP-1.0	1	24294290	24299500	+	Os01g0612700
rice	IRGSP-1.0	1	24300004	24300543	-	Os01g0612750
rice	IRGSP-1.0	1	24300144	24301062	+	Os01g0612800
rice	IRGSP-1.0	1	24312652	24317113	+	Os01g0612900
rice	IRGSP-1.0	1	24334363	24336159	+	Os01g0613100
rice	IRGSP-1.0	1	24341214	24343585	+	Os01g0613300
rice	IRGSP-1.0	1	24343518	24345172	-	Os01g0613500
rice	IRGSP-1.0	1	24351308	24353345	-	Os01g0613800
rice	IRGSP-1.0	1	24354168	24360484	-	Os01g0613900
rice	IRGSP-1.0	1	24364146	24367678	+	Os01g0614300
rice	IRGSP-1.0	1	24366702	24367660	-	Os01g0614400
rice	IRGSP-1.0	1	24369103	24372156	-	Os01g0614500
rice	IRGSP-1.0	1	24375877	24379899	+	Os01g0614700
rice	IRGSP-1.0	1	24375913	24379864	-	Os01g0614750
rice	IRGSP-1.0	1	24380637	24386666	-	Os01g0614900
rice	IRGSP-1.0	1	24387024	24387834	+	Os01g0615000
rice	IRGSP-1.0	1	24390875	24391711	-	Os01g0615050
rice	IRGSP-1.0	1	24392841	24393423	+	Os01g0615100
rice	IRGSP-1.0	1	24395081	24396820	-	Os01g0615200
rice	IRGSP-1.0	1	24395291	24396703	+	Os01g0615250
rice	IRGSP-1.0	1	24397564	24400652	-	Os01g0615300
rice	IRGSP-1.0	1	24397782	24400564	+	Os01g0615400
rice	IRGSP-1.0	1	24408462	24410310	-	Os01g0615500
rice	IRGSP-1.0	1	24418549	24419274	-	Os01g0615850
rice	IRGSP-1.0	1	24428205	24436102	+	Os01g0616100
rice	IRGSP-1.0	1	24460869	24465037	+	Os01g0616300
rice	IRGSP-1.0	1	24461229	24464251	-	Os01g0616366
rice	IRGSP-1.0	1	24461529	24463106	+	Os01g0616333
rice	IRGSP-1.0	1	24471931	24478431	-	Os01g0616400
rice	IRGSP-1.0	1	24480898	24483661	+	Os01g0616500
rice	IRGSP-1.0	1	24484515	24485903	+	Os01g0616600
rice	IRGSP-1.0	1	24496188	24497895	+	Os01g0616800
rice	IRGSP-1.0	1	24498791	24504856	-	Os01g0616900
rice	IRGSP-1.0	1	24498883	24504674	+	Os01g0617200
rice	IRGSP-1.0	1	24534886	24546684	-	Os01g0617500
rice	IRGSP-1.0	1	24549202	24554122	-	Os01g0617600
rice	IRGSP-1.0	1	24554321	24555469	-	Os01g0617650
rice	IRGSP-1.0	1	24559329	24568659	+	Os01g0617700
rice	IRGSP-1.0	1	24569001	24571535	-	Os01g0617800
rice	IRGSP-1.0	1	24572983	24575556	+	Os01g0617900
rice	IRGSP-1.0	1	24575726	24576859	-	Os01g0618000
rice	IRGSP-1.0	1	24579647	24582075	-	Os01g0618100
rice	IRGSP-1.0	1	24584355	24589429	+	Os01g0618200
rice	IRGSP-1.0	1	24592460	24596220	-	Os01g0618300
rice	IRGSP-1.0	1	24598181	24601809	+	Os01g0618400
rice	IRGSP-1.0	1	24602227	24605484	+	Os01g0618500
rice	IRGSP-1.0	1	24614231	24615465	+	Os01g0618700
rice	IRGSP-1.0	1	24616103	24618581	-	Os01g0618800
rice	IRGSP-1.0	1	24630323	24632327	+	Os01g0618900
rice	IRGSP-1.0	1	24633765	24639276	-	Os01g0619000
rice	IRGSP-1.0	1	24643224	24644218	-	Os01g0619100
rice	IRGSP-1.0	1	24691392	24696311	+	Os01g0619800
rice	IRGSP-1.0	1	24696532	24697792	-	Os01g0619900
rice	IRGSP-1.0	1	24703771	24708911	-	Os01g0620100
rice	IRGSP-1.0	1	24712185	24713658	+	Os01g0620301
rice	IRGSP-1.0	1	24714259	24714801	+	Os01g0620400
rice	IRGSP-1.0	1	24739092	24740986	+	Os01g0620800
rice	IRGSP-1.0	1	24741594	24742209	-	Os01g0620900
rice	IRGSP-1.0	1	24753864	24758578	-	Os01g0621200
rice	IRGSP-1.0	1	24763107	24768254	-	Os01g0621300
rice	IRGSP-1.0	1	24767474	24769263	+	Os01g0621400
rice	IRGSP-1.0	1	24774161	24774574	+	Os01g0621500
rice	IRGSP-1.0	1	24784609	24788153	-	Os01g0621600
rice	IRGSP-1.0	1	24792133	24794372	+	Os01g0621700
rice	IRGSP-1.0	1	24808516	24813386	+	Os01g0621900
rice	IRGSP-1.0	1	24813615	24814292	-	Os01g0622000
rice	IRGSP-1.0	1	24813640	24818485	+	Os01g0622033
rice	IRGSP-1.0	1	24819659	24820517	-	Os01g0622066
rice	IRGSP-1.0	1	24819706	24820360	+	Os01g0622100
rice	IRGSP-1.0	1	24823998	24828139	-	Os01g0622300
rice	IRGSP-1.0	1	24833455	24838546	+	Os01g0622500
rice	IRGSP-1.0	1	24833813	24834217	-	Os01g0622400
rice	IRGSP-1.0	1	24839124	24843459	+	Os01g0622600
rice	IRGSP-1.0	1	24843748	24846832	-	Os01g0622700
rice	IRGSP-1.0	1	24850443	24851215	-	Os01g0622800
rice	IRGSP-1.0	1	24850618	24851298	+	Os01g0622901
rice	IRGSP-1.0	1	24855937	24857421	-	Os01g0623000
rice	IRGSP-1.0	1	24861697	24864291	-	Os01g0623200
rice	IRGSP-1.0	1	24894706	24899506	+	Os01g0623500
rice	IRGSP-1.0	1	24896894	24899282	-	Os01g0623550
rice	IRGSP-1.0	1	24899508	24901813	-	Os01g0623600
rice	IRGSP-1.0	1	24900667	24901663	+	Os01g0623750
rice	IRGSP-1.0	1	24908651	24910090	+	Os01g0623900
rice	IRGSP-1.0	1	24913551	24924014	-	Os01g0624000
rice	IRGSP-1.0	1	24933111	24933821	+	Os01g0624400
rice	IRGSP-1.0	1	24937665	24942799	+	Os01g0624500
rice	IRGSP-1.0	1	24945282	24947217	-	Os01g0624700
rice	IRGSP-1.0	1	24961079	24962826	+	Os01g0625200
rice	IRGSP-1.0	1	24967398	24969047	+	Os01g0625300
rice	IRGSP-1.0	1	24981269	24982666	-	Os01g0625900
rice	IRGSP-1.0	1	24994743	24997782	+	Os01g0626100
rice	IRGSP-1.0	1	25002693	25003291	+	Os01g0626200
rice	IRGSP-1.0	1	25004123	25004701	-	Os01g0626300
rice	IRGSP-1.0	1	25009514	25012233	+	Os01g0626400
rice	IRGSP-1.0	1	25019149	25021608	-	Os01g0626500
rice	IRGSP-1.0	1	25029829	25033240	-	Os01g0626900
rice	IRGSP-1.0	1	25040769	25043903	+	Os01g0627400
rice	IRGSP-1.0	1	25040923	25043717	-	Os01g0627450
rice	IRGSP-1.0	1	25045721	25049413	-	Os01g0627500
rice	IRGSP-1.0	1	25045913	25049352	+	Os01g0627550
rice	IRGSP-1.0	1	25055850	25058085	-	Os01g0627600
rice	IRGSP-1.0	1	25056093	25058195	+	Os01g0627701
rice	IRGSP-1.0	1	25060764	25063562	+	Os01g0627800
rice	IRGSP-1.0	1	25066171	25068280	+	Os01g0627900
rice	IRGSP-1.0	1	25066175	25068167	-	Os01g0627916
rice	IRGSP-1.0	1	25070716	25072692	+	Os01g0627933
rice	IRGSP-1.0	1	25076430	25078374	-	Os01g0627967
rice	IRGSP-1.0	1	25076611	25077382	+	Os01g0628000
rice	IRGSP-1.0	1	25114083	25118356	+	Os01g0628700
rice	IRGSP-1.0	1	25119734	25121919	+	Os01g0628900
rice	IRGSP-1.0	1	25119789	25121788	-	Os01g0628950
rice	IRGSP-1.0	1	25122508	25127466	+	Os01g0629000
rice	IRGSP-1.0	1	25132887	25138118	+	Os01g0629400
rice	IRGSP-1.0	1	25140681	25141680	+	Os01g0629500
rice	IRGSP-1.0	1	25144502	25145949	+	Os01g0629600
rice	IRGSP-1.0	1	25146732	25147447	-	Os01g0629750
rice	IRGSP-1.0	1	25152108	25158338	-	Os01g0629900
rice	IRGSP-1.0	1	25153899	25156698	+	Os01g0630000
rice	IRGSP-1.0	1	25187250	25189517	+	Os01g0630200
rice	IRGSP-1.0	1	25187267	25189478	-	Os01g0630101
rice	IRGSP-1.0	1	25190735	25191743	-	Os01g0630300
rice	IRGSP-1.0	1	25219700	25221448	+	Os01g0630900
rice	IRGSP-1.0	1	25226874	25233773	+	Os01g0631100
rice	IRGSP-1.0	1	25234709	25238165	+	Os01g0631200
rice	IRGSP-1.0	1	25257001	25263141	+	Os01g0631400
rice	IRGSP-1.0	1	25271701	25273506	+	Os01g0631500
rice	IRGSP-1.0	1	25282067	25286614	+	Os01g0631700
rice	IRGSP-1.0	1	25288392	25289157	+	Os01g0631800
rice	IRGSP-1.0	1	25291327	25298088	+	Os01g0631900
rice	IRGSP-1.0	1	25300974	25302931	+	Os01g0632100
rice	IRGSP-1.0	1	25300987	25302926	-	Os01g0632000
rice	IRGSP-1.0	1	25330851	25338137	+	Os01g0632700
rice	IRGSP-1.0	1	25350681	25351536	-	Os01g0633000
rice	IRGSP-1.0	1	25353805	25361883	+	Os01g0633100
rice	IRGSP-1.0	1	25363099	25367117	+	Os01g0633200
rice	IRGSP-1.0	1	25368481	25371006	+	Os01g0633400
rice	IRGSP-1.0	1	25382714	25384678	+	Os01g0633500
rice	IRGSP-1.0	1	25409162	25413922	-	Os01g0633900
rice	IRGSP-1.0	1	25420384	25425723	-	Os01g0634300
rice	IRGSP-1.0	1	25439082	25440898	-	Os01g0634500
rice	IRGSP-1.0	1	25442602	25444219	-	Os01g0634600
rice	IRGSP-1.0	1	25448240	25450513	+	Os01g0634900
rice	IRGSP-1.0	1	25457560	25457880	+	Os01g0635000
rice	IRGSP-1.0	1	25462003	25463635	+	Os01g0635200
rice	IRGSP-1.0	1	25466388	25474144	+	Os01g0635400
rice	IRGSP-1.0	1	25476388	25477555	-	Os01g0635550
rice	IRGSP-1.0	1	25478689	25483004	-	Os01g0635600
rice	IRGSP-1.0	1	25481887	25484008	+	Os01g0635800
rice	IRGSP-1.0	1	25501902	25504409	-	Os01g0636400
rice	IRGSP-1.0	1	25513947	25518078	+	Os01g0636500
rice	IRGSP-1.0	1	25516026	25523268	-	Os01g0636600
rice	IRGSP-1.0	1	25524187	25532029	-	Os01g0636700
rice	IRGSP-1.0	1	25541512	25542937	-	Os01g0637100
rice	IRGSP-1.0	1	25551701	25573478	-	Os01g0637300
rice	IRGSP-1.0	1	25582050	25583950	+	Os01g0637500
rice	IRGSP-1.0	1	25585914	25589162	-	Os01g0637600
rice	IRGSP-1.0	1	25590021	25590654	-	Os01g0637666
rice	IRGSP-1.0	1	25592575	25593523	+	Os01g0637800
rice	IRGSP-1.0	1	25598451	25600345	+	Os01g0638000
rice	IRGSP-1.0	1	25615791	25617367	+	Os01g0638600
rice	IRGSP-1.0	1	25627240	25627872	+	Os01g0638800
rice	IRGSP-1.0	1	25636995	25640474	+	Os01g0639100
rice	IRGSP-1.0	1	25640719	25647590	-	Os01g0639200
rice	IRGSP-1.0	1	25681571	25682862	+	Os01g0639600
rice	IRGSP-1.0	1	25696671	25705077	+	Os01g0639900
rice	IRGSP-1.0	1	25708316	25716827	+	Os01g0640000
rice	IRGSP-1.0	1	25710912	25712866	+	Os01g0640100
rice	IRGSP-1.0	1	25718967	25724624	-	Os01g0640200
rice	IRGSP-1.0	1	25744765	25747784	-	Os01g0640400
rice	IRGSP-1.0	1	25744767	25747925	+	Os01g0640600
rice	IRGSP-1.0	1	25748348	25750451	-	Os01g0640700
rice	IRGSP-1.0	1	25752298	25755783	-	Os01g0640800
rice	IRGSP-1.0	1	25757795	25762187	+	Os01g0641000
rice	IRGSP-1.0	1	25762489	25766525	+	Os01g0641100
rice	IRGSP-1.0	1	25777616	25781934	-	Os01g0641700
rice	IRGSP-1.0	1	25788625	25789657	-	Os01g0641750
rice	IRGSP-1.0	1	25788671	25790988	+	Os01g0641800
rice	IRGSP-1.0	1	25792699	25797614	+	Os01g0642000
rice	IRGSP-1.0	1	25798769	25800398	+	Os01g0642100
rice	IRGSP-1.0	1	25800668	25801243	-	Os01g0642200
rice	IRGSP-1.0	1	25825625	25826696	-	Os01g0642600
rice	IRGSP-1.0	1	25836151	25838904	+	Os01g0642700
rice	IRGSP-1.0	1	25839729	25839983	+	Os01g0642801
rice	IRGSP-1.0	1	25841673	25843494	-	Os01g0642900
rice	IRGSP-1.0	1	25863717	25868266	+	Os01g0643300
rice	IRGSP-1.0	1	25864066	25868017	-	Os01g0643450
rice	IRGSP-1.0	1	25880204	25883718	-	Os01g0643600
rice	IRGSP-1.0	1	25917636	25922976	-	Os01g0643800
rice	IRGSP-1.0	1	25919273	25922712	+	Os01g0643825
rice	IRGSP-1.0	1	25923454	25924149	+	Os01g0643900
rice	IRGSP-1.0	1	25926370	25928206	+	Os01g0644000
rice	IRGSP-1.0	1	25931149	25931730	-	Os01g0644200
rice	IRGSP-1.0	1	25933610	25934883	-	Os01g0644500
rice	IRGSP-1.0	1	25933618	25934890	+	Os01g0644400
rice	IRGSP-1.0	1	25949366	25950192	+	Os01g0644600
rice	IRGSP-1.0	1	25957753	25958568	+	Os01g0644900
rice	IRGSP-1.0	1	25959883	25961440	-	Os01g0645000
rice	IRGSP-1.0	1	25973499	25980398	+	Os01g0645200
rice	IRGSP-1.0	1	25994669	25996837	+	Os01g0645400
rice	IRGSP-1.0	1	26004527	26011193	-	Os01g0645650
rice	IRGSP-1.0	1	26033145	26034815	-	Os01g0645900
rice	IRGSP-1.0	1	26036642	26039083	+	Os01g0646000
rice	IRGSP-1.0	1	26044168	26045843	-	Os01g0646300
rice	IRGSP-1.0	1	26060892	26064410	-	Os01g0646700
rice	IRGSP-1.0	1	26065944	26071738	-	Os01g0646800
rice	IRGSP-1.0	1	26075030	26076876	+	Os01g0647000
rice	IRGSP-1.0	1	26078097	26082210	+	Os01g0647150
rice	IRGSP-1.0	1	26078129	26082198	-	Os01g0647100
rice	IRGSP-1.0	1	26086062	26088337	-	Os01g0647200
rice	IRGSP-1.0	1	26106836	26111089	+	Os01g0647700
rice	IRGSP-1.0	1	26111955	26114140	-	Os01g0647800
rice	IRGSP-1.0	1	26115235	26119289	-	Os01g0647850
rice	IRGSP-1.0	1	26119741	26126165	-	Os01g0648000
rice	IRGSP-1.0	1	26119880	26125883	+	Os01g0648225
rice	IRGSP-1.0	1	26163786	26166472	+	Os01g0648500
rice	IRGSP-1.0	1	26170046	26171566	+	Os01g0648600
rice	IRGSP-1.0	1	26173196	26177230	-	Os01g0648700
rice	IRGSP-1.0	1	26183883	26190120	+	Os01g0649000
rice	IRGSP-1.0	1	26190754	26194403	+	Os01g0649100
rice	IRGSP-1.0	1	26200285	26201321	+	Os01g0649200
rice	IRGSP-1.0	1	26202814	26206936	+	Os01g0649400
rice	IRGSP-1.0	1	26212312	26212771	-	Os01g0649566
rice	IRGSP-1.0	1	26218334	26222970	-	Os01g0649732
rice	IRGSP-1.0	1	26222617	26225117	+	Os01g0649900
rice	IRGSP-1.0	1	26226577	26231030	-	Os01g0649950
rice	IRGSP-1.0	1	26230738	26234611	+	Os01g0650000
rice	IRGSP-1.0	1	26235768	26238284	+	Os01g0650100
rice	IRGSP-1.0	1	26249386	26274184	+	Os01g0650200
rice	IRGSP-1.0	1	26278076	26280346	-	Os01g0650700
rice	IRGSP-1.0	1	26282810	26285087	-	Os01g0650800
rice	IRGSP-1.0	1	26286441	26287942	+	Os01g0650900
rice	IRGSP-1.0	1	26286573	26287867	-	Os01g0650950
rice	IRGSP-1.0	1	26290150	26292389	+	Os01g0651000
rice	IRGSP-1.0	1	26293489	26298880	+	Os01g0651100
rice	IRGSP-1.0	1	26300193	26302513	-	Os01g0651150
rice	IRGSP-1.0	1	26300660	26302232	+	Os01g0651200
rice	IRGSP-1.0	1	26306238	26307237	+	Os01g0651300
rice	IRGSP-1.0	1	26306408	26309172	-	Os01g0651350
rice	IRGSP-1.0	1	26309253	26311638	+	Os01g0651400
rice	IRGSP-1.0	1	26312015	26313114	+	Os01g0651500
rice	IRGSP-1.0	1	26312068	26313056	-	Os01g0651450
rice	IRGSP-1.0	1	26321416	26324769	+	Os01g0651800
rice	IRGSP-1.0	1	26321617	26324525	-	Os01g0651866
rice	IRGSP-1.0	1	26364766	26367362	+	Os01g0651932
rice	IRGSP-1.0	1	26367912	26369437	+	Os01g0652000
rice	IRGSP-1.0	1	26368398	26374101	-	Os01g0652100
rice	IRGSP-1.0	1	26370320	26374047	+	Os01g0652200
rice	IRGSP-1.0	1	26383595	26387037	-	Os01g0652300
rice	IRGSP-1.0	1	26383821	26387010	+	Os01g0652375
rice	IRGSP-1.0	1	26384648	26385354	-	Os01g0652450
rice	IRGSP-1.0	1	26392164	26396100	+	Os01g0652600
rice	IRGSP-1.0	1	26398214	26398679	+	Os01g0652700
rice	IRGSP-1.0	1	26401569	26403477	-	Os01g0652800
rice	IRGSP-1.0	1	26414881	26416188	-	Os01g0653100
rice	IRGSP-1.0	1	26420263	26421981	+	Os01g0653200
rice	IRGSP-1.0	1	26423510	26423740	-	Os01g0653300
rice	IRGSP-1.0	1	26428183	26429329	-	Os01g0653350
rice	IRGSP-1.0	1	26431968	26434327	-	Os01g0653500
rice	IRGSP-1.0	1	26449054	26449963	-	Os01g0653601
rice	IRGSP-1.0	1	26449179	26452724	+	Os01g0653700
rice	IRGSP-1.0	1	26453784	26465951	-	Os01g0653800
rice	IRGSP-1.0	1	26514543	26521761	+	Os01g0654100
rice	IRGSP-1.0	1	26522784	26527301	-	Os01g0654200
rice	IRGSP-1.0	1	26530279	26532048	+	Os01g0654300
rice	IRGSP-1.0	1	26532021	26532497	-	Os01g0654400
rice	IRGSP-1.0	1	26532180	26532659	+	Os01g0654450
rice	IRGSP-1.0	1	26533072	26537108	-	Os01g0654500
rice	IRGSP-1.0	1	26565249	26565524	+	Os01g0654800
rice	IRGSP-1.0	1	26572530	26573815	+	Os01g0654900
rice	IRGSP-1.0	1	26592223	26599632	+	Os01g0655300
rice	IRGSP-1.0	1	26601979	26608476	-	Os01g0655400
rice	IRGSP-1.0	1	26611799	26618704	+	Os01g0655500
rice	IRGSP-1.0	1	26628877	26636906	+	Os01g0655800
rice	IRGSP-1.0	1	26652966	26658299	+	Os01g0656200
rice	IRGSP-1.0	1	26653444	26657999	-	Os01g0656250
rice	IRGSP-1.0	1	26679997	26680317	-	Os01g0656300
rice	IRGSP-1.0	1	26687377	26688416	-	Os01g0656400
rice	IRGSP-1.0	1	26699254	26701573	-	Os01g0656600
rice	IRGSP-1.0	1	26717834	26722446	+	Os01g0656900
rice	IRGSP-1.0	1	26722728	26724906	+	Os01g0657000
rice	IRGSP-1.0	1	26724948	26726953	-	Os01g0657100
rice	IRGSP-1.0	1	26725313	26726985	+	Os01g0657250
rice	IRGSP-1.0	1	26734068	26735164	-	Os01g0657400
rice	IRGSP-1.0	1	26734307	26735980	+	Os01g0657801
rice	IRGSP-1.0	1	26767672	26769190	-	Os01g0658300
rice	IRGSP-1.0	1	26781113	26784353	-	Os01g0658400
rice	IRGSP-1.0	1	26785190	26788665	-	Os01g0658500
rice	IRGSP-1.0	1	26790255	26791689	+	Os01g0658600
rice	IRGSP-1.0	1	26791783	26795939	-	Os01g0658700
rice	IRGSP-1.0	1	26792044	26795018	+	Os01g0658800
rice	IRGSP-1.0	1	26800095	26805467	-	Os01g0658900
rice	IRGSP-1.0	1	26811872	26816519	+	Os01g0659200
rice	IRGSP-1.0	1	26862081	26863434	+	Os01g0659800
rice	IRGSP-1.0	1	26872217	26875031	+	Os01g0659900
rice	IRGSP-1.0	1	26878591	26879891	-	Os01g0660000
rice	IRGSP-1.0	1	26878893	26880059	+	Os01g0660100
rice	IRGSP-1.0	1	26885484	26886719	+	Os01g0660200
rice	IRGSP-1.0	1	26888425	26895926	-	Os01g0660300
rice	IRGSP-1.0	1	26905578	26907242	-	Os01g0660400
rice	IRGSP-1.0	1	26912591	26913295	+	Os01g0660450
rice	IRGSP-1.0	1	26912597	26913772	-	Os01g0660500
rice	IRGSP-1.0	1	26913460	26919559	+	Os01g0660550
rice	IRGSP-1.0	1	26923017	26924486	-	Os01g0660700
rice	IRGSP-1.0	1	26967895	26968891	-	Os01g0660800
rice	IRGSP-1.0	1	26971446	26973519	+	Os01g0660900
rice	IRGSP-1.0	1	26975616	26978062	+	Os01g0661000
rice	IRGSP-1.0	1	26976082	26976321	-	Os01g0661200
rice	IRGSP-1.0	1	27004281	27008038	+	Os01g0661400
rice	IRGSP-1.0	1	27008803	27012114	+	Os01g0661500
rice	IRGSP-1.0	1	27013833	27014965	+	Os01g0661601
rice	IRGSP-1.0	1	27017521	27018815	-	Os01g0661650
rice	IRGSP-1.0	1	27019676	27021655	-	Os01g0661700
rice	IRGSP-1.0	1	27032052	27032405	+	Os01g0661750
rice	IRGSP-1.0	1	27041773	27042669	+	Os01g0662300
rice	IRGSP-1.0	1	27047365	27050478	-	Os01g0662600
rice	IRGSP-1.0	1	27050876	27054574	-	Os01g0662700
rice	IRGSP-1.0	1	27055948	27056849	-	Os01g0662800
rice	IRGSP-1.0	1	27062505	27064276	-	Os01g0663051
rice	IRGSP-1.0	1	27081819	27085661	+	Os01g0663300
rice	IRGSP-1.0	1	27085767	27092237	-	Os01g0663400
rice	IRGSP-1.0	1	27095458	27100193	+	Os01g0663500
rice	IRGSP-1.0	1	27102158	27110014	-	Os01g0663800
rice	IRGSP-1.0	1	27115631	27120123	+	Os01g0664000
rice	IRGSP-1.0	1	27123488	27129361	+	Os01g0664100
rice	IRGSP-1.0	1	27130541	27134194	-	Os01g0664200
rice	IRGSP-1.0	1	27145068	27149003	+	Os01g0664500
rice	IRGSP-1.0	1	27171290	27178431	+	Os01g0665200
rice	IRGSP-1.0	1	27173399	27176828	-	Os01g0665250
rice	IRGSP-1.0	1	27178705	27183840	-	Os01g0665300
rice	IRGSP-1.0	1	27185635	27191227	+	Os01g0665400
rice	IRGSP-1.0	1	27196814	27197158	-	Os01g0665500
rice	IRGSP-1.0	1	27198727	27199216	-	Os01g0665750
rice	IRGSP-1.0	1	27220793	27221419	+	Os01g0665900
rice	IRGSP-1.0	1	27226175	27230292	-	Os01g0666000
rice	IRGSP-1.0	1	27236103	27236288	-	Os01g0666101
rice	IRGSP-1.0	1	27236519	27239874	+	Os01g0666200
rice	IRGSP-1.0	1	27240118	27241139	-	Os01g0666400
rice	IRGSP-1.0	1	27243443	27246045	-	Os01g0666500
rice	IRGSP-1.0	1	27246279	27247948	+	Os01g0666600
rice	IRGSP-1.0	1	27257387	27266432	+	Os01g0666800
rice	IRGSP-1.0	1	27266745	27268261	+	Os01g0666950
rice	IRGSP-1.0	1	27269167	27270223	-	Os01g0667000
rice	IRGSP-1.0	1	27271350	27273931	-	Os01g0667100
rice	IRGSP-1.0	1	27274750	27278556	-	Os01g0667200
rice	IRGSP-1.0	1	27288306	27292681	-	Os01g0667400
rice	IRGSP-1.0	1	27301548	27302922	+	Os01g0667600
rice	IRGSP-1.0	1	27301738	27302710	-	Os01g0667550
rice	IRGSP-1.0	1	27303264	27312300	-	Os01g0667700
rice	IRGSP-1.0	1	27312997	27314433	+	Os01g0667750
rice	IRGSP-1.0	1	27317349	27320807	-	Os01g0667800
rice	IRGSP-1.0	1	27326050	27327025	-	Os01g0667900
rice	IRGSP-1.0	1	27336260	27339335	+	Os01g0668000
rice	IRGSP-1.0	1	27340911	27341950	-	Os01g0668100
rice	IRGSP-1.0	1	27354111	27355778	+	Os01g0668200
rice	IRGSP-1.0	1	27357348	27363078	+	Os01g0668300
rice	IRGSP-1.0	1	27366269	27368704	-	Os01g0668400
rice	IRGSP-1.0	1	27367535	27368981	+	Os01g0668500
rice	IRGSP-1.0	1	27375122	27377698	-	Os01g0668600
rice	IRGSP-1.0	1	27385840	27390795	-	Os01g0668700
rice	IRGSP-1.0	1	27386571	27389102	+	Os01g0668901
rice	IRGSP-1.0	1	27417284	27420084	-	Os01g0669100
rice	IRGSP-1.0	1	27474092	27476781	-	Os01g0670100
rice	IRGSP-1.0	1	27484134	27486470	-	Os01g0670300
rice	IRGSP-1.0	1	27491023	27492614	-	Os01g0670500
rice	IRGSP-1.0	1	27493829	27496509	-	Os01g0670600
rice	IRGSP-1.0	1	27501506	27507181	-	Os01g0670800
rice	IRGSP-1.0	1	27556027	27560681	-	Os01g0672100
rice	IRGSP-1.0	1	27568812	27570626	-	Os01g0672166
rice	IRGSP-1.0	1	27582039	27585096	+	Os01g0672201
rice	IRGSP-1.0	1	27595166	27598806	+	Os01g0672300
rice	IRGSP-1.0	1	27601487	27604913	+	Os01g0672400
rice	IRGSP-1.0	1	27606058	27608639	-	Os01g0672500
rice	IRGSP-1.0	1	27624620	27630340	+	Os01g0672700
rice	IRGSP-1.0	1	27631023	27633082	-	Os01g0672800
rice	IRGSP-1.0	1	27656267	27657910	+	Os01g0673300
rice	IRGSP-1.0	1	27658843	27659146	-	Os01g0673400
rice	IRGSP-1.0	1	27660018	27666746	-	Os01g0673500
rice	IRGSP-1.0	1	27668585	27671611	-	Os01g0673600
rice	IRGSP-1.0	1	27676501	27681662	+	Os01g0673700
rice	IRGSP-1.0	1	27677194	27681560	-	Os01g0673800
rice	IRGSP-1.0	1	27681801	27682550	-	Os01g0673900
rice	IRGSP-1.0	1	27690597	27691968	-	Os01g0674000
rice	IRGSP-1.0	1	27692921	27702331	-	Os01g0674100
rice	IRGSP-1.0	1	27693152	27695915	+	Os01g0674125
rice	IRGSP-1.0	1	27704013	27705072	+	Os01g0674150
rice	IRGSP-1.0	1	27714540	27715226	+	Os01g0674400
rice	IRGSP-1.0	1	27716240	27721217	-	Os01g0674500
rice	IRGSP-1.0	1	27725579	27731480	+	Os01g0674700
rice	IRGSP-1.0	1	27737142	27739719	+	Os01g0674800
rice	IRGSP-1.0	1	27742228	27745141	+	Os01g0675000
rice	IRGSP-1.0	1	27745830	27747887	-	Os01g0675100
rice	IRGSP-1.0	1	27754650	27755765	-	Os01g0675400
rice	IRGSP-1.0	1	27757765	27761694	-	Os01g0675500
rice	IRGSP-1.0	1	27777432	27780995	+	Os01g0675700
rice	IRGSP-1.0	1	27780948	27782265	-	Os01g0675800
rice	IRGSP-1.0	1	27781759	27786211	+	Os01g0675933
rice	IRGSP-1.0	1	27801413	27802410	+	Os01g0676200
rice	IRGSP-1.0	1	27826973	27828096	+	Os01g0676800
rice	IRGSP-1.0	1	27833978	27835938	+	Os01g0676900
rice	IRGSP-1.0	1	27840205	27842391	+	Os01g0677000
rice	IRGSP-1.0	1	27843400	27844850	-	Os01g0677100
rice	IRGSP-1.0	1	27854298	27854925	+	Os01g0677400
rice	IRGSP-1.0	1	27860530	27862131	+	Os01g0677500
rice	IRGSP-1.0	1	27868771	27871845	+	Os01g0677900
rice	IRGSP-1.0	1	27875639	27878341	+	Os01g0678000
rice	IRGSP-1.0	1	27877175	27878304	-	Os01g0678050
rice	IRGSP-1.0	1	27883020	27886068	+	Os01g0678100
rice	IRGSP-1.0	1	27896354	27898031	+	Os01g0678400
rice	IRGSP-1.0	1	27906660	27920949	-	Os01g0678500
rice	IRGSP-1.0	1	27922318	27924335	+	Os01g0678600
rice	IRGSP-1.0	1	27924913	27928433	-	Os01g0678700
rice	IRGSP-1.0	1	27930111	27930950	-	Os01g0678800
rice	IRGSP-1.0	1	27938801	27947024	+	Os01g0679000
rice	IRGSP-1.0	1	27956735	27959135	+	Os01g0679500
rice	IRGSP-1.0	1	27960362	27961312	+	Os01g0679550
rice	IRGSP-1.0	1	27961739	27965436	+	Os01g0679600
rice	IRGSP-1.0	1	27965722	27968107	-	Os01g0679700
rice	IRGSP-1.0	1	27983688	27990347	+	Os01g0679900
rice	IRGSP-1.0	1	27983698	27989742	-	Os01g0680000
rice	IRGSP-1.0	1	27995795	27997388	-	Os01g0680100
rice	IRGSP-1.0	1	27995961	27997544	+	Os01g0680200
rice	IRGSP-1.0	1	28009051	28011750	+	Os01g0680400
rice	IRGSP-1.0	1	28012378	28014462	-	Os01g0680500
rice	IRGSP-1.0	1	28012679	28013739	+	Os01g0680600
rice	IRGSP-1.0	1	28014729	28015022	+	Os01g0680650
rice	IRGSP-1.0	1	28016284	28021413	-	Os01g0680700
rice	IRGSP-1.0	1	28028749	28031687	-	Os01g0680900
rice	IRGSP-1.0	1	28030724	28032032	+	Os01g0680950
rice	IRGSP-1.0	1	28033034	28051826	-	Os01g0681000
rice	IRGSP-1.0	1	28033166	28035196	+	Os01g0681050
rice	IRGSP-1.0	1	28054939	28060593	+	Os01g0681100
rice	IRGSP-1.0	1	28055083	28060452	-	Os01g0681150
rice	IRGSP-1.0	1	28061734	28067159	-	Os01g0681200
rice	IRGSP-1.0	1	28066706	28067374	+	Os01g0681332
rice	IRGSP-1.0	1	28070715	28076428	-	Os01g0681400
rice	IRGSP-1.0	1	28080392	28083298	+	Os01g0681600
rice	IRGSP-1.0	1	28080881	28083179	-	Os01g0681650
rice	IRGSP-1.0	1	28085781	28086459	-	Os01g0681700
rice	IRGSP-1.0	1	28088399	28089095	-	Os01g0681800
rice	IRGSP-1.0	1	28091213	28102914	-	Os01g0681900
rice	IRGSP-1.0	1	28118327	28119161	-	Os01g0682200
rice	IRGSP-1.0	1	28126575	28130263	+	Os01g0682500
rice	IRGSP-1.0	1	28130510	28132559	-	Os01g0682700
rice	IRGSP-1.0	1	28136367	28143339	+	Os01g0683100
rice	IRGSP-1.0	1	28161732	28166115	+	Os01g0683400
rice	IRGSP-1.0	1	28168418	28172563	-	Os01g0683550
rice	IRGSP-1.0	1	28173863	28175947	+	Os01g0683600
rice	IRGSP-1.0	1	28176745	28177756	+	Os01g0683700
rice	IRGSP-1.0	1	28176779	28177535	-	Os01g0683800
rice	IRGSP-1.0	1	28187891	28193349	+	Os01g0684200
rice	IRGSP-1.0	1	28193378	28196715	-	Os01g0684301
rice	IRGSP-1.0	1	28231419	28234854	+	Os01g0684800
rice	IRGSP-1.0	1	28235071	28238631	-	Os01g0684900
rice	IRGSP-1.0	1	28240209	28242532	+	Os01g0685100
rice	IRGSP-1.0	1	28242906	28246259	-	Os01g0685200
rice	IRGSP-1.0	1	28246607	28248021	+	Os01g0685300
rice	IRGSP-1.0	1	28249920	28251516	+	Os01g0685400
rice	IRGSP-1.0	1	28261273	28267707	-	Os01g0685500
rice	IRGSP-1.0	1	28262510	28262980	+	Os01g0685600
rice	IRGSP-1.0	1	28267539	28269967	+	Os01g0685650
rice	IRGSP-1.0	1	28277699	28281938	+	Os01g0685800
rice	IRGSP-1.0	1	28277798	28281870	-	Os01g0685850
rice	IRGSP-1.0	1	28282813	28287091	+	Os01g0685900
rice	IRGSP-1.0	1	28289381	28290175	+	Os01g0686000
rice	IRGSP-1.0	1	28295136	28299994	+	Os01g0686100
rice	IRGSP-1.0	1	28303270	28304839	+	Os01g0686200
rice	IRGSP-1.0	1	28307652	28309500	+	Os01g0686300
rice	IRGSP-1.0	1	28316497	28317263	+	Os01g0686400
rice	IRGSP-1.0	1	28319268	28321083	+	Os01g0686500
rice	IRGSP-1.0	1	28322583	28325080	+	Os01g0686600
rice	IRGSP-1.0	1	28322626	28324873	-	Os01g0686650
rice	IRGSP-1.0	1	28325379	28327645	-	Os01g0686700
rice	IRGSP-1.0	1	28330800	28333317	+	Os01g0686800
rice	IRGSP-1.0	1	28342915	28343649	-	Os01g0687150
rice	IRGSP-1.0	1	28345842	28350882	+	Os01g0687300
rice	IRGSP-1.0	1	28354882	28356067	-	Os01g0687400
rice	IRGSP-1.0	1	28363993	28364628	-	Os01g0687450
rice	IRGSP-1.0	1	28364038	28368033	+	Os01g0687500
rice	IRGSP-1.0	1	28367976	28370530	-	Os01g0687600
rice	IRGSP-1.0	1	28370919	28374507	-	Os01g0687700
rice	IRGSP-1.0	1	28376585	28379713	-	Os01g0687800
rice	IRGSP-1.0	1	28378929	28379546	+	Os01g0687850
rice	IRGSP-1.0	1	28380902	28381855	-	Os01g0688000
rice	IRGSP-1.0	1	28384023	28387157	-	Os01g0688200
rice	IRGSP-1.0	1	28403683	28404693	+	Os01g0688300
rice	IRGSP-1.0	1	28417330	28418601	-	Os01g0688600
rice	IRGSP-1.0	1	28418679	28419047	-	Os01g0688700
rice	IRGSP-1.0	1	28425816	28427634	-	Os01g0688900
rice	IRGSP-1.0	1	28431993	28433405	+	Os01g0689000
rice	IRGSP-1.0	1	28447888	28458988	-	Os01g0689451
rice	IRGSP-1.0	1	28467690	28471172	-	Os01g0689600
rice	IRGSP-1.0	1	28479278	28482802	+	Os01g0689800
rice	IRGSP-1.0	1	28482950	28496176	-	Os01g0689900
rice	IRGSP-1.0	1	28483343	28488049	+	Os01g0689975
rice	IRGSP-1.0	1	28502293	28503364	-	Os01g0690200
rice	IRGSP-1.0	1	28504690	28509627	-	Os01g0690333
rice	IRGSP-1.0	1	28513039	28517678	+	Os01g0690600
rice	IRGSP-1.0	1	28524105	28534387	+	Os01g0690800
rice	IRGSP-1.0	1	28526306	28526710	+	Os01g0690900
rice	IRGSP-1.0	1	28534821	28536497	+	Os01g0691000
rice	IRGSP-1.0	1	28536737	28537615	+	Os01g0691050
rice	IRGSP-1.0	1	28537896	28538617	-	Os01g0691100
rice	IRGSP-1.0	1	28538115	28539701	+	Os01g0691200
rice	IRGSP-1.0	1	28538881	28539369	-	Os01g0691300
rice	IRGSP-1.0	1	28539955	28541359	+	Os01g0691400
rice	IRGSP-1.0	1	28541558	28545424	-	Os01g0691500
rice	IRGSP-1.0	1	28545585	28553746	+	Os01g0691600
rice	IRGSP-1.0	1	28555960	28560504	+	Os01g0691700
rice	IRGSP-1.0	1	28566638	28567684	-	Os01g0692000
rice	IRGSP-1.0	1	28568799	28569539	+	Os01g0692050
rice	IRGSP-1.0	1	28568839	28569792	-	Os01g0692100
rice	IRGSP-1.0	1	28572037	28572921	+	Os01g0692200
rice	IRGSP-1.0	1	28573135	28575675	+	Os01g0692300
rice	IRGSP-1.0	1	28575815	28576674	-	Os01g0692400
rice	IRGSP-1.0	1	28578164	28582752	-	Os01g0692500
rice	IRGSP-1.0	1	28578167	28582863	+	Os01g0692600
rice	IRGSP-1.0	1	28583152	28586500	-	Os01g0692700
rice	IRGSP-1.0	1	28599291	28600408	+	Os01g0693100
rice	IRGSP-1.0	1	28605063	28608212	+	Os01g0693300
rice	IRGSP-1.0	1	28619585	28621117	-	Os01g0693400
rice	IRGSP-1.0	1	28625335	28625865	+	Os01g0693466
rice	IRGSP-1.0	1	28635386	28638647	-	Os01g0693532
rice	IRGSP-1.0	1	28651357	28651761	-	Os01g0693700
rice	IRGSP-1.0	1	28654048	28655948	-	Os01g0693800
rice	IRGSP-1.0	1	28657603	28660499	-	Os01g0693900
rice	IRGSP-1.0	1	28666309	28668105	+	Os01g0694000
rice	IRGSP-1.0	1	28669548	28672188	-	Os01g0694050
rice	IRGSP-1.0	1	28669652	28673566	+	Os01g0694100
rice	IRGSP-1.0	1	28675518	28680153	-	Os01g0694200
rice	IRGSP-1.0	1	28683874	28686338	-	Os01g0694300
rice	IRGSP-1.0	1	28697443	28698627	-	Os01g0694400
rice	IRGSP-1.0	1	28708990	28710370	-	Os01g0694500
rice	IRGSP-1.0	1	28726589	28727227	-	Os01g0694800
rice	IRGSP-1.0	1	28729121	28735042	+	Os01g0694900
rice	IRGSP-1.0	1	28739988	28744762	+	Os01g0695100
rice	IRGSP-1.0	1	28746556	28751345	+	Os01g0695200
rice	IRGSP-1.0	1	28752172	28755585	-	Os01g0695300
rice	IRGSP-1.0	1	28756464	28759291	-	Os01g0695600
rice	IRGSP-1.0	1	28768976	28780102	+	Os01g0695700
rice	IRGSP-1.0	1	28769003	28774443	-	Os01g0695625
rice	IRGSP-1.0	1	28786544	28787701	-	Os01g0695800
rice	IRGSP-1.0	1	28796526	28797649	+	Os01g0695900
rice	IRGSP-1.0	1	28798880	28803859	+	Os01g0696000
rice	IRGSP-1.0	1	28801026	28802680	-	Os01g0696100
rice	IRGSP-1.0	1	28823442	28824184	-	Os01g0696500
rice	IRGSP-1.0	1	28825692	28826250	+	Os01g0696600
rice	IRGSP-1.0	1	28825757	28828085	-	Os01g0696701
rice	IRGSP-1.0	1	28835243	28836884	+	Os01g0696800
rice	IRGSP-1.0	1	28847995	28849719	-	Os01g0697100
rice	IRGSP-1.0	1	28854747	28855282	-	Os01g0697250
rice	IRGSP-1.0	1	28870424	28872556	-	Os01g0697400
rice	IRGSP-1.0	1	28874539	28875033	-	Os01g0697700
rice	IRGSP-1.0	1	28881515	28882954	-	Os01g0698000
rice	IRGSP-1.0	1	28885452	28890777	+	Os01g0698100
rice	IRGSP-1.0	1	28891193	28892278	-	Os01g0698200
rice	IRGSP-1.0	1	28892894	28897236	+	Os01g0698300
rice	IRGSP-1.0	1	28910215	28911081	-	Os01g0698800
rice	IRGSP-1.0	1	28914457	28915902	+	Os01g0698900
rice	IRGSP-1.0	1	28921498	28923085	+	Os01g0699100
rice	IRGSP-1.0	1	28933836	28935191	+	Os01g0699400
rice	IRGSP-1.0	1	28938971	28941009	-	Os01g0699500
rice	IRGSP-1.0	1	28939652	28940925	+	Os01g0699450
rice	IRGSP-1.0	1	28946550	28948064	-	Os01g0699600
rice	IRGSP-1.0	1	28955683	28957013	+	Os01g0699900
rice	IRGSP-1.0	1	28964966	28968109	-	Os01g0699950
rice	IRGSP-1.0	1	28970632	28974459	+	Os01g0700000
rice	IRGSP-1.0	1	28975565	28977344	+	Os01g0700100
rice	IRGSP-1.0	1	28978119	28983863	+	Os01g0700200
rice	IRGSP-1.0	1	28984499	28986016	-	Os01g0700300
rice	IRGSP-1.0	1	28991293	28992844	-	Os01g0700400
rice	IRGSP-1.0	1	28991472	28993283	+	Os01g0700500
rice	IRGSP-1.0	1	29020797	29025975	+	Os01g0700900
rice	IRGSP-1.0	1	29020887	29025817	-	Os01g0701100
rice	IRGSP-1.0	1	29036327	29041621	+	Os01g0701400
rice	IRGSP-1.0	1	29036414	29041387	-	Os01g0701350
rice	IRGSP-1.0	1	29045049	29047994	+	Os01g0701500
rice	IRGSP-1.0	1	29045089	29048048	-	Os01g0701600
rice	IRGSP-1.0	1	29050777	29053445	-	Os01g0701700
rice	IRGSP-1.0	1	29067275	29072196	-	Os01g0701900
rice	IRGSP-1.0	1	29072787	29076338	-	Os01g0702000
rice	IRGSP-1.0	1	29105137	29108734	+	Os01g0702300
rice	IRGSP-1.0	1	29109936	29119338	+	Os01g0702400
rice	IRGSP-1.0	1	29119776	29123056	+	Os01g0702450
rice	IRGSP-1.0	1	29123535	29124590	+	Os01g0702500
rice	IRGSP-1.0	1	29132173	29133909	-	Os01g0702700
rice	IRGSP-1.0	1	29146688	29148255	-	Os01g0702900
rice	IRGSP-1.0	1	29146837	29148391	+	Os01g0703000
rice	IRGSP-1.0	1	29152729	29154822	+	Os01g0703300
rice	IRGSP-1.0	1	29158306	29162547	+	Os01g0703400
rice	IRGSP-1.0	1	29166421	29170361	+	Os01g0703600
rice	IRGSP-1.0	1	29166444	29170265	-	Os01g0703800
rice	IRGSP-1.0	1	29183845	29184972	-	Os01g0704000
rice	IRGSP-1.0	1	29188850	29190936	+	Os01g0704100
rice	IRGSP-1.0	1	29191992	29194734	+	Os01g0704200
rice	IRGSP-1.0	1	29202204	29203802	-	Os01g0704300
rice	IRGSP-1.0	1	29206326	29209606	-	Os01g0704400
rice	IRGSP-1.0	1	29216948	29221583	+	Os01g0704700
rice	IRGSP-1.0	1	29230315	29231441	+	Os01g0705000
rice	IRGSP-1.0	1	29231900	29232574	+	Os01g0705100
rice	IRGSP-1.0	1	29233040	29234256	-	Os01g0705200
rice	IRGSP-1.0	1	29240068	29246825	-	Os01g0705300
rice	IRGSP-1.0	1	29242883	29243890	+	Os01g0705400
rice	IRGSP-1.0	1	29247022	29250112	+	Os01g0705500
rice	IRGSP-1.0	1	29271158	29273175	+	Os01g0705700
rice	IRGSP-1.0	1	29271397	29272886	-	Os01g0705750
rice	IRGSP-1.0	1	29277360	29277866	-	Os01g0705800
rice	IRGSP-1.0	1	29280126	29282898	-	Os01g0706000
rice	IRGSP-1.0	1	29285414	29288695	+	Os01g0706100
rice	IRGSP-1.0	1	29290139	29295684	+	Os01g0706200
rice	IRGSP-1.0	1	29298041	29299496	+	Os01g0706266
rice	IRGSP-1.0	1	29298120	29299495	-	Os01g0706332
rice	IRGSP-1.0	1	29306448	29312511	+	Os01g0706400
rice	IRGSP-1.0	1	29314194	29316850	+	Os01g0706500
rice	IRGSP-1.0	1	29317540	29318156	+	Os01g0706600
rice	IRGSP-1.0	1	29318195	29322559	-	Os01g0706700
rice	IRGSP-1.0	1	29323176	29323982	-	Os01g0706800
rice	IRGSP-1.0	1	29327583	29334792	-	Os01g0706900
rice	IRGSP-1.0	1	29364593	29367897	+	Os01g0707300
rice	IRGSP-1.0	1	29382708	29385646	-	Os01g0707500
rice	IRGSP-1.0	1	29405623	29411262	+	Os01g0708000
rice	IRGSP-1.0	1	29412196	29413954	+	Os01g0708100
rice	IRGSP-1.0	1	29412517	29414019	-	Os01g0708201
rice	IRGSP-1.0	1	29423549	29427813	+	Os01g0708300
rice	IRGSP-1.0	1	29437301	29439863	-	Os01g0708500
rice	IRGSP-1.0	1	29442652	29447102	+	Os01g0708600
rice	IRGSP-1.0	1	29447990	29450454	-	Os01g0708700
rice	IRGSP-1.0	1	29458644	29462865	+	Os01g0708900
rice	IRGSP-1.0	1	29469565	29471507	+	Os01g0709000
rice	IRGSP-1.0	1	29470589	29473233	-	Os01g0709100
rice	IRGSP-1.0	1	29479108	29482865	+	Os01g0709400
rice	IRGSP-1.0	1	29483251	29492536	-	Os01g0709500
rice	IRGSP-1.0	1	29484876	29488093	+	Os01g0709750
rice	IRGSP-1.0	1	29501122	29506948	+	Os01g0710000
rice	IRGSP-1.0	1	29508034	29509147	+	Os01g0710100
rice	IRGSP-1.0	1	29513380	29514941	-	Os01g0710200
rice	IRGSP-1.0	1	29521077	29523276	+	Os01g0710250
rice	IRGSP-1.0	1	29521879	29522961	-	Os01g0710300
rice	IRGSP-1.0	1	29529874	29532765	-	Os01g0710700
rice	IRGSP-1.0	1	29534257	29536164	-	Os01g0710800
rice	IRGSP-1.0	1	29536726	29542409	+	Os01g0711000
rice	IRGSP-1.0	1	29539228	29542080	-	Os01g0711050
rice	IRGSP-1.0	1	29544661	29548520	+	Os01g0711100
rice	IRGSP-1.0	1	29551666	29553996	+	Os01g0711200
rice	IRGSP-1.0	1	29563666	29566585	+	Os01g0711400
rice	IRGSP-1.0	1	29568500	29572068	+	Os01g0711500
rice	IRGSP-1.0	1	29572656	29575622	+	Os01g0711600
rice	IRGSP-1.0	1	29580715	29583046	-	Os01g0711800
rice	IRGSP-1.0	1	29584058	29584603	+	Os01g0711900
rice	IRGSP-1.0	1	29597417	29598085	-	Os01g0712500
rice	IRGSP-1.0	1	29598953	29601167	+	Os01g0712501
rice	IRGSP-1.0	1	29599004	29601061	-	Os01g0712600
rice	IRGSP-1.0	1	29605141	29606513	-	Os01g0712700
rice	IRGSP-1.0	1	29610944	29612232	+	Os01g0712800
rice	IRGSP-1.0	1	29620958	29622314	+	Os01g0713200
rice	IRGSP-1.0	1	29637792	29642862	+	Os01g0713600
rice	IRGSP-1.0	1	29645867	29649037	+	Os01g0713800
rice	IRGSP-1.0	1	29670703	29675358	-	Os01g0713900
rice	IRGSP-1.0	1	29679124	29680754	-	Os01g0714100
rice	IRGSP-1.0	1	29688208	29688640	-	Os01g0714225
rice	IRGSP-1.0	1	29708354	29709366	+	Os01g0714600
rice	IRGSP-1.0	1	29720923	29723065	-	Os01g0714800
rice	IRGSP-1.0	1	29730171	29735065	-	Os01g0714900
rice	IRGSP-1.0	1	29736321	29739447	-	Os01g0715000
rice	IRGSP-1.0	1	29740123	29742527	+	Os01g0715100
rice	IRGSP-1.0	1	29750793	29751436	-	Os01g0715201
rice	IRGSP-1.0	1	29760729	29770032	+	Os01g0715400
rice	IRGSP-1.0	1	29770480	29772931	-	Os01g0715500
rice	IRGSP-1.0	1	29775983	29778839	-	Os01g0715600
rice	IRGSP-1.0	1	29781295	29783199	+	Os01g0715700
rice	IRGSP-1.0	1	29783548	29785955	-	Os01g0715800
rice	IRGSP-1.0	1	29786136	29788237	-	Os01g0715900
rice	IRGSP-1.0	1	29801081	29806870	-	Os01g0716200
rice	IRGSP-1.0	1	29810721	29812563	-	Os01g0716300
rice	IRGSP-1.0	1	29816823	29819737	+	Os01g0716400
rice	IRGSP-1.0	1	29820626	29821746	-	Os01g0716450
rice	IRGSP-1.0	1	29820731	29821898	+	Os01g0716500
rice	IRGSP-1.0	1	29830265	29836090	+	Os01g0716800
rice	IRGSP-1.0	1	29842914	29846824	-	Os01g0717000
rice	IRGSP-1.0	1	29869028	29869463	+	Os01g0717301
rice	IRGSP-1.0	1	29874486	29877459	+	Os01g0717400
rice	IRGSP-1.0	1	29875638	29876353	-	Os01g0717501
rice	IRGSP-1.0	1	29878435	29879843	-	Os01g0717601
rice	IRGSP-1.0	1	29886897	29887283	-	Os01g0717650
rice	IRGSP-1.0	1	29894029	29898449	+	Os01g0717700
rice	IRGSP-1.0	1	29904106	29904790	-	Os01g0718000
rice	IRGSP-1.0	1	29927587	29931452	-	Os01g0718300
rice	IRGSP-1.0	1	29937455	29938094	+	Os01g0718500
rice	IRGSP-1.0	1	29944091	29948109	+	Os01g0718700
rice	IRGSP-1.0	1	29951353	29952644	-	Os01g0718900
rice	IRGSP-1.0	1	29960694	29963065	+	Os01g0719000
rice	IRGSP-1.0	1	29965312	29970765	-	Os01g0719100
rice	IRGSP-1.0	1	29965869	29970694	+	Os01g0719125
rice	IRGSP-1.0	1	29971297	29971882	-	Os01g0719150
rice	IRGSP-1.0	1	29971589	29972035	+	Os01g0719200
rice	IRGSP-1.0	1	29987911	29994075	+	Os01g0719300
rice	IRGSP-1.0	1	29988269	29992636	-	Os01g0719350
rice	IRGSP-1.0	1	29995196	29999996	+	Os01g0719400
rice	IRGSP-1.0	1	30003535	30005888	+	Os01g0719600
rice	IRGSP-1.0	1	30010144	30015371	-	Os01g0719800
rice	IRGSP-1.0	1	30011021	30011903	+	Os01g0719700
rice	IRGSP-1.0	1	30013746	30015148	+	Os01g0719900
rice	IRGSP-1.0	1	30015934	30017339	-	Os01g0720000
rice	IRGSP-1.0	1	30021240	30023716	-	Os01g0720300
rice	IRGSP-1.0	1	30025366	30026465	-	Os01g0720400
rice	IRGSP-1.0	1	30030998	30032054	+	Os01g0720500
rice	IRGSP-1.0	1	30032428	30041425	-	Os01g0720600
rice	IRGSP-1.0	1	30042527	30043938	+	Os01g0720700
rice	IRGSP-1.0	1	30048381	30049982	+	Os01g0720800
rice	IRGSP-1.0	1	30055456	30057472	-	Os01g0720801
rice	IRGSP-1.0	1	30055567	30057039	+	Os01g0720900
rice	IRGSP-1.0	1	30059264	30060869	+	Os01g0721000
rice	IRGSP-1.0	1	30062758	30066302	+	Os01g0721100
rice	IRGSP-1.0	1	30068602	30070131	+	Os01g0721200
rice	IRGSP-1.0	1	30075624	30077126	+	Os01g0721300
rice	IRGSP-1.0	1	30079674	30081481	+	Os01g0721400
rice	IRGSP-1.0	1	30082783	30085762	+	Os01g0721500
rice	IRGSP-1.0	1	30088521	30088871	-	Os01g0721700
rice	IRGSP-1.0	1	30091365	30093186	+	Os01g0721800
rice	IRGSP-1.0	1	30095422	30098794	-	Os01g0721900
rice	IRGSP-1.0	1	30102985	30107341	+	Os01g0722100
rice	IRGSP-1.0	1	30117114	30118654	+	Os01g0722300
rice	IRGSP-1.0	1	30117870	30118492	-	Os01g0722425
rice	IRGSP-1.0	1	30125573	30128993	+	Os01g0722550
rice	IRGSP-1.0	1	30131373	30135248	+	Os01g0722700
rice	IRGSP-1.0	1	30135889	30137738	+	Os01g0722800
rice	IRGSP-1.0	1	30143647	30146827	-	Os01g0723000
rice	IRGSP-1.0	1	30143743	30146659	+	Os01g0723025
rice	IRGSP-1.0	1	30155680	30157642	+	Os01g0723100
rice	IRGSP-1.0	1	30157961	30159769	-	Os01g0723200
rice	IRGSP-1.0	1	30166017	30171659	+	Os01g0723400
rice	IRGSP-1.0	1	30173442	30179045	+	Os01g0723500
rice	IRGSP-1.0	1	30180581	30184467	+	Os01g0723600
rice	IRGSP-1.0	1	30185134	30189525	+	Os01g0723700
rice	IRGSP-1.0	1	30189384	30195340	-	Os01g0723800
rice	IRGSP-1.0	1	30214131	30214879	+	Os01g0724400
rice	IRGSP-1.0	1	30214447	30218322	-	Os01g0724450
rice	IRGSP-1.0	1	30217567	30223067	+	Os01g0724500
rice	IRGSP-1.0	1	30225839	30226507	+	Os01g0724700
rice	IRGSP-1.0	1	30236130	30236776	+	Os01g0725000
rice	IRGSP-1.0	1	30241954	30251103	+	Os01g0725400
rice	IRGSP-1.0	1	30251471	30254956	+	Os01g0725600
rice	IRGSP-1.0	1	30257752	30263365	+	Os01g0725800
rice	IRGSP-1.0	1	30263383	30264381	-	Os01g0725900
rice	IRGSP-1.0	1	30270960	30272787	+	Os01g0726001
rice	IRGSP-1.0	1	30272986	30274078	-	Os01g0726100
rice	IRGSP-1.0	1	30278399	30280577	-	Os01g0726400
rice	IRGSP-1.0	1	30293943	30296540	+	Os01g0726700
rice	IRGSP-1.0	1	30311446	30315773	+	Os01g0727100
rice	IRGSP-1.0	1	30318816	30319626	+	Os01g0727200
rice	IRGSP-1.0	1	30320748	30323965	+	Os01g0727400
rice	IRGSP-1.0	1	30322749	30325083	-	Os01g0727500
rice	IRGSP-1.0	1	30340015	30340752	-	Os01g0727600
rice	IRGSP-1.0	1	30341265	30341594	-	Os01g0727700
rice	IRGSP-1.0	1	30344172	30345745	-	Os01g0727800
rice	IRGSP-1.0	1	30344327	30346491	+	Os01g0727820
rice	IRGSP-1.0	1	30347875	30349017	-	Os01g0727840
rice	IRGSP-1.0	1	30352663	30353959	+	Os01g0727900
rice	IRGSP-1.0	1	30356332	30359372	+	Os01g0728000
rice	IRGSP-1.0	1	30361864	30364101	+	Os01g0728100
rice	IRGSP-1.0	1	30364320	30365422	-	Os01g0728150
rice	IRGSP-1.0	1	30366118	30367630	-	Os01g0728200
rice	IRGSP-1.0	1	30369522	30370159	-	Os01g0728250
rice	IRGSP-1.0	1	30372204	30376912	-	Os01g0728300
rice	IRGSP-1.0	1	30372587	30376825	+	Os01g0728325
rice	IRGSP-1.0	1	30377964	30383831	-	Os01g0728350
rice	IRGSP-1.0	1	30378105	30383834	+	Os01g0728375
rice	IRGSP-1.0	1	30381185	30383228	+	Os01g0728400
rice	IRGSP-1.0	1	30386907	30387873	-	Os01g0728700
rice	IRGSP-1.0	1	30392737	30398178	+	Os01g0728900
rice	IRGSP-1.0	1	30398989	30405483	+	Os01g0729100
rice	IRGSP-1.0	1	30402153	30403740	-	Os01g0729200
rice	IRGSP-1.0	1	30407036	30408554	+	Os01g0729400
rice	IRGSP-1.0	1	30412907	30413574	-	Os01g0729500
rice	IRGSP-1.0	1	30413693	30415806	-	Os01g0729600
rice	IRGSP-1.0	1	30413844	30415316	+	Os01g0729700
rice	IRGSP-1.0	1	30427122	30431744	+	Os01g0729900
rice	IRGSP-1.0	1	30427306	30431384	-	Os01g0729950
rice	IRGSP-1.0	1	30447427	30449206	-	Os01g0730100
rice	IRGSP-1.0	1	30453353	30455330	-	Os01g0730200
rice	IRGSP-1.0	1	30460007	30464477	+	Os01g0730300
rice	IRGSP-1.0	1	30466032	30468115	-	Os01g0730400
rice	IRGSP-1.0	1	30472512	30472939	-	Os01g0730450
rice	IRGSP-1.0	1	30472593	30475205	+	Os01g0730500
rice	IRGSP-1.0	1	30475352	30476061	-	Os01g0730600
rice	IRGSP-1.0	1	30480114	30481849	-	Os01g0730700
rice	IRGSP-1.0	1	30488192	30490382	+	Os01g0730800
rice	IRGSP-1.0	1	30494842	30497106	-	Os01g0730900
rice	IRGSP-1.0	1	30501605	30507193	-	Os01g0731000
rice	IRGSP-1.0	1	30512281	30513627	-	Os01g0731100
rice	IRGSP-1.0	1	30512871	30513685	+	Os01g0731150
rice	IRGSP-1.0	1	30516127	30517387	-	Os01g0731201
rice	IRGSP-1.0	1	30520488	30521565	-	Os01g0731600
rice	IRGSP-1.0	1	30520893	30521662	+	Os01g0731700
rice	IRGSP-1.0	1	30524993	30529059	-	Os01g0731800
rice	IRGSP-1.0	1	30533116	30533592	-	Os01g0732000
rice	IRGSP-1.0	1	30533818	30536908	+	Os01g0732100
rice	IRGSP-1.0	1	30537136	30541871	+	Os01g0732200
rice	IRGSP-1.0	1	30542800	30544054	+	Os01g0732300
rice	IRGSP-1.0	1	30561150	30564436	+	Os01g0732700
rice	IRGSP-1.0	1	30573184	30574499	-	Os01g0732801
rice	IRGSP-1.0	1	30574619	30575643	-	Os01g0733001
rice	IRGSP-1.0	1	30580475	30585457	-	Os01g0733100
rice	IRGSP-1.0	1	30582485	30583694	+	Os01g0733200
rice	IRGSP-1.0	1	30589859	30592513	+	Os01g0733500
rice	IRGSP-1.0	1	30593524	30598517	-	Os01g0733600
rice	IRGSP-1.0	1	30594012	30598449	+	Os01g0733700
rice	IRGSP-1.0	1	30600797	30602030	-	Os01g0733801
rice	IRGSP-1.0	1	30604326	30608077	+	Os01g0734000
rice	IRGSP-1.0	1	30608366	30610446	+	Os01g0734100
rice	IRGSP-1.0	1	30621870	30634405	+	Os01g0734200
rice	IRGSP-1.0	1	30621883	30623119	-	Os01g0734150
rice	IRGSP-1.0	1	30630662	30633179	-	Os01g0734399
rice	IRGSP-1.0	1	30646787	30647149	+	Os01g0734501
rice	IRGSP-1.0	1	30647512	30649342	+	Os01g0734600
rice	IRGSP-1.0	1	30655306	30657083	+	Os01g0734800
rice	IRGSP-1.0	1	30666642	30668299	+	Os01g0735300
rice	IRGSP-1.0	1	30675494	30677104	-	Os01g0735450
rice	IRGSP-1.0	1	30675734	30677421	+	Os01g0735500
rice	IRGSP-1.0	1	30689850	30691452	-	Os01g0735900
rice	IRGSP-1.0	1	30690139	30691601	+	Os01g0736000
rice	IRGSP-1.0	1	30694936	30696704	-	Os01g0736100
rice	IRGSP-1.0	1	30712173	30713844	-	Os01g0736300
rice	IRGSP-1.0	1	30712401	30717687	+	Os01g0736400
rice	IRGSP-1.0	1	30714016	30714706	-	Os01g0736450
rice	IRGSP-1.0	1	30718930	30719952	+	Os01g0736500
rice	IRGSP-1.0	1	30727331	30731409	+	Os01g0736551
rice	IRGSP-1.0	1	30730320	30731337	-	Os01g0736600
rice	IRGSP-1.0	1	30738700	30740720	+	Os01g0736900
rice	IRGSP-1.0	1	30738968	30739558	-	Os01g0737000
rice	IRGSP-1.0	1	30748300	30749169	-	Os01g0737100
rice	IRGSP-1.0	1	30753801	30758956	+	Os01g0737300
rice	IRGSP-1.0	1	30759831	30761217	+	Os01g0737401
rice	IRGSP-1.0	1	30764089	30766588	+	Os01g0737500
rice	IRGSP-1.0	1	30768424	30769146	-	Os01g0737550
rice	IRGSP-1.0	1	30768475	30769182	+	Os01g0737600
rice	IRGSP-1.0	1	30772299	30773134	+	Os01g0737700
rice	IRGSP-1.0	1	30775140	30779239	-	Os01g0737800
rice	IRGSP-1.0	1	30779393	30782726	+	Os01g0737900
rice	IRGSP-1.0	1	30786190	30787966	+	Os01g0738000
rice	IRGSP-1.0	1	30788977	30796475	-	Os01g0738100
rice	IRGSP-1.0	1	30819009	30823245	+	Os01g0738300
rice	IRGSP-1.0	1	30824689	30825665	+	Os01g0738400
rice	IRGSP-1.0	1	30828776	30832255	+	Os01g0738500
rice	IRGSP-1.0	1	30832796	30837960	+	Os01g0738600
rice	IRGSP-1.0	1	30840199	30840478	-	Os01g0738800
rice	IRGSP-1.0	1	30848500	30849925	-	Os01g0738900
rice	IRGSP-1.0	1	30850664	30856206	-	Os01g0739000
rice	IRGSP-1.0	1	30868528	30871602	+	Os01g0739200
rice	IRGSP-1.0	1	30872353	30872898	-	Os01g0739300
rice	IRGSP-1.0	1	30879000	30885267	+	Os01g0739400
rice	IRGSP-1.0	1	30885172	30886338	-	Os01g0739500
rice	IRGSP-1.0	1	30897747	30901040	+	Os01g0739700
rice	IRGSP-1.0	1	30905585	30906259	-	Os01g0740000
rice	IRGSP-1.0	1	30908205	30908948	+	Os01g0740150
rice	IRGSP-1.0	1	30909430	30916476	+	Os01g0740300
rice	IRGSP-1.0	1	30918126	30921252	-	Os01g0740350
rice	IRGSP-1.0	1	30919728	30921193	+	Os01g0740400
rice	IRGSP-1.0	1	30923013	30927457	-	Os01g0740500
rice	IRGSP-1.0	1	30933009	30936727	-	Os01g0740650
rice	IRGSP-1.0	1	30933396	30933963	-	Os01g0740600
rice	IRGSP-1.0	1	30933645	30935642	+	Os01g0740651
rice	IRGSP-1.0	1	30939288	30941548	-	Os01g0740700
rice	IRGSP-1.0	1	30939691	30940993	+	Os01g0740800
rice	IRGSP-1.0	1	30949379	30952405	-	Os01g0741200
rice	IRGSP-1.0	1	30954494	30954751	+	Os01g0741250
rice	IRGSP-1.0	1	30955595	30955930	+	Os01g0741300
rice	IRGSP-1.0	1	30975765	30979337	+	Os01g0741900
rice	IRGSP-1.0	1	30984522	30985146	-	Os01g0742000
rice	IRGSP-1.0	1	30985374	30986791	+	Os01g0742100
rice	IRGSP-1.0	1	30992411	30997180	+	Os01g0742200
rice	IRGSP-1.0	1	30993892	30997017	-	Os01g0742250
rice	IRGSP-1.0	1	30997998	30999138	-	Os01g0742300
rice	IRGSP-1.0	1	30998119	30999454	+	Os01g0742350
rice	IRGSP-1.0	1	31006026	31009770	+	Os01g0742400
rice	IRGSP-1.0	1	31009626	31013954	-	Os01g0742500
rice	IRGSP-1.0	1	31015876	31017514	-	Os01g0742766
rice	IRGSP-1.0	1	31047493	31049443	+	Os01g0743100
rice	IRGSP-1.0	1	31048451	31049376	-	Os01g0743150
rice	IRGSP-1.0	1	31055619	31058475	-	Os01g0743200
rice	IRGSP-1.0	1	31065153	31069986	+	Os01g0743300
rice	IRGSP-1.0	1	31070183	31076275	-	Os01g0743400
rice	IRGSP-1.0	1	31076571	31081251	+	Os01g0743500
rice	IRGSP-1.0	1	31078718	31087974	-	Os01g0743600
rice	IRGSP-1.0	1	31082446	31083122	+	Os01g0743732
rice	IRGSP-1.0	1	31093047	31094953	+	Os01g0743800
rice	IRGSP-1.0	1	31099412	31106801	+	Os01g0744000
rice	IRGSP-1.0	1	31108317	31110074	+	Os01g0744200
rice	IRGSP-1.0	1	31111317	31116126	-	Os01g0744300
rice	IRGSP-1.0	1	31112295	31115007	+	Os01g0744350
rice	IRGSP-1.0	1	31120708	31132724	-	Os01g0744400
rice	IRGSP-1.0	1	31121384	31132742	+	Os01g0744550
rice	IRGSP-1.0	1	31136522	31137056	-	Os01g0744700
rice	IRGSP-1.0	1	31157383	31157902	-	Os01g0745000
rice	IRGSP-1.0	1	31165741	31168673	+	Os01g0745300
rice	IRGSP-1.0	1	31170449	31170922	-	Os01g0745400
rice	IRGSP-1.0	1	31180196	31182456	-	Os01g0745700
rice	IRGSP-1.0	1	31180451	31181398	+	Os01g0745850
rice	IRGSP-1.0	1	31198401	31198781	+	Os01g0746000
rice	IRGSP-1.0	1	31203445	31211272	+	Os01g0746200
rice	IRGSP-1.0	1	31225458	31228566	-	Os01g0746400
rice	IRGSP-1.0	1	31252512	31254894	-	Os01g0746700
rice	IRGSP-1.0	1	31272337	31274375	+	Os01g0747300
rice	IRGSP-1.0	1	31275242	31279385	-	Os01g0747400
rice	IRGSP-1.0	1	31277930	31278444	+	Os01g0747451
rice	IRGSP-1.0	1	31283686	31286692	+	Os01g0747500
rice	IRGSP-1.0	1	31286703	31288034	-	Os01g0747600
rice	IRGSP-1.0	1	31288175	31292795	+	Os01g0747700
rice	IRGSP-1.0	1	31288849	31289902	-	Os01g0747750
rice	IRGSP-1.0	1	31299014	31300157	-	Os01g0747800
rice	IRGSP-1.0	1	31308254	31312885	-	Os01g0748000
rice	IRGSP-1.0	1	31313398	31317559	-	Os01g0748100
rice	IRGSP-1.0	1	31318040	31319158	-	Os01g0748150
rice	IRGSP-1.0	1	31320668	31322049	-	Os01g0748200
rice	IRGSP-1.0	1	31324550	31328260	-	Os01g0748300
rice	IRGSP-1.0	1	31331405	31333350	+	Os01g0748500
rice	IRGSP-1.0	1	31333328	31337096	-	Os01g0748600
rice	IRGSP-1.0	1	31343694	31345522	+	Os01g0748800
rice	IRGSP-1.0	1	31349612	31353150	+	Os01g0748900
rice	IRGSP-1.0	1	31353284	31358930	+	Os01g0748950
rice	IRGSP-1.0	1	31359199	31362009	+	Os01g0749000
rice	IRGSP-1.0	1	31362655	31365485	+	Os01g0749100
rice	IRGSP-1.0	1	31367052	31369399	+	Os01g0749200
rice	IRGSP-1.0	1	31370413	31372729	+	Os01g0749300
rice	IRGSP-1.0	1	31373447	31377544	-	Os01g0749400
rice	IRGSP-1.0	1	31394913	31400069	+	Os01g0749900
rice	IRGSP-1.0	1	31403796	31407261	+	Os01g0750000
rice	IRGSP-1.0	1	31409132	31410736	-	Os01g0750100
rice	IRGSP-1.0	1	31422946	31428670	+	Os01g0750300
rice	IRGSP-1.0	1	31431931	31432677	-	Os01g0750400
rice	IRGSP-1.0	1	31453335	31457548	-	Os01g0750500
rice	IRGSP-1.0	1	31473999	31477461	-	Os01g0750600
rice	IRGSP-1.0	1	31474278	31476174	+	Os01g0750666
rice	IRGSP-1.0	1	31487114	31490168	-	Os01g0750800
rice	IRGSP-1.0	1	31492428	31492979	+	Os01g0750900
rice	IRGSP-1.0	1	31511536	31519595	+	Os01g0751300
rice	IRGSP-1.0	1	31521222	31522021	+	Os01g0751400
rice	IRGSP-1.0	1	31524164	31527114	-	Os01g0751600
rice	IRGSP-1.0	1	31550662	31552990	+	Os01g0752100
rice	IRGSP-1.0	1	31552902	31556837	-	Os01g0752200
rice	IRGSP-1.0	1	31559233	31560836	-	Os01g0752300
rice	IRGSP-1.0	1	31559357	31560601	+	Os01g0752350
rice	IRGSP-1.0	1	31561394	31564137	-	Os01g0752400
rice	IRGSP-1.0	1	31567786	31568709	+	Os01g0752500
rice	IRGSP-1.0	1	31569011	31575611	-	Os01g0752600
rice	IRGSP-1.0	1	31575708	31583476	+	Os01g0752700
rice	IRGSP-1.0	1	31585518	31588972	-	Os01g0752800
rice	IRGSP-1.0	1	31592127	31596970	-	Os01g0753000
rice	IRGSP-1.0	1	31599199	31604576	+	Os01g0753100
rice	IRGSP-1.0	1	31605287	31607374	-	Os01g0753150
rice	IRGSP-1.0	1	31608109	31609696	-	Os01g0753200
rice	IRGSP-1.0	1	31610717	31612134	+	Os01g0753300
rice	IRGSP-1.0	1	31612795	31614643	+	Os01g0753400
rice	IRGSP-1.0	1	31617190	31623205	-	Os01g0753500
rice	IRGSP-1.0	1	31629372	31630731	+	Os01g0753800
rice	IRGSP-1.0	1	31635593	31637775	+	Os01g0754000
rice	IRGSP-1.0	1	31638589	31640361	-	Os01g0754100
rice	IRGSP-1.0	1	31641231	31648357	-	Os01g0754200
rice	IRGSP-1.0	1	31647340	31648756	+	Os01g0754300
rice	IRGSP-1.0	1	31651616	31656436	-	Os01g0754500
rice	IRGSP-1.0	1	31661724	31664288	-	Os01g0754700
rice	IRGSP-1.0	1	31669359	31670159	-	Os01g0754800
rice	IRGSP-1.0	1	31678312	31689878	-	Os01g0755100
rice	IRGSP-1.0	1	31699518	31701126	+	Os01g0755500
rice	IRGSP-1.0	1	31700007	31701316	-	Os01g0755550
rice	IRGSP-1.0	1	31705732	31706365	-	Os01g0755600
rice	IRGSP-1.0	1	31710636	31711784	+	Os01g0755700
rice	IRGSP-1.0	1	31717300	31719808	-	Os01g0756000
rice	IRGSP-1.0	1	31724224	31725303	-	Os01g0756101
rice	IRGSP-1.0	1	31728015	31730360	+	Os01g0756200
rice	IRGSP-1.0	1	31731988	31732949	-	Os01g0756300
rice	IRGSP-1.0	1	31738060	31739670	-	Os01g0756400
rice	IRGSP-1.0	1	31749292	31753362	+	Os01g0756600
rice	IRGSP-1.0	1	31761223	31763887	+	Os01g0756700
rice	IRGSP-1.0	1	31766460	31767099	+	Os01g0756900
rice	IRGSP-1.0	1	31795105	31797640	+	Os01g0757200
rice	IRGSP-1.0	1	31806962	31811863	+	Os01g0757400
rice	IRGSP-1.0	1	31811367	31814552	-	Os01g0757500
rice	IRGSP-1.0	1	31815517	31816532	-	Os01g0757600
rice	IRGSP-1.0	1	31826639	31830179	-	Os01g0757700
rice	IRGSP-1.0	1	31830303	31836694	+	Os01g0757800
rice	IRGSP-1.0	1	31836076	31839761	-	Os01g0757900
rice	IRGSP-1.0	1	31840530	31841085	-	Os01g0758000
rice	IRGSP-1.0	1	31850541	31851617	-	Os01g0758200
rice	IRGSP-1.0	1	31859333	31865031	-	Os01g0758300
rice	IRGSP-1.0	1	31859491	31864902	+	Os01g0758350
rice	IRGSP-1.0	1	31870933	31877607	-	Os01g0758400
rice	IRGSP-1.0	1	31871036	31877567	+	Os01g0758450
rice	IRGSP-1.0	1	31889711	31891221	-	Os01g0758500
rice	IRGSP-1.0	1	31919494	31922325	+	Os01g0758900
rice	IRGSP-1.0	1	31919694	31922269	-	Os01g0758950
rice	IRGSP-1.0	1	31925866	31926934	+	Os01g0759000
rice	IRGSP-1.0	1	31927136	31930005	-	Os01g0759100
rice	IRGSP-1.0	1	31938559	31940184	-	Os01g0759200
rice	IRGSP-1.0	1	31943529	31948580	-	Os01g0759400
rice	IRGSP-1.0	1	31947015	31948357	+	Os01g0759550
rice	IRGSP-1.0	1	31969296	31973706	+	Os01g0759700
rice	IRGSP-1.0	1	31976419	31979916	-	Os01g0759800
rice	IRGSP-1.0	1	31976840	31980051	+	Os01g0759900
rice	IRGSP-1.0	1	31981933	31982776	+	Os01g0760000
rice	IRGSP-1.0	1	31986501	31989198	+	Os01g0760300
rice	IRGSP-1.0	1	31992093	31996447	-	Os01g0760400
rice	IRGSP-1.0	1	31998877	32003690	-	Os01g0760600
rice	IRGSP-1.0	1	31998916	32001471	+	Os01g0760701
rice	IRGSP-1.0	1	32006374	32009784	-	Os01g0760800
rice	IRGSP-1.0	1	32010478	32013222	-	Os01g0760900
rice	IRGSP-1.0	1	32014488	32016245	+	Os01g0761000
rice	IRGSP-1.0	1	32016706	32022401	-	Os01g0761100
rice	IRGSP-1.0	1	32028817	32035337	+	Os01g0761300
rice	IRGSP-1.0	1	32032727	32035011	-	Os01g0761400
rice	IRGSP-1.0	1	32038024	32040378	-	Os01g0761500
rice	IRGSP-1.0	1	32038410	32040078	+	Os01g0761600
rice	IRGSP-1.0	1	32048454	32048798	-	Os01g0761701
rice	IRGSP-1.0	1	32052568	32054302	+	Os01g0761800
rice	IRGSP-1.0	1	32057155	32058133	+	Os01g0761900
rice	IRGSP-1.0	1	32057400	32062829	-	Os01g0762000
rice	IRGSP-1.0	1	32070785	32072008	-	Os01g0762300
rice	IRGSP-1.0	1	32072708	32082549	-	Os01g0762400
rice	IRGSP-1.0	1	32076744	32078652	+	Os01g0762500
rice	IRGSP-1.0	1	32081996	32082337	+	Os01g0762601
rice	IRGSP-1.0	1	32088269	32089040	-	Os01g0762900
rice	IRGSP-1.0	1	32091719	32094141	-	Os01g0763000
rice	IRGSP-1.0	1	32094307	32098510	+	Os01g0763100
rice	IRGSP-1.0	1	32106876	32109742	-	Os01g0763200
rice	IRGSP-1.0	1	32123296	32127983	-	Os01g0763300
rice	IRGSP-1.0	1	32130603	32136991	+	Os01g0763600
rice	IRGSP-1.0	1	32137366	32139052	+	Os01g0763700
rice	IRGSP-1.0	1	32140069	32143430	+	Os01g0763750
rice	IRGSP-1.0	1	32143765	32145444	-	Os01g0763800
rice	IRGSP-1.0	1	32144164	32144895	+	Os01g0763850
rice	IRGSP-1.0	1	32145847	32147094	-	Os01g0763900
rice	IRGSP-1.0	1	32148159	32152034	-	Os01g0764000
rice	IRGSP-1.0	1	32148201	32151864	+	Os01g0764050
rice	IRGSP-1.0	1	32165440	32165796	+	Os01g0764200
rice	IRGSP-1.0	1	32167881	32171339	+	Os01g0764300
rice	IRGSP-1.0	1	32171834	32174870	-	Os01g0764400
rice	IRGSP-1.0	1	32177351	32179312	-	Os01g0764500
rice	IRGSP-1.0	1	32185411	32189756	-	Os01g0764600
rice	IRGSP-1.0	1	32189932	32193266	+	Os01g0764700
rice	IRGSP-1.0	1	32221378	32225121	+	Os01g0764800
rice	IRGSP-1.0	1	32223295	32224590	-	Os01g0764850
rice	IRGSP-1.0	1	32226157	32229661	-	Os01g0764900
rice	IRGSP-1.0	1	32230712	32232641	-	Os01g0764950
rice	IRGSP-1.0	1	32233141	32238980	-	Os01g0765000
rice	IRGSP-1.0	1	32241235	32244856	+	Os01g0765200
rice	IRGSP-1.0	1	32245206	32250127	+	Os01g0765300
rice	IRGSP-1.0	1	32249975	32251602	-	Os01g0765400
rice	IRGSP-1.0	1	32252128	32255022	-	Os01g0765500
rice	IRGSP-1.0	1	32258915	32260026	-	Os01g0765600
rice	IRGSP-1.0	1	32267055	32269458	+	Os01g0765900
rice	IRGSP-1.0	1	32270047	32272354	-	Os01g0766000
rice	IRGSP-1.0	1	32270441	32272167	+	Os01g0766101
rice	IRGSP-1.0	1	32276583	32278225	-	Os01g0766200
rice	IRGSP-1.0	1	32289147	32289742	-	Os01g0766300
rice	IRGSP-1.0	1	32293824	32295257	+	Os01g0766400
rice	IRGSP-1.0	1	32298893	32303035	+	Os01g0766600
rice	IRGSP-1.0	1	32318616	32319527	-	Os01g0766900
rice	IRGSP-1.0	1	32321709	32322680	+	Os01g0766966
rice	IRGSP-1.0	1	32327830	32332777	-	Os01g0767000
rice	IRGSP-1.0	1	32334681	32338053	-	Os01g0767100
rice	IRGSP-1.0	1	32346889	32350070	+	Os01g0767600
rice	IRGSP-1.0	1	32350513	32360564	+	Os01g0767700
rice	IRGSP-1.0	1	32367736	32371643	+	Os01g0767900
rice	IRGSP-1.0	1	32368410	32371318	-	Os01g0767966
rice	IRGSP-1.0	1	32379784	32380582	-	Os01g0768100
rice	IRGSP-1.0	1	32381348	32385675	-	Os01g0768200
rice	IRGSP-1.0	1	32386510	32388520	-	Os01g0768300
rice	IRGSP-1.0	1	32390305	32390673	+	Os01g0768333
rice	IRGSP-1.0	1	32408282	32413597	+	Os01g0768600
rice	IRGSP-1.0	1	32424442	32427507	+	Os01g0768700
rice	IRGSP-1.0	1	32433121	32439546	+	Os01g0769000
rice	IRGSP-1.0	1	32450917	32456504	+	Os01g0769200
rice	IRGSP-1.0	1	32451124	32456492	-	Os01g0769366
rice	IRGSP-1.0	1	32461878	32465053	+	Os01g0769700
rice	IRGSP-1.0	1	32470279	32476597	+	Os01g0769900
rice	IRGSP-1.0	1	32475144	32479146	-	Os01g0770000
rice	IRGSP-1.0	1	32484736	32489971	-	Os01g0770100
rice	IRGSP-1.0	1	32501036	32502957	-	Os01g0770200
rice	IRGSP-1.0	1	32508406	32511902	-	Os01g0770400
rice	IRGSP-1.0	1	32513694	32517028	-	Os01g0770500
rice	IRGSP-1.0	1	32523314	32523953	+	Os01g0770700
rice	IRGSP-1.0	1	32526290	32526923	+	Os01g0770800
rice	IRGSP-1.0	1	32534857	32535912	-	Os01g0771000
rice	IRGSP-1.0	1	32538907	32541617	-	Os01g0771100
rice	IRGSP-1.0	1	32543304	32545191	+	Os01g0771200
rice	IRGSP-1.0	1	32547110	32547706	-	Os01g0771300
rice	IRGSP-1.0	1	32553145	32569704	+	Os01g0771350
rice	IRGSP-1.0	1	32553344	32569462	-	Os01g0771400
rice	IRGSP-1.0	1	32580716	32586143	-	Os01g0771900
rice	IRGSP-1.0	1	32586928	32591875	-	Os01g0772000
rice	IRGSP-1.0	1	32592931	32593952	-	Os01g0772100
rice	IRGSP-1.0	1	32594937	32597265	-	Os01g0772150
rice	IRGSP-1.0	1	32598084	32601804	-	Os01g0772200
rice	IRGSP-1.0	1	32608386	32611306	+	Os01g0772400
rice	IRGSP-1.0	1	32611416	32613138	-	Os01g0772500
rice	IRGSP-1.0	1	32615694	32622721	+	Os01g0772600
rice	IRGSP-1.0	1	32625958	32646696	+	Os01g0772700
rice	IRGSP-1.0	1	32652482	32656533	+	Os01g0772800
rice	IRGSP-1.0	1	32656756	32658481	-	Os01g0772900
rice	IRGSP-1.0	1	32664335	32667425	-	Os01g0773000
rice	IRGSP-1.0	1	32669542	32676082	+	Os01g0773100
rice	IRGSP-1.0	1	32676081	32681407	-	Os01g0773200
rice	IRGSP-1.0	1	32693760	32696873	+	Os01g0773400
rice	IRGSP-1.0	1	32696682	32698285	-	Os01g0773500
rice	IRGSP-1.0	1	32699034	32708541	+	Os01g0773600
rice	IRGSP-1.0	1	32708550	32709283	-	Os01g0773700
rice	IRGSP-1.0	1	32714779	32716649	+	Os01g0773800
rice	IRGSP-1.0	1	32721463	32721914	-	Os01g0774001
rice	IRGSP-1.0	1	32726646	32726966	-	Os01g0774100
rice	IRGSP-1.0	1	32735360	32739829	+	Os01g0774200
rice	IRGSP-1.0	1	32746028	32746482	+	Os01g0774400
rice	IRGSP-1.0	1	32747576	32757798	-	Os01g0774500
rice	IRGSP-1.0	1	32759132	32764841	-	Os01g0775100
rice	IRGSP-1.0	1	32768618	32773224	+	Os01g0775200
rice	IRGSP-1.0	1	32773565	32783571	-	Os01g0775300
rice	IRGSP-1.0	1	32775146	32782712	+	Os01g0775350
rice	IRGSP-1.0	1	32788488	32792747	-	Os01g0775400
rice	IRGSP-1.0	1	32812249	32814794	-	Os01g0775500
rice	IRGSP-1.0	1	32815111	32819452	-	Os01g0775600
rice	IRGSP-1.0	1	32830891	32836318	-	Os01g0775750
rice	IRGSP-1.0	1	32835841	32838252	+	Os01g0776300
rice	IRGSP-1.0	1	32838525	32842473	-	Os01g0776400
rice	IRGSP-1.0	1	32842696	32847884	+	Os01g0776500
rice	IRGSP-1.0	1	32848286	32852539	-	Os01g0776600
rice	IRGSP-1.0	1	32855435	32858097	-	Os01g0776700
rice	IRGSP-1.0	1	32860954	32863510	+	Os01g0776800
rice	IRGSP-1.0	1	32869293	32874316	+	Os01g0777000
rice	IRGSP-1.0	1	32877682	32878193	+	Os01g0777101
rice	IRGSP-1.0	1	32886869	32892451	+	Os01g0777200
rice	IRGSP-1.0	1	32893402	32899783	+	Os01g0777300
rice	IRGSP-1.0	1	32901281	32902616	+	Os01g0777400
rice	IRGSP-1.0	1	32903356	32905028	+	Os01g0777450
rice	IRGSP-1.0	1	32904020	32905293	-	Os01g0777500
rice	IRGSP-1.0	1	32907633	32908968	+	Os01g0777600
rice	IRGSP-1.0	1	32909708	32911380	+	Os01g0777650
rice	IRGSP-1.0	1	32910354	32925363	-	Os01g0777700
rice	IRGSP-1.0	1	32929073	32932792	-	Os01g0777800
rice	IRGSP-1.0	1	32940137	32942493	+	Os01g0778100
rice	IRGSP-1.0	1	32946648	32946942	-	Os01g0778400
rice	IRGSP-1.0	1	32947996	32948879	-	Os01g0778500
rice	IRGSP-1.0	1	32956995	32963290	+	Os01g0778700
rice	IRGSP-1.0	1	32965371	32976817	+	Os01g0778800
rice	IRGSP-1.0	1	32976736	32977251	-	Os01g0778900
rice	IRGSP-1.0	1	32985048	32994371	+	Os01g0779100
rice	IRGSP-1.0	1	32994691	32994921	-	Os01g0779201
rice	IRGSP-1.0	1	32996762	32999176	+	Os01g0779300
rice	IRGSP-1.0	1	33000078	33010221	-	Os01g0779400
rice	IRGSP-1.0	1	33029111	33030489	-	Os01g0779800
rice	IRGSP-1.0	1	33050848	33058490	+	Os01g0780400
rice	IRGSP-1.0	1	33059198	33064709	+	Os01g0780500
rice	IRGSP-1.0	1	33064726	33067834	-	Os01g0780600
rice	IRGSP-1.0	1	33065108	33066774	+	Os01g0780701
rice	IRGSP-1.0	1	33073583	33078968	-	Os01g0780800
rice	IRGSP-1.0	1	33082114	33083394	+	Os01g0780900
rice	IRGSP-1.0	1	33089210	33090179	+	Os01g0781000
rice	IRGSP-1.0	1	33091621	33096361	+	Os01g0781100
rice	IRGSP-1.0	1	33098082	33103904	+	Os01g0781200
rice	IRGSP-1.0	1	33118315	33119858	+	Os01g0781600
rice	IRGSP-1.0	1	33120499	33124371	+	Os01g0781700
rice	IRGSP-1.0	1	33136846	33145541	+	Os01g0782100
rice	IRGSP-1.0	1	33137907	33152527	-	Os01g0782200
rice	IRGSP-1.0	1	33138943	33140486	+	Os01g0781833
rice	IRGSP-1.0	1	33147601	33148342	+	Os01g0782300
rice	IRGSP-1.0	1	33154311	33158317	-	Os01g0782500
rice	IRGSP-1.0	1	33168428	33169121	+	Os01g0782850
rice	IRGSP-1.0	1	33168429	33172680	-	Os01g0782800
rice	IRGSP-1.0	1	33177222	33177745	-	Os01g0782901
rice	IRGSP-1.0	1	33181340	33181729	-	Os01g0783000
rice	IRGSP-1.0	1	33182589	33186141	+	Os01g0783100
rice	IRGSP-1.0	1	33185460	33192979	-	Os01g0783200
rice	IRGSP-1.0	1	33196867	33197909	-	Os01g0783400
rice	IRGSP-1.0	1	33198608	33201733	-	Os01g0783500
rice	IRGSP-1.0	1	33205190	33207633	+	Os01g0783600
rice	IRGSP-1.0	1	33207714	33208262	-	Os01g0783700
rice	IRGSP-1.0	1	33210231	33216314	+	Os01g0783800
rice	IRGSP-1.0	1	33215018	33216040	-	Os01g0783851
rice	IRGSP-1.0	1	33218394	33219820	+	Os01g0783900
rice	IRGSP-1.0	1	33221020	33221565	-	Os01g0784000
rice	IRGSP-1.0	1	33227652	33231831	+	Os01g0784200
rice	IRGSP-1.0	1	33227678	33231377	-	Os01g0784101
rice	IRGSP-1.0	1	33238849	33240103	-	Os01g0784450
rice	IRGSP-1.0	1	33240486	33243618	+	Os01g0784500
rice	IRGSP-1.0	1	33244777	33248099	+	Os01g0784600
rice	IRGSP-1.0	1	33248878	33256713	-	Os01g0784700
rice	IRGSP-1.0	1	33249052	33256570	+	Os01g0784725
rice	IRGSP-1.0	1	33264366	33268325	+	Os01g0784800
rice	IRGSP-1.0	1	33266553	33268245	-	Os01g0784833
rice	IRGSP-1.0	1	33272134	33274419	-	Os01g0784900
rice	IRGSP-1.0	1	33302721	33303613	+	Os01g0785300
rice	IRGSP-1.0	1	33308448	33310933	+	Os01g0785400
rice	IRGSP-1.0	1	33310052	33310601	-	Os01g0785500
rice	IRGSP-1.0	1	33317043	33317912	-	Os01g0785600
rice	IRGSP-1.0	1	33318039	33322908	+	Os01g0785700
rice	IRGSP-1.0	1	33329637	33331935	-	Os01g0785900
rice	IRGSP-1.0	1	33329681	33330583	+	Os01g0786000
rice	IRGSP-1.0	1	33350154	33351195	-	Os01g0786500
rice	IRGSP-1.0	1	33359447	33361543	+	Os01g0786601
rice	IRGSP-1.0	1	33359554	33361633	-	Os01g0786700
rice	IRGSP-1.0	1	33364391	33367253	-	Os01g0786800
rice	IRGSP-1.0	1	33368985	33374621	-	Os01g0786900
rice	IRGSP-1.0	1	33382428	33384487	-	Os01g0787000
rice	IRGSP-1.0	1	33382772	33384150	+	Os01g0787101
rice	IRGSP-1.0	1	33389691	33391291	+	Os01g0787300
rice	IRGSP-1.0	1	33392410	33395692	+	Os01g0787400
rice	IRGSP-1.0	1	33409655	33415562	+	Os01g0787600
rice	IRGSP-1.0	1	33448396	33449269	+	Os01g0788200
rice	IRGSP-1.0	1	33448517	33449043	-	Os01g0788001
rice	IRGSP-1.0	1	33453435	33460079	+	Os01g0788400
rice	IRGSP-1.0	1	33454271	33459917	-	Os01g0788451
rice	IRGSP-1.0	1	33460402	33463754	-	Os01g0788500
rice	IRGSP-1.0	1	33468639	33470174	+	Os01g0788700
rice	IRGSP-1.0	1	33471900	33478458	+	Os01g0788800
rice	IRGSP-1.0	1	33475054	33477971	-	Os01g0788850
rice	IRGSP-1.0	1	33478985	33481343	-	Os01g0788900
rice	IRGSP-1.0	1	33482291	33484203	-	Os01g0788950
rice	IRGSP-1.0	1	33484803	33487848	-	Os01g0789000
rice	IRGSP-1.0	1	33489285	33492959	-	Os01g0789100
rice	IRGSP-1.0	1	33494608	33496692	+	Os01g0789200
rice	IRGSP-1.0	1	33495827	33496550	-	Os01g0791151
rice	IRGSP-1.0	1	33533878	33534687	-	Os01g0791033
rice	IRGSP-1.0	1	33590636	33591674	-	Os01g0793100
rice	IRGSP-1.0	1	33593744	33597339	+	Os01g0793200
rice	IRGSP-1.0	1	33601018	33605323	-	Os01g0793300
rice	IRGSP-1.0	1	33609385	33616266	+	Os01g0793701
rice	IRGSP-1.0	1	33609424	33614332	-	Os01g0793500
rice	IRGSP-1.0	1	33613903	33614397	+	Os01g0793550
rice	IRGSP-1.0	1	33615614	33616258	-	Os01g0793600
rice	IRGSP-1.0	1	33618550	33619174	-	Os01g0793800
rice	IRGSP-1.0	1	33625287	33626043	-	Os01g0793900
rice	IRGSP-1.0	1	33629559	33630287	-	Os01g0794100
rice	IRGSP-1.0	1	33642080	33650929	+	Os01g0794400
rice	IRGSP-1.0	1	33651161	33655179	-	Os01g0794500
rice	IRGSP-1.0	1	33653500	33655173	+	Os01g0794600
rice	IRGSP-1.0	1	33655945	33656478	+	Os01g0794650
rice	IRGSP-1.0	1	33659782	33663245	+	Os01g0794800
rice	IRGSP-1.0	1	33660222	33665168	-	Os01g0794900
rice	IRGSP-1.0	1	33668016	33672415	+	Os01g0795000
rice	IRGSP-1.0	1	33670853	33674489	-	Os01g0795050
rice	IRGSP-1.0	1	33675136	33679717	+	Os01g0795100
rice	IRGSP-1.0	1	33684778	33688225	+	Os01g0795200
rice	IRGSP-1.0	1	33685183	33688148	-	Os01g0795250
rice	IRGSP-1.0	1	33690753	33696520	-	Os01g0795300
rice	IRGSP-1.0	1	33691773	33696746	+	Os01g0795400
rice	IRGSP-1.0	1	33699128	33699682	+	Os01g0795600
rice	IRGSP-1.0	1	33708780	33709258	+	Os01g0795832
rice	IRGSP-1.0	1	33710184	33710502	+	Os01g0795900
rice	IRGSP-1.0	1	33713552	33714121	+	Os01g0796000
rice	IRGSP-1.0	1	33730378	33733010	+	Os01g0796400
rice	IRGSP-1.0	1	33733124	33735548	-	Os01g0796500
rice	IRGSP-1.0	1	33740652	33745858	-	Os01g0796700
rice	IRGSP-1.0	1	33766984	33768044	+	Os01g0797600
rice	IRGSP-1.0	1	33778293	33779622	+	Os01g0797800
rice	IRGSP-1.0	1	33782514	33787644	+	Os01g0797900
rice	IRGSP-1.0	1	33790593	33794100	+	Os01g0798100
rice	IRGSP-1.0	1	33793237	33793857	-	Os01g0798200
rice	IRGSP-1.0	1	33803155	33805386	+	Os01g0798500
rice	IRGSP-1.0	1	33812915	33815127	-	Os01g0798800
rice	IRGSP-1.0	1	33815405	33816598	+	Os01g0798900
rice	IRGSP-1.0	1	33816659	33820971	-	Os01g0799000
rice	IRGSP-1.0	1	33816849	33818767	+	Os01g0799050
rice	IRGSP-1.0	1	33821312	33828770	+	Os01g0799100
rice	IRGSP-1.0	1	33837388	33840967	+	Os01g0799500
rice	IRGSP-1.0	1	33869142	33871835	+	Os01g0799900
rice	IRGSP-1.0	1	33876599	33877057	-	Os01g0800000
rice	IRGSP-1.0	1	33878444	33878904	-	Os01g0800101
rice	IRGSP-1.0	1	33882009	33882308	+	Os01g0800200
rice	IRGSP-1.0	1	33884788	33887413	+	Os01g0800266
rice	IRGSP-1.0	1	33884974	33887391	-	Os01g0800250
rice	IRGSP-1.0	1	33890098	33891727	-	Os01g0800300
rice	IRGSP-1.0	1	33893760	33895996	+	Os01g0800400
rice	IRGSP-1.0	1	33897380	33904345	+	Os01g0800500
rice	IRGSP-1.0	1	33906337	33906762	+	Os01g0800600
rice	IRGSP-1.0	1	33913713	33914616	+	Os01g0800800
rice	IRGSP-1.0	1	33917599	33918536	+	Os01g0800900
rice	IRGSP-1.0	1	33919497	33924589	+	Os01g0801000
rice	IRGSP-1.0	1	33926609	33929782	+	Os01g0801100
rice	IRGSP-1.0	1	33930232	33932942	-	Os01g0801200
rice	IRGSP-1.0	1	33949387	33951631	-	Os01g0801500
rice	IRGSP-1.0	1	33952187	33956006	-	Os01g0801600
rice	IRGSP-1.0	1	33956754	33960102	-	Os01g0801700
rice	IRGSP-1.0	1	33960315	33961060	+	Os01g0801800
rice	IRGSP-1.0	1	33961844	33963347	+	Os01g0801901
rice	IRGSP-1.0	1	33968744	33970803	+	Os01g0802000
rice	IRGSP-1.0	1	33971226	33976464	+	Os01g0802100
rice	IRGSP-1.0	1	33976537	33977291	-	Os01g0802200
rice	IRGSP-1.0	1	33990770	33992873	-	Os01g0802400
rice	IRGSP-1.0	1	33996722	33998005	+	Os01g0802600
rice	IRGSP-1.0	1	34003692	34006460	-	Os01g0802700
rice	IRGSP-1.0	1	34017557	34019231	+	Os01g0802900
rice	IRGSP-1.0	1	34017713	34019239	-	Os01g0802850
rice	IRGSP-1.0	1	34033159	34034924	+	Os01g0803200
rice	IRGSP-1.0	1	34043179	34044975	-	Os01g0803300
rice	IRGSP-1.0	1	34084757	34086514	+	Os01g0803800
rice	IRGSP-1.0	1	34089461	34091158	+	Os01g0803900
rice	IRGSP-1.0	1	34099444	34101175	+	Os01g0804200
rice	IRGSP-1.0	1	34112913	34117872	+	Os01g0804150
rice	IRGSP-1.0	1	34115002	34116757	+	Os01g0804400
rice	IRGSP-1.0	1	34131886	34133448	+	Os01g0804900
rice	IRGSP-1.0	1	34133841	34135636	-	Os01g0805000
rice	IRGSP-1.0	1	34135816	34137582	+	Os01g0805100
rice	IRGSP-1.0	1	34138399	34139709	-	Os01g0805200
rice	IRGSP-1.0	1	34139768	34141211	+	Os01g0805300
rice	IRGSP-1.0	1	34141778	34145201	+	Os01g0805400
rice	IRGSP-1.0	1	34146163	34149144	+	Os01g0805500
rice	IRGSP-1.0	1	34149431	34152417	-	Os01g0805600
rice	IRGSP-1.0	1	34153483	34160139	-	Os01g0805700
rice	IRGSP-1.0	1	34163740	34166383	-	Os01g0805800
rice	IRGSP-1.0	1	34167936	34171573	+	Os01g0805900
rice	IRGSP-1.0	1	34174550	34178666	+	Os01g0805975
rice	IRGSP-1.0	1	34176203	34179518	-	Os01g0806000
rice	IRGSP-1.0	1	34183076	34186865	-	Os01g0806200
rice	IRGSP-1.0	1	34192980	34194025	+	Os01g0806300
rice	IRGSP-1.0	1	34201519	34202550	+	Os01g0806400
rice	IRGSP-1.0	1	34217036	34218756	+	Os01g0806600
rice	IRGSP-1.0	1	34228825	34229640	+	Os01g0806801
rice	IRGSP-1.0	1	34246252	34249623	-	Os01g0807000
rice	IRGSP-1.0	1	34259141	34259790	+	Os01g0807266
rice	IRGSP-1.0	1	34260691	34261452	+	Os01g0807532
rice	IRGSP-1.0	1	34293077	34295574	-	Os01g0807800
rice	IRGSP-1.0	1	34295651	34305961	+	Os01g0807900
rice	IRGSP-1.0	1	34306514	34313319	-	Os01g0808100
rice	IRGSP-1.0	1	34325310	34327888	+	Os01g0808400
rice	IRGSP-1.0	1	34356640	34357450	+	Os01g0808900
rice	IRGSP-1.0	1	34357031	34357324	-	Os01g0808950
rice	IRGSP-1.0	1	34364097	34367570	+	Os01g0809000
rice	IRGSP-1.0	1	34379096	34383084	+	Os01g0809300
rice	IRGSP-1.0	1	34386303	34390150	-	Os01g0809450
rice	IRGSP-1.0	1	34406376	34409200	+	Os01g0809900
rice	IRGSP-1.0	1	34409226	34412529	-	Os01g0810000
rice	IRGSP-1.0	1	34412916	34416988	-	Os01g0810100
rice	IRGSP-1.0	1	34417119	34420330	+	Os01g0810200
rice	IRGSP-1.0	1	34421011	34423534	+	Os01g0810300
rice	IRGSP-1.0	1	34428408	34436332	-	Os01g0810500
rice	IRGSP-1.0	1	34438164	34442422	+	Os01g0810700
rice	IRGSP-1.0	1	34438388	34444340	-	Os01g0810600
rice	IRGSP-1.0	1	34445750	34454439	-	Os01g0810800
rice	IRGSP-1.0	1	34458199	34458626	+	Os01g0810866
rice	IRGSP-1.0	1	34461157	34464358	-	Os01g0811001
rice	IRGSP-1.0	1	34471055	34475473	+	Os01g0811100
rice	IRGSP-1.0	1	34480570	34484981	+	Os01g0811300
rice	IRGSP-1.0	1	34485352	34489832	-	Os01g0811400
rice	IRGSP-1.0	1	34508452	34512776	+	Os01g0812000
rice	IRGSP-1.0	1	34515277	34520432	+	Os01g0812050
rice	IRGSP-1.0	1	34524498	34526528	+	Os01g0812100
rice	IRGSP-1.0	1	34531774	34533771	+	Os01g0812200
rice	IRGSP-1.0	1	34547777	34549353	-	Os01g0812600
rice	IRGSP-1.0	1	34550416	34552611	-	Os01g0812800
rice	IRGSP-1.0	1	34553385	34553900	-	Os01g0812850
rice	IRGSP-1.0	1	34558533	34559935	-	Os01g0812900
rice	IRGSP-1.0	1	34560768	34564315	-	Os01g0813000
rice	IRGSP-1.0	1	34565292	34568290	-	Os01g0813100
rice	IRGSP-1.0	1	34575196	34576640	+	Os01g0813300
rice	IRGSP-1.0	1	34576922	34577619	-	Os01g0813350
rice	IRGSP-1.0	1	34580341	34583532	+	Os01g0813400
rice	IRGSP-1.0	1	34583893	34587110	-	Os01g0813500
rice	IRGSP-1.0	1	34588835	34602432	-	Os01g0813700
rice	IRGSP-1.0	1	34605594	34611055	-	Os01g0813800
rice	IRGSP-1.0	1	34612650	34619005	+	Os01g0813900
rice	IRGSP-1.0	1	34620233	34623904	+	Os01g0814000
rice	IRGSP-1.0	1	34626255	34628601	+	Os01g0814100
rice	IRGSP-1.0	1	34628726	34629879	+	Os01g0814150
rice	IRGSP-1.0	1	34629568	34635205	-	Os01g0814200
rice	IRGSP-1.0	1	34636155	34639624	+	Os01g0814300
rice	IRGSP-1.0	1	34639786	34642794	-	Os01g0814400
rice	IRGSP-1.0	1	34643311	34646270	-	Os01g0814700
rice	IRGSP-1.0	1	34647146	34650771	-	Os01g0814800
rice	IRGSP-1.0	1	34652114	34655453	-	Os01g0814900
rice	IRGSP-1.0	1	34664064	34665591	-	Os01g0815100
rice	IRGSP-1.0	1	34674484	34676184	-	Os01g0815400
rice	IRGSP-1.0	1	34678036	34682189	+	Os01g0815700
rice	IRGSP-1.0	1	34682524	34685373	+	Os01g0815800
rice	IRGSP-1.0	1	34683884	34684632	-	Os01g0815850
rice	IRGSP-1.0	1	34688003	34689745	-	Os01g0815900
rice	IRGSP-1.0	1	34689925	34691627	+	Os01g0816000
rice	IRGSP-1.0	1	34692912	34694391	-	Os01g0816100
rice	IRGSP-1.0	1	34705486	34722561	-	Os01g0816400
rice	IRGSP-1.0	1	34731151	34734804	-	Os01g0816500
rice	IRGSP-1.0	1	34738566	34744023	+	Os01g0816600
rice	IRGSP-1.0	1	34746860	34749514	+	Os01g0816700
rice	IRGSP-1.0	1	34747088	34748883	-	Os01g0816850
rice	IRGSP-1.0	1	34769362	34772195	-	Os01g0817000
rice	IRGSP-1.0	1	34776154	34780863	-	Os01g0817100
rice	IRGSP-1.0	1	34788192	34791588	+	Os01g0817400
rice	IRGSP-1.0	1	34801185	34802263	-	Os01g0817633
rice	IRGSP-1.0	1	34801187	34802060	+	Os01g0817650
rice	IRGSP-1.0	1	34804310	34808023	+	Os01g0817700
rice	IRGSP-1.0	1	34808259	34812170	-	Os01g0817800
rice	IRGSP-1.0	1	34808485	34812066	+	Os01g0817900
rice	IRGSP-1.0	1	34834574	34839504	+	Os01g0818000
rice	IRGSP-1.0	1	34841616	34845610	-	Os01g0818200
rice	IRGSP-1.0	1	34842150	34843713	+	Os01g0818100
rice	IRGSP-1.0	1	34852308	34855786	+	Os01g0818300
rice	IRGSP-1.0	1	34862487	34865889	+	Os01g0818400
rice	IRGSP-1.0	1	34868412	34872484	-	Os01g0818600
rice	IRGSP-1.0	1	34873061	34880637	-	Os01g0818700
rice	IRGSP-1.0	1	34885348	34888692	-	Os01g0818900
rice	IRGSP-1.0	1	34888313	34892652	+	Os01g0819000
rice	IRGSP-1.0	1	34899988	34901713	+	Os01g0819100
rice	IRGSP-1.0	1	34903696	34906955	-	Os01g0819200
rice	IRGSP-1.0	1	34904329	34908517	+	Os01g0819233
rice	IRGSP-1.0	1	34911566	34913753	-	Os01g0819300
rice	IRGSP-1.0	1	34917652	34919637	+	Os01g0819400
rice	IRGSP-1.0	1	34941447	34941800	+	Os01g0819500
rice	IRGSP-1.0	1	34943808	34945708	+	Os01g0819700
rice	IRGSP-1.0	1	34946618	34949027	+	Os01g0819800
rice	IRGSP-1.0	1	34949168	34959353	-	Os01g0819900
rice	IRGSP-1.0	1	34961974	34963697	-	Os01g0820000
rice	IRGSP-1.0	1	34962064	34963618	+	Os01g0820050
rice	IRGSP-1.0	1	34981468	34985447	+	Os01g0820400
rice	IRGSP-1.0	1	34996792	35003226	+	Os01g0820700
rice	IRGSP-1.0	1	35003830	35005603	-	Os01g0820800
rice	IRGSP-1.0	1	35032858	35035321	-	Os01g0821300
rice	IRGSP-1.0	1	35062738	35064472	+	Os01g0821600
rice	IRGSP-1.0	1	35064445	35068207	-	Os01g0821700
rice	IRGSP-1.0	1	35069269	35074488	-	Os01g0821800
rice	IRGSP-1.0	1	35082084	35085074	-	Os01g0821900
rice	IRGSP-1.0	1	35094186	35094930	-	Os01g0822001
rice	IRGSP-1.0	1	35096177	35100619	-	Os01g0822200
rice	IRGSP-1.0	1	35115261	35115959	-	Os01g0822501
rice	IRGSP-1.0	1	35121625	35122986	-	Os01g0822800
rice	IRGSP-1.0	1	35130013	35130913	-	Os01g0822900
rice	IRGSP-1.0	1	35145517	35147323	+	Os01g0823100
rice	IRGSP-1.0	1	35145898	35146832	-	Os01g0823150
rice	IRGSP-1.0	1	35148704	35153068	+	Os01g0823200
rice	IRGSP-1.0	1	35153705	35155694	+	Os01g0823300
rice	IRGSP-1.0	1	35156414	35159205	+	Os01g0823400
rice	IRGSP-1.0	1	35167601	35169129	-	Os01g0823500
rice	IRGSP-1.0	1	35175501	35176458	+	Os01g0823600
rice	IRGSP-1.0	1	35176451	35180214	-	Os01g0823700
rice	IRGSP-1.0	1	35185594	35188003	-	Os01g0823900
rice	IRGSP-1.0	1	35192320	35192671	+	Os01g0823951
rice	IRGSP-1.0	1	35192713	35194379	+	Os01g0824000
rice	IRGSP-1.0	1	35224585	35226419	+	Os01g0824500
rice	IRGSP-1.0	1	35228913	35234373	+	Os01g0824600
rice	IRGSP-1.0	1	35238064	35240841	+	Os01g0824700
rice	IRGSP-1.0	1	35243923	35246577	+	Os01g0824800
rice	IRGSP-1.0	1	35247876	35248925	+	Os01g0824900
rice	IRGSP-1.0	1	35257561	35259062	+	Os01g0825000
rice	IRGSP-1.0	1	35278373	35279026	-	Os01g0825166
rice	IRGSP-1.0	1	35287290	35287943	-	Os01g0825332
rice	IRGSP-1.0	1	35303468	35305739	-	Os01g0825500
rice	IRGSP-1.0	1	35314473	35318814	-	Os01g0825700
rice	IRGSP-1.0	1	35320840	35327164	-	Os01g0825800
rice	IRGSP-1.0	1	35328778	35331207	+	Os01g0825900
rice	IRGSP-1.0	1	35332717	35333445	+	Os01g0826000
rice	IRGSP-1.0	1	35347982	35350546	+	Os01g0826400
rice	IRGSP-1.0	1	35378733	35379626	-	Os01g0826800
rice	IRGSP-1.0	1	35386776	35391613	-	Os01g0826900
rice	IRGSP-1.0	1	35396166	35400138	-	Os01g0827200
rice	IRGSP-1.0	1	35402795	35405298	+	Os01g0827300
rice	IRGSP-1.0	1	35407605	35408396	-	Os01g0827400
rice	IRGSP-1.0	1	35409292	35411679	+	Os01g0827500
rice	IRGSP-1.0	1	35412930	35417464	+	Os01g0827600
rice	IRGSP-1.0	1	35415682	35417174	-	Os01g0827700
rice	IRGSP-1.0	1	35420889	35421862	+	Os01g0827800
rice	IRGSP-1.0	1	35431411	35432857	+	Os01g0828100
rice	IRGSP-1.0	1	35433722	35435429	+	Os01g0828200
rice	IRGSP-1.0	1	35436761	35441722	+	Os01g0828300
rice	IRGSP-1.0	1	35436810	35441457	-	Os01g0828400
rice	IRGSP-1.0	1	35473695	35474333	-	Os01g0828900
rice	IRGSP-1.0	1	35477420	35479511	+	Os01g0829000
rice	IRGSP-1.0	1	35480071	35482185	-	Os01g0829100
rice	IRGSP-1.0	1	35485365	35487088	+	Os01g0829266
rice	IRGSP-1.0	1	35491910	35492921	+	Os01g0829400
rice	IRGSP-1.0	1	35495952	35496172	-	Os01g0829500
rice	IRGSP-1.0	1	35497039	35498413	-	Os01g0829600
rice	IRGSP-1.0	1	35497187	35498546	+	Os01g0829700
rice	IRGSP-1.0	1	35499019	35501745	+	Os01g0829800
rice	IRGSP-1.0	1	35501996	35505052	-	Os01g0829900
rice	IRGSP-1.0	1	35505513	35508520	-	Os01g0830000
rice	IRGSP-1.0	1	35508869	35513088	+	Os01g0830100
rice	IRGSP-1.0	1	35514139	35517546	-	Os01g0830200
rice	IRGSP-1.0	1	35525560	35527592	-	Os01g0830500
rice	IRGSP-1.0	1	35538475	35544326	+	Os01g0830700
rice	IRGSP-1.0	1	35547688	35548473	-	Os01g0830900
rice	IRGSP-1.0	1	35558148	35559225	+	Os01g0831000
rice	IRGSP-1.0	1	35582280	35585575	+	Os01g0831200
rice	IRGSP-1.0	1	35586264	35588352	+	Os01g0831250
rice	IRGSP-1.0	1	35587306	35588445	-	Os01g0831300
rice	IRGSP-1.0	1	35594900	35595772	+	Os01g0831800
rice	IRGSP-1.0	1	35597093	35599018	-	Os01g0831900
rice	IRGSP-1.0	1	35597399	35599031	+	Os01g0831950
rice	IRGSP-1.0	1	35601142	35604029	-	Os01g0832000
rice	IRGSP-1.0	1	35605705	35607771	+	Os01g0832100
rice	IRGSP-1.0	1	35609621	35613094	-	Os01g0832200
rice	IRGSP-1.0	1	35619733	35625793	+	Os01g0832300
rice	IRGSP-1.0	1	35619952	35620559	-	Os01g0832450
rice	IRGSP-1.0	1	35636303	35640933	+	Os01g0832600
rice	IRGSP-1.0	1	35653186	35658307	+	Os01g0832900
rice	IRGSP-1.0	1	35658744	35660945	+	Os01g0833000
rice	IRGSP-1.0	1	35661145	35663837	-	Os01g0833100
rice	IRGSP-1.0	1	35682337	35682777	+	Os01g0833150
rice	IRGSP-1.0	1	35682818	35685747	+	Os01g0833200
rice	IRGSP-1.0	1	35686409	35687796	+	Os01g0833400
rice	IRGSP-1.0	1	35688062	35691424	-	Os01g0833500
rice	IRGSP-1.0	1	35692800	35693807	-	Os01g0833600
rice	IRGSP-1.0	1	35700437	35707701	-	Os01g0833700
rice	IRGSP-1.0	1	35700670	35705987	+	Os01g0833750
rice	IRGSP-1.0	1	35709533	35713436	-	Os01g0833800
rice	IRGSP-1.0	1	35721021	35722721	-	Os01g0834100
rice	IRGSP-1.0	1	35721437	35722747	+	Os01g0834125
rice	IRGSP-1.0	1	35730583	35733021	-	Os01g0834150
rice	IRGSP-1.0	1	35732665	35743682	+	Os01g0834200
rice	IRGSP-1.0	1	35745526	35749594	-	Os01g0834250
rice	IRGSP-1.0	1	35756352	35758663	-	Os01g0834400
rice	IRGSP-1.0	1	35760071	35761608	-	Os01g0834500
rice	IRGSP-1.0	1	35763733	35764006	-	Os01g0834600
rice	IRGSP-1.0	1	35767582	35772351	+	Os01g0834700
rice	IRGSP-1.0	1	35776008	35776507	-	Os01g0834800
rice	IRGSP-1.0	1	35781678	35782089	-	Os01g0834900
rice	IRGSP-1.0	1	35784466	35793928	-	Os01g0835000
rice	IRGSP-1.0	1	35784866	35793475	+	Os01g0835083
rice	IRGSP-1.0	1	35813149	35817706	+	Os01g0835500
rice	IRGSP-1.0	1	35814482	35820865	-	Os01g0835600
rice	IRGSP-1.0	1	35827222	35828772	-	Os01g0835700
rice	IRGSP-1.0	1	35832991	35836375	-	Os01g0835800
rice	IRGSP-1.0	1	35840539	35841246	+	Os01g0835900
rice	IRGSP-1.0	1	35844675	35854963	+	Os01g0836400
rice	IRGSP-1.0	1	35861267	35863888	+	Os01g0836600
rice	IRGSP-1.0	1	35868921	35869820	-	Os01g0836700
rice	IRGSP-1.0	1	35871455	35873198	-	Os01g0836800
rice	IRGSP-1.0	1	35881024	35882412	+	Os01g0836900
rice	IRGSP-1.0	1	35885095	35888562	-	Os01g0837000
rice	IRGSP-1.0	1	35887937	35891365	+	Os01g0837100
rice	IRGSP-1.0	1	35894448	35895172	+	Os01g0837200
rice	IRGSP-1.0	1	35897015	35900580	+	Os01g0837300
rice	IRGSP-1.0	1	35897031	35900226	-	Os01g0837350
rice	IRGSP-1.0	1	35902972	35908325	+	Os01g0837500
rice	IRGSP-1.0	1	35912084	35913241	+	Os01g0837600
rice	IRGSP-1.0	1	35916711	35917028	-	Os01g0837700
rice	IRGSP-1.0	1	35917435	35921969	-	Os01g0837800
rice	IRGSP-1.0	1	35923866	35929372	-	Os01g0837900
rice	IRGSP-1.0	1	35939939	35949979	+	Os01g0838100
rice	IRGSP-1.0	1	35952915	35953433	-	Os01g0838200
rice	IRGSP-1.0	1	35956631	35957194	+	Os01g0838300
rice	IRGSP-1.0	1	35958635	35959019	-	Os01g0838350
rice	IRGSP-1.0	1	35960751	35962389	-	Os01g0838400
rice	IRGSP-1.0	1	35965949	35966946	-	Os01g0838600
rice	IRGSP-1.0	1	35981651	35984194	+	Os01g0838800
rice	IRGSP-1.0	1	35984258	35987592	-	Os01g0838900
rice	IRGSP-1.0	1	36001242	36002101	+	Os01g0839100
rice	IRGSP-1.0	1	36002559	36005000	-	Os01g0839200
rice	IRGSP-1.0	1	36007402	36009895	+	Os01g0839300
rice	IRGSP-1.0	1	36011627	36013033	+	Os01g0839400
rice	IRGSP-1.0	1	36014027	36014684	-	Os01g0839500
rice	IRGSP-1.0	1	36017205	36023468	-	Os01g0839700
rice	IRGSP-1.0	1	36017370	36023296	+	Os01g0839801
rice	IRGSP-1.0	1	36029895	36030895	-	Os01g0839900
rice	IRGSP-1.0	1	36039716	36043151	+	Os01g0840100
rice	IRGSP-1.0	1	36044182	36046520	-	Os01g0840200
rice	IRGSP-1.0	1	36059256	36059450	-	Os01g0840300
rice	IRGSP-1.0	1	36083073	36084198	-	Os01g0840700
rice	IRGSP-1.0	1	36091051	36091822	-	Os01g0840900
rice	IRGSP-1.0	1	36094898	36096559	+	Os01g0841000
rice	IRGSP-1.0	1	36098412	36100864	+	Os01g0841050
rice	IRGSP-1.0	1	36102687	36104273	-	Os01g0841100
rice	IRGSP-1.0	1	36105408	36108015	-	Os01g0841200
rice	IRGSP-1.0	1	36117133	36118473	+	Os01g0841400
rice	IRGSP-1.0	1	36120000	36120777	-	Os01g0841450
rice	IRGSP-1.0	1	36122786	36128441	+	Os01g0841500
rice	IRGSP-1.0	1	36129470	36132564	+	Os01g0841600
rice	IRGSP-1.0	1	36129885	36132028	-	Os01g0841650
rice	IRGSP-1.0	1	36135821	36137283	+	Os01g0841700
rice	IRGSP-1.0	1	36141663	36146280	-	Os01g0841800
rice	IRGSP-1.0	1	36158308	36161507	+	Os01g0842200
rice	IRGSP-1.0	1	36165929	36168939	-	Os01g0842400
rice	IRGSP-1.0	1	36177292	36180127	-	Os01g0842500
rice	IRGSP-1.0	1	36182463	36187878	-	Os01g0842600
rice	IRGSP-1.0	1	36193840	36194611	-	Os01g0842801
rice	IRGSP-1.0	1	36222348	36228582	+	Os01g0843300
rice	IRGSP-1.0	1	36230259	36231480	+	Os01g0843432
rice	IRGSP-1.0	1	36230953	36231939	-	Os01g0843500
rice	IRGSP-1.0	1	36232930	36233540	+	Os01g0843700
rice	IRGSP-1.0	1	36236705	36239144	+	Os01g0843800
rice	IRGSP-1.0	1	36248519	36248977	+	Os01g0844000
rice	IRGSP-1.0	1	36251954	36252630	+	Os01g0844200
rice	IRGSP-1.0	1	36253547	36256956	+	Os01g0844300
rice	IRGSP-1.0	1	36257567	36261744	-	Os01g0844400
rice	IRGSP-1.0	1	36268205	36269639	-	Os01g0844500
rice	IRGSP-1.0	1	36274026	36274733	-	Os01g0844700
rice	IRGSP-1.0	1	36278953	36286380	+	Os01g0844800
rice	IRGSP-1.0	1	36287282	36289641	+	Os01g0844900
rice	IRGSP-1.0	1	36296586	36298621	-	Os01g0845100
rice	IRGSP-1.0	1	36297008	36298858	+	Os01g0845000
rice	IRGSP-1.0	1	36323780	36325014	+	Os01g0845950
rice	IRGSP-1.0	1	36325343	36336541	-	Os01g0846000
rice	IRGSP-1.0	1	36343948	36346009	+	Os01g0846300
rice	IRGSP-1.0	1	36344525	36345836	-	Os01g0846150
rice	IRGSP-1.0	1	36346113	36349545	+	Os01g0846400
rice	IRGSP-1.0	1	36353072	36358534	+	Os01g0846450
rice	IRGSP-1.0	1	36359709	36365448	+	Os01g0846500
rice	IRGSP-1.0	1	36368246	36373939	-	Os01g0846600
rice	IRGSP-1.0	1	36379625	36385146	-	Os01g0846700
rice	IRGSP-1.0	1	36381991	36385123	+	Os01g0846800
rice	IRGSP-1.0	1	36385625	36390411	-	Os01g0846900
rice	IRGSP-1.0	1	36385692	36390379	+	Os01g0847000
rice	IRGSP-1.0	1	36392080	36392685	+	Os01g0847100
rice	IRGSP-1.0	1	36395486	36398031	+	Os01g0847200
rice	IRGSP-1.0	1	36398984	36401707	-	Os01g0847300
rice	IRGSP-1.0	1	36403442	36407379	+	Os01g0847600
rice	IRGSP-1.0	1	36410714	36414587	+	Os01g0847700
rice	IRGSP-1.0	1	36418161	36420029	+	Os01g0847800
rice	IRGSP-1.0	1	36420027	36422866	-	Os01g0847900
rice	IRGSP-1.0	1	36430978	36440843	+	Os01g0848200
rice	IRGSP-1.0	1	36438950	36442944	-	Os01g0848300
rice	IRGSP-1.0	1	36445402	36449427	+	Os01g0848475
rice	IRGSP-1.0	1	36445456	36449951	-	Os01g0848400
rice	IRGSP-1.0	1	36466416	36467358	-	Os01g0848550
rice	IRGSP-1.0	1	36466723	36470258	+	Os01g0848766
rice	IRGSP-1.0	1	36467919	36470441	-	Os01g0848700
rice	IRGSP-1.0	1	36480510	36483990	+	Os01g0848900
rice	IRGSP-1.0	1	36484020	36484818	-	Os01g0849000
rice	IRGSP-1.0	1	36485437	36489944	-	Os01g0849100
rice	IRGSP-1.0	1	36496069	36496656	+	Os01g0849500
rice	IRGSP-1.0	1	36496934	36498132	-	Os01g0849600
rice	IRGSP-1.0	1	36527939	36529713	-	Os01g0849950
rice	IRGSP-1.0	1	36528042	36529841	+	Os01g0850000
rice	IRGSP-1.0	1	36531401	36532340	+	Os01g0850050
rice	IRGSP-1.0	1	36540164	36545196	+	Os01g0850100
rice	IRGSP-1.0	1	36597719	36600524	-	Os01g0850200
rice	IRGSP-1.0	1	36606535	36608135	-	Os01g0850400
rice	IRGSP-1.0	1	36617104	36621116	+	Os01g0850550
rice	IRGSP-1.0	1	36622829	36627662	+	Os01g0850700
rice	IRGSP-1.0	1	36634331	36636717	+	Os01g0850800
rice	IRGSP-1.0	1	36639626	36640552	+	Os01g0850900
rice	IRGSP-1.0	1	36640971	36647111	+	Os01g0851000
rice	IRGSP-1.0	1	36643577	36648018	-	Os01g0851100
rice	IRGSP-1.0	1	36652530	36654649	-	Os01g0851300
rice	IRGSP-1.0	1	36656370	36660768	-	Os01g0851400
rice	IRGSP-1.0	1	36666965	36668075	+	Os01g0851600
rice	IRGSP-1.0	1	36670321	36676478	-	Os01g0851700
rice	IRGSP-1.0	1	36683837	36687072	-	Os01g0852100
rice	IRGSP-1.0	1	36683927	36684766	+	Os01g0852000
rice	IRGSP-1.0	1	36687545	36695629	-	Os01g0852200
rice	IRGSP-1.0	1	36691678	36692022	+	Os01g0852300
rice	IRGSP-1.0	1	36696905	36698963	-	Os01g0852400
rice	IRGSP-1.0	1	36718064	36723161	-	Os01g0852500
rice	IRGSP-1.0	1	36727945	36729912	+	Os01g0852650
rice	IRGSP-1.0	1	36728482	36731085	-	Os01g0852800
rice	IRGSP-1.0	1	36732836	36737403	+	Os01g0852900
rice	IRGSP-1.0	1	36736127	36737198	-	Os01g0853000
rice	IRGSP-1.0	1	36747521	36750925	+	Os01g0853400
rice	IRGSP-1.0	1	36756897	36762917	+	Os01g0853600
rice	IRGSP-1.0	1	36763677	36765294	-	Os01g0853700
rice	IRGSP-1.0	1	36771018	36772336	+	Os01g0853800
rice	IRGSP-1.0	1	36794890	36796983	+	Os01g0854000
rice	IRGSP-1.0	1	36808170	36808790	+	Os01g0854400
rice	IRGSP-1.0	1	36813736	36815023	-	Os01g0854500
rice	IRGSP-1.0	1	36838524	36839070	-	Os01g0854651
rice	IRGSP-1.0	1	36840077	36842114	+	Os01g0854800
rice	IRGSP-1.0	1	36863177	36871094	-	Os01g0855000
rice	IRGSP-1.0	1	36894607	36897206	+	Os01g0855200
rice	IRGSP-1.0	1	36936986	36939375	+	Os01g0855400
rice	IRGSP-1.0	1	36942716	36944585	-	Os01g0855600
rice	IRGSP-1.0	1	36943000	36945124	+	Os01g0855700
rice	IRGSP-1.0	1	36951126	36951761	+	Os01g0855900
rice	IRGSP-1.0	1	36952073	36956727	+	Os01g0856000
rice	IRGSP-1.0	1	36998338	37004643	+	Os01g0856500
rice	IRGSP-1.0	1	37005748	37013517	-	Os01g0856600
rice	IRGSP-1.0	1	37017072	37018035	+	Os01g0856800
rice	IRGSP-1.0	1	37019957	37020241	-	Os01g0856850
rice	IRGSP-1.0	1	37021544	37023529	+	Os01g0856900
rice	IRGSP-1.0	1	37023812	37031493	-	Os01g0857000
rice	IRGSP-1.0	1	37034026	37035656	-	Os01g0857200
rice	IRGSP-1.0	1	37035218	37036018	+	Os01g0857250
rice	IRGSP-1.0	1	37039556	37043230	-	Os01g0857300
rice	IRGSP-1.0	1	37043496	37049889	-	Os01g0857400
rice	IRGSP-1.0	1	37062340	37064615	+	Os01g0857500
rice	IRGSP-1.0	1	37065754	37068895	-	Os01g0857600
rice	IRGSP-1.0	1	37065903	37068669	+	Os01g0857650
rice	IRGSP-1.0	1	37069395	37071889	-	Os01g0857700
rice	IRGSP-1.0	1	37076493	37079538	+	Os01g0857900
rice	IRGSP-1.0	1	37079120	37079350	+	Os01g0857925
rice	IRGSP-1.0	1	37079730	37089386	+	Os01g0857950
rice	IRGSP-1.0	1	37080266	37085162	-	Os01g0858000
rice	IRGSP-1.0	1	37095403	37096978	-	Os01g0858200
rice	IRGSP-1.0	1	37097377	37099130	-	Os01g0858350
rice	IRGSP-1.0	1	37118464	37120942	-	Os01g0858500
rice	IRGSP-1.0	1	37123132	37126849	+	Os01g0858700
rice	IRGSP-1.0	1	37133703	37135319	+	Os01g0858900
rice	IRGSP-1.0	1	37146919	37149119	-	Os01g0859100
rice	IRGSP-1.0	1	37154448	37157448	+	Os01g0859200
rice	IRGSP-1.0	1	37174575	37176344	+	Os01g0859300
rice	IRGSP-1.0	1	37177457	37184746	+	Os01g0859400
rice	IRGSP-1.0	1	37181505	37188288	-	Os01g0859500
rice	IRGSP-1.0	1	37190435	37197744	-	Os01g0859600
rice	IRGSP-1.0	1	37231558	37234572	+	Os01g0860300
rice	IRGSP-1.0	1	37235781	37237206	+	Os01g0860400
rice	IRGSP-1.0	1	37238917	37242334	-	Os01g0860450
rice	IRGSP-1.0	1	37239583	37240775	+	Os01g0860500
rice	IRGSP-1.0	1	37241157	37242066	+	Os01g0860601
rice	IRGSP-1.0	1	37248455	37248873	+	Os01g0860700
rice	IRGSP-1.0	1	37269811	37274701	+	Os01g0860800
rice	IRGSP-1.0	1	37275755	37277138	-	Os01g0860900
rice	IRGSP-1.0	1	37279687	37280386	-	Os01g0861000
rice	IRGSP-1.0	1	37299675	37300189	+	Os01g0861400
rice	IRGSP-1.0	1	37303624	37307696	+	Os01g0861700
rice	IRGSP-1.0	1	37308289	37310312	-	Os01g0861900
rice	IRGSP-1.0	1	37310842	37314676	-	Os01g0862000
rice	IRGSP-1.0	1	37315305	37316250	+	Os01g0862200
rice	IRGSP-1.0	1	37316220	37320517	-	Os01g0862300
rice	IRGSP-1.0	1	37321659	37323263	-	Os01g0862400
rice	IRGSP-1.0	1	37321895	37323497	+	Os01g0862500
rice	IRGSP-1.0	1	37323898	37324874	+	Os01g0862600
rice	IRGSP-1.0	1	37334397	37336207	+	Os01g0862800
rice	IRGSP-1.0	1	37334518	37335105	-	Os01g0862850
rice	IRGSP-1.0	1	37349398	37352086	-	Os01g0863100
rice	IRGSP-1.0	1	37353469	37356150	-	Os01g0863166
rice	IRGSP-1.0	1	37358205	37359556	+	Os01g0863300
rice	IRGSP-1.0	1	37360416	37363396	-	Os01g0863400
rice	IRGSP-1.0	1	37365499	37366446	+	Os01g0863500
rice	IRGSP-1.0	1	37381402	37382273	+	Os01g0863800
rice	IRGSP-1.0	1	37396215	37397433	-	Os01g0864000
rice	IRGSP-1.0	1	37396482	37398123	+	Os01g0864100
rice	IRGSP-1.0	1	37403082	37403883	+	Os01g0864200
rice	IRGSP-1.0	1	37406262	37407241	-	Os01g0864300
rice	IRGSP-1.0	1	37409701	37411461	-	Os01g0864401
rice	IRGSP-1.0	1	37412047	37413011	-	Os01g0864500
rice	IRGSP-1.0	1	37415178	37415459	-	Os01g0864566
rice	IRGSP-1.0	1	37417036	37417649	-	Os01g0864700
rice	IRGSP-1.0	1	37440434	37444669	-	Os01g0865100
rice	IRGSP-1.0	1	37451411	37452954	-	Os01g0865400
rice	IRGSP-1.0	1	37457525	37463751	+	Os01g0865600
rice	IRGSP-1.0	1	37464074	37465567	-	Os01g0865700
rice	IRGSP-1.0	1	37472239	37473548	-	Os01g0865800
rice	IRGSP-1.0	1	37505155	37506089	+	Os01g0866000
rice	IRGSP-1.0	1	37505302	37505890	-	Os01g0865900
rice	IRGSP-1.0	1	37509885	37513263	+	Os01g0866100
rice	IRGSP-1.0	1	37510909	37512831	-	Os01g0866133
rice	IRGSP-1.0	1	37513878	37514462	+	Os01g0866200
rice	IRGSP-1.0	1	37514821	37518597	+	Os01g0866300
rice	IRGSP-1.0	1	37519585	37522414	+	Os01g0866400
rice	IRGSP-1.0	1	37522263	37524040	-	Os01g0866500
rice	IRGSP-1.0	1	37525983	37526487	-	Os01g0866600
rice	IRGSP-1.0	1	37527433	37529093	-	Os01g0866700
rice	IRGSP-1.0	1	37529968	37530437	-	Os01g0866750
rice	IRGSP-1.0	1	37535953	37539344	+	Os01g0866800
rice	IRGSP-1.0	1	37543820	37551292	+	Os01g0867100
rice	IRGSP-1.0	1	37552036	37556471	+	Os01g0867200
rice	IRGSP-1.0	1	37556707	37560104	-	Os01g0867300
rice	IRGSP-1.0	1	37566054	37575892	+	Os01g0867600
rice	IRGSP-1.0	1	37576887	37579107	+	Os01g0867700
rice	IRGSP-1.0	1	37580457	37584836	+	Os01g0867800
rice	IRGSP-1.0	1	37584884	37588115	-	Os01g0867900
rice	IRGSP-1.0	1	37590034	37592446	-	Os01g0868000
rice	IRGSP-1.0	1	37615956	37622057	-	Os01g0868200
rice	IRGSP-1.0	1	37617374	37621965	+	Os01g0868301
rice	IRGSP-1.0	1	37625827	37634176	+	Os01g0868400
rice	IRGSP-1.0	1	37625916	37636099	-	Os01g0868300
rice	IRGSP-1.0	1	37637420	37642840	-	Os01g0868550
rice	IRGSP-1.0	1	37641515	37643418	+	Os01g0868600
rice	IRGSP-1.0	1	37647790	37649292	+	Os01g0868800
rice	IRGSP-1.0	1	37651834	37654381	+	Os01g0868900
rice	IRGSP-1.0	1	37655441	37661234	-	Os01g0869000
rice	IRGSP-1.0	1	37664233	37667335	+	Os01g0869200
rice	IRGSP-1.0	1	37667337	37671823	-	Os01g0869300
rice	IRGSP-1.0	1	37682288	37684012	-	Os01g0869400
rice	IRGSP-1.0	1	37682625	37684068	+	Os01g0869450
rice	IRGSP-1.0	1	37686059	37689440	-	Os01g0869500
rice	IRGSP-1.0	1	37686769	37689346	+	Os01g0869550
rice	IRGSP-1.0	1	37690326	37693116	+	Os01g0869600
rice	IRGSP-1.0	1	37695077	37696475	-	Os01g0869750
rice	IRGSP-1.0	1	37697024	37699582	+	Os01g0869800
rice	IRGSP-1.0	1	37710241	37714835	+	Os01g0869900
rice	IRGSP-1.0	1	37714857	37720652	-	Os01g0870100
rice	IRGSP-1.0	1	37722462	37726352	+	Os01g0870201
rice	IRGSP-1.0	1	37727421	37737822	+	Os01g0870300
rice	IRGSP-1.0	1	37735184	37737641	-	Os01g0870350
rice	IRGSP-1.0	1	37739465	37742721	-	Os01g0870400
rice	IRGSP-1.0	1	37745526	37748575	-	Os01g0870500
rice	IRGSP-1.0	1	37760054	37762238	-	Os01g0870750
rice	IRGSP-1.0	1	37760258	37762299	+	Os01g0871000
rice	IRGSP-1.0	1	37763432	37770402	+	Os01g0871100
rice	IRGSP-1.0	1	37769263	37770302	-	Os01g0871150
rice	IRGSP-1.0	1	37773994	37778565	+	Os01g0871200
rice	IRGSP-1.0	1	37779512	37782837	+	Os01g0871300
rice	IRGSP-1.0	1	37783317	37785412	-	Os01g0871350
rice	IRGSP-1.0	1	37789052	37790984	-	Os01g0871400
rice	IRGSP-1.0	1	37790484	37792882	+	Os01g0871500
rice	IRGSP-1.0	1	37795606	37797741	+	Os01g0871600
rice	IRGSP-1.0	1	37800956	37802110	+	Os01g0871700
rice	IRGSP-1.0	1	37801164	37802792	-	Os01g0871733
rice	IRGSP-1.0	1	37804021	37807126	+	Os01g0871800
rice	IRGSP-1.0	1	37810770	37812129	+	Os01g0871900
rice	IRGSP-1.0	1	37814673	37816775	+	Os01g0872000
rice	IRGSP-1.0	1	37821284	37826818	+	Os01g0872100
rice	IRGSP-1.0	1	37821518	37826764	-	Os01g0872201
rice	IRGSP-1.0	1	37828417	37829987	+	Os01g0872300
rice	IRGSP-1.0	1	37829568	37832278	-	Os01g0872350
rice	IRGSP-1.0	1	37830130	37832381	+	Os01g0872400
rice	IRGSP-1.0	1	37832970	37833242	+	Os01g0872450
rice	IRGSP-1.0	1	37834177	37836926	+	Os01g0872500
rice	IRGSP-1.0	1	37834234	37836571	-	Os01g0872533
rice	IRGSP-1.0	1	37837235	37840175	-	Os01g0872566
rice	IRGSP-1.0	1	37839529	37840372	+	Os01g0872600
rice	IRGSP-1.0	1	37844994	37852790	-	Os01g0872700
rice	IRGSP-1.0	1	37853413	37857509	-	Os01g0872800
rice	IRGSP-1.0	1	37860133	37861943	-	Os01g0872900
rice	IRGSP-1.0	1	37862635	37863183	-	Os01g0873000
rice	IRGSP-1.0	1	37866113	37866722	-	Os01g0873100
rice	IRGSP-1.0	1	37866333	37868311	+	Os01g0873200
rice	IRGSP-1.0	1	37869529	37870325	-	Os01g0873300
rice	IRGSP-1.0	1	37887626	37890353	+	Os01g0873700
rice	IRGSP-1.0	1	37890722	37897447	-	Os01g0873800
rice	IRGSP-1.0	1	37899282	37903267	-	Os01g0873900
rice	IRGSP-1.0	1	37914757	37918965	-	Os01g0874100
rice	IRGSP-1.0	1	37932258	37933372	+	Os01g0874300
rice	IRGSP-1.0	1	37948867	37951945	+	Os01g0874700
rice	IRGSP-1.0	1	37955091	37959001	-	Os01g0874800
rice	IRGSP-1.0	1	37962564	37966769	+	Os01g0874900
rice	IRGSP-1.0	1	37968972	37970334	-	Os01g0875000
rice	IRGSP-1.0	1	37969176	37970284	+	Os01g0875150
rice	IRGSP-1.0	1	37982651	37985429	+	Os01g0875300
rice	IRGSP-1.0	1	37986867	37991746	-	Os01g0875400
rice	IRGSP-1.0	1	37994513	38001584	+	Os01g0875500
rice	IRGSP-1.0	1	38009641	38011902	+	Os01g0875700
rice	IRGSP-1.0	1	38012799	38014299	-	Os01g0875800
rice	IRGSP-1.0	1	38017450	38022111	+	Os01g0876100
rice	IRGSP-1.0	1	38018975	38021723	-	Os01g0876200
rice	IRGSP-1.0	1	38022813	38024140	-	Os01g0876300
rice	IRGSP-1.0	1	38026660	38030181	-	Os01g0876400
rice	IRGSP-1.0	1	38031463	38035706	+	Os01g0876500
rice	IRGSP-1.0	1	38037620	38038360	-	Os01g0876650
rice	IRGSP-1.0	1	38048047	38054353	+	Os01g0876800
rice	IRGSP-1.0	1	38060086	38062775	-	Os01g0877001
rice	IRGSP-1.0	1	38064447	38071692	+	Os01g0877300
rice	IRGSP-1.0	1	38072090	38074854	+	Os01g0877400
rice	IRGSP-1.0	1	38081254	38082203	-	Os01g0877450
rice	IRGSP-1.0	1	38081675	38084956	+	Os01g0877500
rice	IRGSP-1.0	1	38082295	38088758	-	Os01g0877600
rice	IRGSP-1.0	1	38098937	38099628	-	Os01g0877900
rice	IRGSP-1.0	1	38101549	38102991	-	Os01g0878000
rice	IRGSP-1.0	1	38106515	38107556	-	Os01g0878101
rice	IRGSP-1.0	1	38106751	38107815	+	Os01g0878200
rice	IRGSP-1.0	1	38112112	38117971	+	Os01g0878300
rice	IRGSP-1.0	1	38118010	38120760	-	Os01g0878400
rice	IRGSP-1.0	1	38118315	38120111	+	Os01g0878550
rice	IRGSP-1.0	1	38133475	38137770	-	Os01g0878700
rice	IRGSP-1.0	1	38133803	38135277	+	Os01g0878750
rice	IRGSP-1.0	1	38139223	38142619	-	Os01g0878800
rice	IRGSP-1.0	1	38144793	38146141	-	Os01g0878900
rice	IRGSP-1.0	1	38147023	38147798	-	Os01g0879000
rice	IRGSP-1.0	1	38147082	38148018	+	Os01g0879100
rice	IRGSP-1.0	1	38148684	38149534	+	Os01g0879200
rice	IRGSP-1.0	1	38151365	38152044	+	Os01g0879300
rice	IRGSP-1.0	1	38154147	38156987	+	Os01g0879400
rice	IRGSP-1.0	1	38157319	38159782	-	Os01g0879500
rice	IRGSP-1.0	1	38164170	38165993	+	Os01g0879600
rice	IRGSP-1.0	1	38191821	38192525	-	Os01g0880100
rice	IRGSP-1.0	1	38197022	38202612	+	Os01g0880200
rice	IRGSP-1.0	1	38199826	38202367	-	Os01g0880250
rice	IRGSP-1.0	1	38206952	38211683	-	Os01g0880300
rice	IRGSP-1.0	1	38207129	38210880	+	Os01g0880350
rice	IRGSP-1.0	1	38212858	38217134	-	Os01g0880400
rice	IRGSP-1.0	1	38224446	38225878	+	Os01g0880800
rice	IRGSP-1.0	1	38224640	38225740	-	Os01g0880850
rice	IRGSP-1.0	1	38226425	38228440	-	Os01g0880900
rice	IRGSP-1.0	1	38228812	38237228	-	Os01g0881000
rice	IRGSP-1.0	1	38238479	38240305	-	Os01g0881100
rice	IRGSP-1.0	1	38254053	38257595	+	Os01g0881300
rice	IRGSP-1.0	1	38257939	38261435	+	Os01g0881400
rice	IRGSP-1.0	1	38261856	38265489	-	Os01g0881500
rice	IRGSP-1.0	1	38273297	38274800	+	Os01g0881800
rice	IRGSP-1.0	1	38275062	38279030	-	Os01g0881900
rice	IRGSP-1.0	1	38282568	38287237	-	Os01g0881966
rice	IRGSP-1.0	1	38287883	38289428	+	Os01g0882000
rice	IRGSP-1.0	1	38290773	38290970	+	Os01g0882100
rice	IRGSP-1.0	1	38291672	38292452	-	Os01g0882200
rice	IRGSP-1.0	1	38299999	38305642	+	Os01g0882300
rice	IRGSP-1.0	1	38305824	38306726	+	Os01g0882400
rice	IRGSP-1.0	1	38306570	38307754	-	Os01g0882500
rice	IRGSP-1.0	1	38310588	38313631	-	Os01g0882800
rice	IRGSP-1.0	1	38310829	38312270	+	Os01g0882900
rice	IRGSP-1.0	1	38319060	38325583	+	Os01g0883000
rice	IRGSP-1.0	1	38321342	38323892	-	Os01g0883100
rice	IRGSP-1.0	1	38329179	38332595	+	Os01g0883200
rice	IRGSP-1.0	1	38344272	38344937	+	Os01g0883400
rice	IRGSP-1.0	1	38382385	38385469	+	Os01g0883800
rice	IRGSP-1.0	1	38382586	38383358	-	Os01g0883850
rice	IRGSP-1.0	1	38386425	38391652	-	Os01g0883900
rice	IRGSP-1.0	1	38397406	38398976	+	Os01g0884200
rice	IRGSP-1.0	1	38398996	38401481	-	Os01g0884300
rice	IRGSP-1.0	1	38400848	38401417	+	Os01g0884350
rice	IRGSP-1.0	1	38409242	38413057	+	Os01g0884400
rice	IRGSP-1.0	1	38413181	38424557	-	Os01g0884500
rice	IRGSP-1.0	1	38419314	38424366	+	Os01g0884600
rice	IRGSP-1.0	1	38432707	38433693	-	Os01g0884700
rice	IRGSP-1.0	1	38432750	38437074	+	Os01g0884800
rice	IRGSP-1.0	1	38436060	38437082	-	Os01g0884850
rice	IRGSP-1.0	1	38437193	38438811	-	Os01g0884900
rice	IRGSP-1.0	1	38443627	38446419	+	Os01g0885000
rice	IRGSP-1.0	1	38448148	38450486	-	Os01g0885200
rice	IRGSP-1.0	1	38454841	38460529	-	Os01g0885300
rice	IRGSP-1.0	1	38469634	38475218	-	Os01g0885500
rice	IRGSP-1.0	1	38475647	38480677	+	Os01g0885600
rice	IRGSP-1.0	1	38481235	38484005	+	Os01g0885700
rice	IRGSP-1.0	1	38489459	38490169	+	Os01g0885900
rice	IRGSP-1.0	1	38491273	38494120	-	Os01g0886000
rice	IRGSP-1.0	1	38500880	38505086	+	Os01g0886200
rice	IRGSP-1.0	1	38509123	38513469	+	Os01g0886300
rice	IRGSP-1.0	1	38515103	38516802	-	Os01g0886350
rice	IRGSP-1.0	1	38517646	38520243	-	Os01g0886500
rice	IRGSP-1.0	1	38520634	38526006	-	Os01g0886600
rice	IRGSP-1.0	1	38527705	38528419	+	Os01g0886700
rice	IRGSP-1.0	1	38534739	38539826	+	Os01g0886900
rice	IRGSP-1.0	1	38544060	38545821	+	Os01g0887100
rice	IRGSP-1.0	1	38545767	38558365	-	Os01g0887400
rice	IRGSP-1.0	1	38563355	38563756	-	Os01g0887550
rice	IRGSP-1.0	1	38566148	38570861	-	Os01g0887700
rice	IRGSP-1.0	1	38570098	38570860	+	Os01g0887850
rice	IRGSP-1.0	1	38577575	38578151	-	Os01g0888022
rice	IRGSP-1.0	1	38611671	38613870	+	Os01g0888300
rice	IRGSP-1.0	1	38618768	38621877	-	Os01g0888500
rice	IRGSP-1.0	1	38627746	38631927	+	Os01g0888600
rice	IRGSP-1.0	1	38631901	38635571	-	Os01g0888700
rice	IRGSP-1.0	1	38632023	38635426	+	Os01g0888750
rice	IRGSP-1.0	1	38637420	38638185	+	Os01g0888800
rice	IRGSP-1.0	1	38645146	38645757	-	Os01g0888900
rice	IRGSP-1.0	1	38650527	38654601	+	Os01g0889000
rice	IRGSP-1.0	1	38659389	38663607	-	Os01g0889200
rice	IRGSP-1.0	1	38676241	38679639	+	Os01g0889400
rice	IRGSP-1.0	1	38684636	38688097	-	Os01g0889800
rice	IRGSP-1.0	1	38688239	38692619	-	Os01g0889900
rice	IRGSP-1.0	1	38698163	38702593	-	Os01g0890001
rice	IRGSP-1.0	1	38699042	38701558	+	Os01g0890100
rice	IRGSP-1.0	1	38699392	38701281	-	Os01g0890050
rice	IRGSP-1.0	1	38704701	38707473	+	Os01g0890200
rice	IRGSP-1.0	1	38705284	38707481	-	Os01g0890250
rice	IRGSP-1.0	1	38712011	38716756	-	Os01g0890300
rice	IRGSP-1.0	1	38718491	38719379	+	Os01g0890400
rice	IRGSP-1.0	1	38723347	38724165	-	Os01g0890500
rice	IRGSP-1.0	1	38732782	38734779	+	Os01g0890600
rice	IRGSP-1.0	1	38736412	38739870	+	Os01g0890900
rice	IRGSP-1.0	1	38736468	38739972	-	Os01g0890950
rice	IRGSP-1.0	1	38740059	38745917	-	Os01g0891000
rice	IRGSP-1.0	1	38740061	38746054	+	Os01g0891033
rice	IRGSP-1.0	1	38749092	38750656	-	Os01g0891066
rice	IRGSP-1.0	1	38750313	38750768	+	Os01g0891100
rice	IRGSP-1.0	1	38752615	38754941	+	Os01g0891300
rice	IRGSP-1.0	1	38752685	38754818	-	Os01g0891350
rice	IRGSP-1.0	1	38755058	38759513	-	Os01g0891400
rice	IRGSP-1.0	1	38761910	38763273	+	Os01g0891601
rice	IRGSP-1.0	1	38770126	38771794	+	Os01g0891700
rice	IRGSP-1.0	1	38795480	38797375	+	Os01g0892300
rice	IRGSP-1.0	1	38807395	38810531	-	Os01g0892500
rice	IRGSP-1.0	1	38812119	38815213	-	Os01g0892600
rice	IRGSP-1.0	1	38818767	38822164	+	Os01g0892800
rice	IRGSP-1.0	1	38843729	38846523	+	Os01g0893400
rice	IRGSP-1.0	1	38853527	38860214	-	Os01g0893700
rice	IRGSP-1.0	1	38864030	38867821	+	Os01g0894000
rice	IRGSP-1.0	1	38869629	38871134	-	Os01g0894050
rice	IRGSP-1.0	1	38869653	38872162	+	Os01g0894075
rice	IRGSP-1.0	1	38871380	38874494	-	Os01g0894100
rice	IRGSP-1.0	1	38884960	38887720	-	Os01g0894300
rice	IRGSP-1.0	1	38891151	38893622	+	Os01g0894500
rice	IRGSP-1.0	1	38893658	38897428	-	Os01g0894600
rice	IRGSP-1.0	1	38900613	38902714	-	Os01g0894700
rice	IRGSP-1.0	1	38909165	38909694	-	Os01g0895000
rice	IRGSP-1.0	1	38910993	38915492	-	Os01g0895100
rice	IRGSP-1.0	1	38916092	38917927	+	Os01g0895200
rice	IRGSP-1.0	1	38924933	38926377	+	Os01g0895300
rice	IRGSP-1.0	1	38928823	38930008	+	Os01g0895500
rice	IRGSP-1.0	1	38930465	38934752	-	Os01g0895600
rice	IRGSP-1.0	1	38948587	38950479	+	Os01g0896200
rice	IRGSP-1.0	1	38953663	38959110	+	Os01g0896300
rice	IRGSP-1.0	1	38959429	38960235	-	Os01g0896400
rice	IRGSP-1.0	1	38961459	38966130	-	Os01g0896500
rice	IRGSP-1.0	1	38968295	38971038	+	Os01g0896700
rice	IRGSP-1.0	1	38973653	38976375	+	Os01g0896800
rice	IRGSP-1.0	1	38981299	38984176	-	Os01g0897000
rice	IRGSP-1.0	1	38986663	38990488	+	Os01g0897100
rice	IRGSP-1.0	1	38990969	38993803	-	Os01g0897200
rice	IRGSP-1.0	1	38994476	38997470	-	Os01g0897300
rice	IRGSP-1.0	1	39002131	39004439	+	Os01g0897500
rice	IRGSP-1.0	1	39004988	39009954	+	Os01g0897600
rice	IRGSP-1.0	1	39013826	39017951	-	Os01g0897700
rice	IRGSP-1.0	1	39025299	39035049	-	Os01g0897800
rice	IRGSP-1.0	1	39052287	39058529	-	Os01g0898300
rice	IRGSP-1.0	1	39063700	39065530	+	Os01g0898400
rice	IRGSP-1.0	1	39066177	39068629	+	Os01g0898500
rice	IRGSP-1.0	1	39070132	39072668	-	Os01g0898600
rice	IRGSP-1.0	1	39079600	39082185	+	Os01g0898800
rice	IRGSP-1.0	1	39085081	39091029	+	Os01g0898900
rice	IRGSP-1.0	1	39091734	39095307	-	Os01g0899000
rice	IRGSP-1.0	1	39101061	39101498	+	Os01g0899100
rice	IRGSP-1.0	1	39102277	39103501	-	Os01g0899200
rice	IRGSP-1.0	1	39110685	39110934	-	Os01g0899275
rice	IRGSP-1.0	1	39114759	39115037	-	Os01g0899350
rice	IRGSP-1.0	1	39117079	39117320	+	Os01g0899387
rice	IRGSP-1.0	1	39121870	39122187	+	Os01g0899425
rice	IRGSP-1.0	1	39130113	39134770	-	Os01g0899500
rice	IRGSP-1.0	1	39136937	39139380	-	Os01g0899700
rice	IRGSP-1.0	1	39141130	39145472	-	Os01g0899800
rice	IRGSP-1.0	1	39162735	39165727	+	Os01g0900200
rice	IRGSP-1.0	1	39177169	39178676	+	Os01g0900400
rice	IRGSP-1.0	1	39177279	39178286	-	Os01g0900300
rice	IRGSP-1.0	1	39195620	39196972	+	Os01g0900700
rice	IRGSP-1.0	1	39200106	39206627	-	Os01g0900750
rice	IRGSP-1.0	1	39211307	39216467	+	Os01g0900800
rice	IRGSP-1.0	1	39216719	39218757	-	Os01g0900900
rice	IRGSP-1.0	1	39222268	39226573	-	Os01g0901000
rice	IRGSP-1.0	1	39238851	39243943	-	Os01g0901200
rice	IRGSP-1.0	1	39244622	39247128	+	Os01g0901300
rice	IRGSP-1.0	1	39252983	39256753	+	Os01g0901500
rice	IRGSP-1.0	1	39254244	39256494	-	Os01g0901550
rice	IRGSP-1.0	1	39257838	39261362	+	Os01g0901600
rice	IRGSP-1.0	1	39259627	39261250	-	Os01g0901650
rice	IRGSP-1.0	1	39262881	39266565	+	Os01g0901700
rice	IRGSP-1.0	1	39266781	39269329	-	Os01g0901800
rice	IRGSP-1.0	1	39270573	39274992	-	Os01g0901900
rice	IRGSP-1.0	1	39275190	39283019	+	Os01g0902000
rice	IRGSP-1.0	1	39276426	39281147	-	Os01g0902100
rice	IRGSP-1.0	1	39289364	39296595	+	Os01g0902200
rice	IRGSP-1.0	1	39296976	39299837	-	Os01g0902300
rice	IRGSP-1.0	1	39307443	39310557	+	Os01g0902700
rice	IRGSP-1.0	1	39307848	39310293	-	Os01g0902750
rice	IRGSP-1.0	1	39312496	39315691	+	Os01g0902800
rice	IRGSP-1.0	1	39324296	39332524	-	Os01g0903100
rice	IRGSP-1.0	1	39341598	39342417	+	Os01g0903800
rice	IRGSP-1.0	1	39344823	39345073	+	Os01g0903900
rice	IRGSP-1.0	1	39344943	39345206	-	Os01g0904000
rice	IRGSP-1.0	1	39357530	39362871	-	Os01g0904200
rice	IRGSP-1.0	1	39363108	39365639	+	Os01g0904300
rice	IRGSP-1.0	1	39365920	39374228	-	Os01g0904400
rice	IRGSP-1.0	1	39374936	39379545	-	Os01g0904500
rice	IRGSP-1.0	1	39387278	39391014	-	Os01g0904700
rice	IRGSP-1.0	1	39408313	39410361	+	Os01g0905200
rice	IRGSP-1.0	1	39411052	39413189	+	Os01g0905300
rice	IRGSP-1.0	1	39414803	39418617	-	Os01g0905400
rice	IRGSP-1.0	1	39421336	39422280	+	Os01g0905500
rice	IRGSP-1.0	1	39429069	39432424	+	Os01g0905700
rice	IRGSP-1.0	1	39433408	39435696	-	Os01g0905800
rice	IRGSP-1.0	1	39437968	39438606	-	Os01g0906000
rice	IRGSP-1.0	1	39449696	39454725	-	Os01g0906200
rice	IRGSP-1.0	1	39465264	39465617	-	Os01g0906425
rice	IRGSP-1.0	1	39465654	39466676	-	Os01g0906450
rice	IRGSP-1.0	1	39467660	39473818	-	Os01g0906600
rice	IRGSP-1.0	1	39483848	39484629	+	Os01g0907200
rice	IRGSP-1.0	1	39486898	39492098	+	Os01g0907300
rice	IRGSP-1.0	1	39493173	39499938	+	Os01g0907400
rice	IRGSP-1.0	1	39501378	39502910	+	Os01g0907600
rice	IRGSP-1.0	1	39523638	39527194	+	Os01g0907900
rice	IRGSP-1.0	1	39534694	39538174	+	Os01g0908001
rice	IRGSP-1.0	1	39538151	39541096	-	Os01g0908100
rice	IRGSP-1.0	1	39544235	39548599	+	Os01g0908200
rice	IRGSP-1.0	1	39549164	39550832	-	Os01g0908400
rice	IRGSP-1.0	1	39551438	39555254	-	Os01g0908500
rice	IRGSP-1.0	1	39562727	39565686	+	Os01g0908600
rice	IRGSP-1.0	1	39565772	39569993	-	Os01g0908700
rice	IRGSP-1.0	1	39577048	39580184	+	Os01g0908800
rice	IRGSP-1.0	1	39582355	39583929	-	Os01g0909000
rice	IRGSP-1.0	1	39588274	39591239	+	Os01g0909100
rice	IRGSP-1.0	1	39592613	39595176	-	Os01g0909150
rice	IRGSP-1.0	1	39595682	39606227	-	Os01g0909200
rice	IRGSP-1.0	1	39609016	39612236	+	Os01g0909300
rice	IRGSP-1.0	1	39613030	39614338	-	Os01g0909400
rice	IRGSP-1.0	1	39616243	39623317	-	Os01g0909500
rice	IRGSP-1.0	1	39617146	39620583	+	Os01g0909600
rice	IRGSP-1.0	1	39654634	39657644	-	Os01g0910200
rice	IRGSP-1.0	1	39658258	39659984	+	Os01g0910300
rice	IRGSP-1.0	1	39666100	39670720	+	Os01g0910400
rice	IRGSP-1.0	1	39670759	39672253	-	Os01g0910500
rice	IRGSP-1.0	1	39679510	39680136	-	Os01g0910800
rice	IRGSP-1.0	1	39682842	39683433	-	Os01g0910900
rice	IRGSP-1.0	1	39684584	39687171	-	Os01g0911000
rice	IRGSP-1.0	1	39688363	39692555	-	Os01g0911100
rice	IRGSP-1.0	1	39696056	39703152	+	Os01g0911200
rice	IRGSP-1.0	1	39703410	39706057	-	Os01g0911300
rice	IRGSP-1.0	1	39723171	39726984	-	Os01g0911700
rice	IRGSP-1.0	1	39730285	39736715	+	Os01g0911800
rice	IRGSP-1.0	1	39737140	39741758	-	Os01g0911900
rice	IRGSP-1.0	1	39762881	39763714	+	Os01g0912400
rice	IRGSP-1.0	1	39775467	39776785	+	Os01g0912600
rice	IRGSP-1.0	1	39777762	39779892	+	Os01g0912700
rice	IRGSP-1.0	1	39789653	39791187	+	Os01g0912850
rice	IRGSP-1.0	1	39794226	39799341	-	Os01g0912900
rice	IRGSP-1.0	1	39794547	39795809	+	Os01g0913000
rice	IRGSP-1.0	1	39801475	39802517	-	Os01g0913100
rice	IRGSP-1.0	1	39810307	39815206	+	Os01g0913300
rice	IRGSP-1.0	1	39811724	39819555	-	Os01g0913400
rice	IRGSP-1.0	1	39822035	39823763	-	Os01g0913600
rice	IRGSP-1.0	1	39824933	39826647	+	Os01g0913800
rice	IRGSP-1.0	1	39826795	39828456	-	Os01g0913900
rice	IRGSP-1.0	1	39829709	39831455	-	Os01g0914000
rice	IRGSP-1.0	1	39836717	39837052	+	Os01g0914100
rice	IRGSP-1.0	1	39839262	39846761	-	Os01g0914200
rice	IRGSP-1.0	1	39839621	39840442	+	Os01g0914300
rice	IRGSP-1.0	1	39845391	39846627	+	Os01g0914400
rice	IRGSP-1.0	1	39849645	39851426	-	Os01g0914600
rice	IRGSP-1.0	1	39852601	39856048	+	Os01g0914700
rice	IRGSP-1.0	1	39857842	39861282	+	Os01g0914800
rice	IRGSP-1.0	1	39866435	39867460	-	Os01g0915000
rice	IRGSP-1.0	1	39876458	39877243	+	Os01g0915200
rice	IRGSP-1.0	1	39878959	39879405	+	Os01g0915401
rice	IRGSP-1.0	1	39881691	39890325	+	Os01g0915350
rice	IRGSP-1.0	1	39883004	39884662	-	Os01g0915400
rice	IRGSP-1.0	1	39894690	39897520	-	Os01g0915600
rice	IRGSP-1.0	1	39895673	39896850	+	Os01g0915666
rice	IRGSP-1.0	1	39912991	39913210	-	Os01g0915732
rice	IRGSP-1.0	1	39914190	39916470	-	Os01g0915800
rice	IRGSP-1.0	1	39918940	39920664	-	Os01g0915900
rice	IRGSP-1.0	1	39922260	39923794	-	Os01g0916000
rice	IRGSP-1.0	1	39926253	39927260	-	Os01g0916100
rice	IRGSP-1.0	1	39931275	39938156	-	Os01g0916200
rice	IRGSP-1.0	1	39938822	39944886	-	Os01g0916300
rice	IRGSP-1.0	1	39947871	39953554	-	Os01g0916350
rice	IRGSP-1.0	1	39948114	39951519	+	Os01g0916400
rice	IRGSP-1.0	1	39954580	39956409	+	Os01g0916600
rice	IRGSP-1.0	1	39958548	39959622	+	Os01g0916700
rice	IRGSP-1.0	1	39960770	39975917	-	Os01g0916800
rice	IRGSP-1.0	1	39966639	39976108	+	Os01g0916950
rice	IRGSP-1.0	1	39985223	39986495	+	Os01g0917100
rice	IRGSP-1.0	1	39991966	39994903	+	Os01g0917200
rice	IRGSP-1.0	1	39998120	39999062	-	Os01g0917300
rice	IRGSP-1.0	1	40006067	40010924	-	Os01g0917400
rice	IRGSP-1.0	1	40018401	40023853	+	Os01g0917500
rice	IRGSP-1.0	1	40029945	40030969	-	Os01g0917700
rice	IRGSP-1.0	1	40030264	40030983	+	Os01g0917801
rice	IRGSP-1.0	1	40036041	40037441	-	Os01g0917900
rice	IRGSP-1.0	1	40056074	40059404	-	Os01g0918100
rice	IRGSP-1.0	1	40061648	40063633	-	Os01g0918200
rice	IRGSP-1.0	1	40064408	40066375	-	Os01g0918300
rice	IRGSP-1.0	1	40067581	40069618	+	Os01g0918400
rice	IRGSP-1.0	1	40070821	40073753	-	Os01g0918500
rice	IRGSP-1.0	1	40093456	40097016	+	Os01g0919100
rice	IRGSP-1.0	1	40093788	40096767	-	Os01g0919150
rice	IRGSP-1.0	1	40097655	40099028	-	Os01g0919200
rice	IRGSP-1.0	1	40101744	40106898	-	Os01g0919400
rice	IRGSP-1.0	1	40115909	40121002	+	Os01g0919500
rice	IRGSP-1.0	1	40127415	40132359	+	Os01g0919600
rice	IRGSP-1.0	1	40133109	40138135	+	Os01g0919700
rice	IRGSP-1.0	1	40136226	40142760	-	Os01g0919800
rice	IRGSP-1.0	1	40146818	40150808	-	Os01g0919900
rice	IRGSP-1.0	1	40147145	40148504	+	Os01g0919950
rice	IRGSP-1.0	1	40153226	40157441	-	Os01g0920000
rice	IRGSP-1.0	1	40167809	40170157	+	Os01g0920100
rice	IRGSP-1.0	1	40170926	40173290	-	Os01g0920200
rice	IRGSP-1.0	1	40177696	40181549	+	Os01g0920300
rice	IRGSP-1.0	1	40182781	40190881	-	Os01g0920400
rice	IRGSP-1.0	1	40190285	40203691	+	Os01g0920700
rice	IRGSP-1.0	1	40193003	40193251	+	Os01g0920450
rice	IRGSP-1.0	1	40194213	40194941	+	Os01g0920500
rice	IRGSP-1.0	1	40205112	40206882	+	Os01g0920800
rice	IRGSP-1.0	1	40211197	40213481	+	Os01g0921000
rice	IRGSP-1.0	1	40215071	40216944	+	Os01g0921100
rice	IRGSP-1.0	1	40220895	40229111	+	Os01g0921200
rice	IRGSP-1.0	1	40230297	40233212	+	Os01g0921300
rice	IRGSP-1.0	1	40235190	40238278	+	Os01g0921400
rice	IRGSP-1.0	1	40235291	40236879	-	Os01g0921450
rice	IRGSP-1.0	1	40238689	40240454	-	Os01g0921500
rice	IRGSP-1.0	1	40240142	40240678	+	Os01g0921550
rice	IRGSP-1.0	1	40240810	40244636	+	Os01g0921600
rice	IRGSP-1.0	1	40256826	40258624	-	Os01g0921800
rice	IRGSP-1.0	1	40275511	40278116	-	Os01g0922000
rice	IRGSP-1.0	1	40285434	40287011	-	Os01g0922100
rice	IRGSP-1.0	1	40285616	40287041	+	Os01g0922350
rice	IRGSP-1.0	1	40332266	40335625	+	Os01g0922600
rice	IRGSP-1.0	1	40336798	40337314	-	Os01g0922700
rice	IRGSP-1.0	1	40344374	40364362	+	Os01g0922800
rice	IRGSP-1.0	1	40371950	40372684	+	Os01g0923000
rice	IRGSP-1.0	1	40379167	40379690	+	Os01g0923200
rice	IRGSP-1.0	1	40385339	40389177	+	Os01g0923300
rice	IRGSP-1.0	1	40390934	40393093	+	Os01g0923400
rice	IRGSP-1.0	1	40397315	40403249	+	Os01g0923600
rice	IRGSP-1.0	1	40403818	40409611	-	Os01g0923700
rice	IRGSP-1.0	1	40407357	40408687	+	Os01g0923750
rice	IRGSP-1.0	1	40438233	40442444	+	Os01g0923800
rice	IRGSP-1.0	1	40442923	40446341	-	Os01g0923900
rice	IRGSP-1.0	1	40452896	40453532	+	Os01g0923950
rice	IRGSP-1.0	1	40453863	40455608	+	Os01g0924000
rice	IRGSP-1.0	1	40460001	40461062	+	Os01g0924200
rice	IRGSP-1.0	1	40463040	40467753	-	Os01g0924300
rice	IRGSP-1.0	1	40477240	40479093	+	Os01g0924400
rice	IRGSP-1.0	1	40483306	40485494	-	Os01g0924600
rice	IRGSP-1.0	1	40493694	40495714	+	Os01g0924700
rice	IRGSP-1.0	1	40496253	40498071	-	Os01g0924800
rice	IRGSP-1.0	1	40501147	40507498	+	Os01g0924900
rice	IRGSP-1.0	1	40508920	40511048	+	Os01g0924933
rice	IRGSP-1.0	1	40526591	40527179	-	Os01g0924966
rice	IRGSP-1.0	1	40540981	40554751	-	Os01g0925000
rice	IRGSP-1.0	1	40559547	40561419	-	Os01g0925100
rice	IRGSP-1.0	1	40563533	40566329	+	Os01g0925200
rice	IRGSP-1.0	1	40566683	40569769	-	Os01g0925300
rice	IRGSP-1.0	1	40572822	40573816	+	Os01g0925400
rice	IRGSP-1.0	1	40584383	40585467	+	Os01g0925600
rice	IRGSP-1.0	1	40585450	40587442	-	Os01g0925700
rice	IRGSP-1.0	1	40596070	40599069	-	Os01g0925800
rice	IRGSP-1.0	1	40607554	40610311	+	Os01g0926200
rice	IRGSP-1.0	1	40610656	40613449	-	Os01g0926300
rice	IRGSP-1.0	1	40610703	40613442	+	Os01g0926350
rice	IRGSP-1.0	1	40615704	40619630	-	Os01g0926400
rice	IRGSP-1.0	1	40615978	40617229	+	Os01g0926450
rice	IRGSP-1.0	1	40626435	40629466	-	Os01g0926600
rice	IRGSP-1.0	1	40633090	40636112	-	Os01g0926700
rice	IRGSP-1.0	1	40644654	40648302	+	Os01g0926800
rice	IRGSP-1.0	1	40654238	40664395	+	Os01g0927000
rice	IRGSP-1.0	1	40668641	40671873	-	Os01g0927300
rice	IRGSP-1.0	1	40675141	40677841	-	Os01g0927400
rice	IRGSP-1.0	1	40679579	40683903	+	Os01g0927500
rice	IRGSP-1.0	1	40695664	40700914	+	Os01g0927600
rice	IRGSP-1.0	1	40708658	40712960	-	Os01g0927900
rice	IRGSP-1.0	1	40710263	40711189	+	Os01g0927950
rice	IRGSP-1.0	1	40714216	40717112	-	Os01g0928000
rice	IRGSP-1.0	1	40723385	40730507	-	Os01g0928100
rice	IRGSP-1.0	1	40737484	40737911	+	Os01g0928200
rice	IRGSP-1.0	1	40739117	40743667	+	Os01g0928300
rice	IRGSP-1.0	1	40744003	40750822	-	Os01g0928400
rice	IRGSP-1.0	1	40759332	40763911	-	Os01g0928600
rice	IRGSP-1.0	1	40767170	40771614	-	Os01g0928700
rice	IRGSP-1.0	1	40774498	40778604	-	Os01g0928800
rice	IRGSP-1.0	1	40780442	40784609	+	Os01g0929000
rice	IRGSP-1.0	1	40785129	40786742	+	Os01g0929100
rice	IRGSP-1.0	1	40786741	40790609	-	Os01g0929200
rice	IRGSP-1.0	1	40794124	40796977	-	Os01g0929500
rice	IRGSP-1.0	1	40797941	40798525	-	Os01g0929600
rice	IRGSP-1.0	1	40799614	40800553	+	Os01g0929800
rice	IRGSP-1.0	1	40803915	40804415	+	Os01g0929967
rice	IRGSP-1.0	1	40807159	40808380	+	Os01g0930000
rice	IRGSP-1.0	1	40812546	40814128	+	Os01g0930200
rice	IRGSP-1.0	1	40822990	40830946	-	Os01g0930300
rice	IRGSP-1.0	1	40825678	40830191	+	Os01g0930400
rice	IRGSP-1.0	1	40833605	40834861	-	Os01g0930500
rice	IRGSP-1.0	1	40842288	40848191	+	Os01g0930800
rice	IRGSP-1.0	1	40849226	40850197	+	Os01g0930900
rice	IRGSP-1.0	1	40851828	40852154	+	Os01g0930950
rice	IRGSP-1.0	1	40852489	40852947	+	Os01g0931000
rice	IRGSP-1.0	1	40858427	40861827	-	Os01g0931100
rice	IRGSP-1.0	1	40862786	40864367	-	Os01g0931200
rice	IRGSP-1.0	1	40864915	40868356	-	Os01g0931300
rice	IRGSP-1.0	1	40868709	40871916	-	Os01g0931400
rice	IRGSP-1.0	1	40875375	40876354	-	Os01g0931600
rice	IRGSP-1.0	1	40880104	40881181	+	Os01g0931700
rice	IRGSP-1.0	1	40884982	40891619	+	Os01g0932000
rice	IRGSP-1.0	1	40902494	40907438	-	Os01g0932500
rice	IRGSP-1.0	1	40902506	40903502	+	Os01g0932525
rice	IRGSP-1.0	1	40909710	40914137	-	Os01g0932550
rice	IRGSP-1.0	1	40915386	40920746	+	Os01g0932600
rice	IRGSP-1.0	1	40921634	40922363	-	Os01g0932650
rice	IRGSP-1.0	1	40921878	40922318	+	Os01g0932700
rice	IRGSP-1.0	1	40923718	40924053	-	Os01g0932950
rice	IRGSP-1.0	1	40927131	40928334	-	Os01g0933075
rice	IRGSP-1.0	1	40930756	40932359	-	Os01g0933200
rice	IRGSP-1.0	1	40938570	40940996	-	Os01g0933400
rice	IRGSP-1.0	1	40942545	40942986	-	Os01g0933500
rice	IRGSP-1.0	1	40947072	40949536	-	Os01g0933600
rice	IRGSP-1.0	1	40962722	40964240	-	Os01g0933900
rice	IRGSP-1.0	1	40962822	40963323	+	Os01g0933950
rice	IRGSP-1.0	1	40966688	40971055	-	Os01g0934000
rice	IRGSP-1.0	1	40973410	40974780	-	Os01g0934100
rice	IRGSP-1.0	1	40978458	40983489	+	Os01g0934200
rice	IRGSP-1.0	1	40984511	40992954	+	Os01g0934300
rice	IRGSP-1.0	1	40994283	40994849	+	Os01g0934350
rice	IRGSP-1.0	1	40996336	40997308	+	Os01g0934400
rice	IRGSP-1.0	1	40999296	41004848	+	Os01g0934500
rice	IRGSP-1.0	1	40999828	41000599	-	Os01g0934600
rice	IRGSP-1.0	1	41002584	41003731	-	Os01g0934700
rice	IRGSP-1.0	1	41004305	41005945	-	Os01g0934800
rice	IRGSP-1.0	1	41007465	41008440	-	Os01g0934900
rice	IRGSP-1.0	1	41011330	41015063	-	Os01g0935000
rice	IRGSP-1.0	1	41012887	41013203	+	Os01g0935050
rice	IRGSP-1.0	1	41028860	41030025	-	Os01g0935200
rice	IRGSP-1.0	1	41052368	41056409	+	Os01g0935300
rice	IRGSP-1.0	1	41054473	41056080	-	Os01g0935350
rice	IRGSP-1.0	1	41057220	41058809	-	Os01g0935400
rice	IRGSP-1.0	1	41057520	41058792	+	Os01g0935450
rice	IRGSP-1.0	1	41061106	41067020	+	Os01g0935500
rice	IRGSP-1.0	1	41066946	41070506	-	Os01g0935600
rice	IRGSP-1.0	1	41074431	41079262	+	Os01g0935700
rice	IRGSP-1.0	1	41079487	41080890	-	Os01g0935800
rice	IRGSP-1.0	1	41085902	41088168	-	Os01g0935900
rice	IRGSP-1.0	1	41087786	41090680	+	Os01g0936000
rice	IRGSP-1.0	1	41095911	41100367	+	Os01g0936100
rice	IRGSP-1.0	1	41100496	41105054	-	Os01g0936200
rice	IRGSP-1.0	1	41110258	41110976	-	Os01g0936600
rice	IRGSP-1.0	1	41112089	41114858	-	Os01g0936700
rice	IRGSP-1.0	1	41117216	41122215	-	Os01g0936800
rice	IRGSP-1.0	1	41126538	41127824	-	Os01g0936900
rice	IRGSP-1.0	1	41126549	41127715	+	Os01g0936950
rice	IRGSP-1.0	1	41133500	41134904	-	Os01g0937000
rice	IRGSP-1.0	1	41133779	41134930	+	Os01g0937012
rice	IRGSP-1.0	1	41139354	41140530	+	Os01g0937025
rice	IRGSP-1.0	1	41139355	41140629	-	Os01g0937050
rice	IRGSP-1.0	1	41142013	41143416	-	Os01g0937100
rice	IRGSP-1.0	1	41145301	41146727	-	Os01g0937200
rice	IRGSP-1.0	1	41149956	41154666	-	Os01g0937300
rice	IRGSP-1.0	1	41155827	41163821	-	Os01g0937400
rice	IRGSP-1.0	1	41156058	41156498	+	Os01g0937366
rice	IRGSP-1.0	1	41166235	41167902	+	Os01g0937500
rice	IRGSP-1.0	1	41169527	41171002	+	Os01g0937600
rice	IRGSP-1.0	1	41176391	41177695	+	Os01g0937800
rice	IRGSP-1.0	1	41176494	41177665	-	Os01g0937850
rice	IRGSP-1.0	1	41179510	41180259	+	Os01g0937900
rice	IRGSP-1.0	1	41187052	41188691	+	Os01g0938100
rice	IRGSP-1.0	1	41193350	41198903	+	Os01g0938200
rice	IRGSP-1.0	1	41201559	41202284	-	Os01g0938400
rice	IRGSP-1.0	1	41203849	41208693	-	Os01g0938600
rice	IRGSP-1.0	1	41214311	41217063	+	Os01g0938900
rice	IRGSP-1.0	1	41217684	41219803	+	Os01g0939000
rice	IRGSP-1.0	1	41220037	41227329	+	Os01g0939100
rice	IRGSP-1.0	1	41227384	41229462	-	Os01g0939200
rice	IRGSP-1.0	1	41230854	41235586	-	Os01g0939300
rice	IRGSP-1.0	1	41236412	41238794	-	Os01g0939400
rice	IRGSP-1.0	1	41242467	41243777	+	Os01g0939500
rice	IRGSP-1.0	1	41245588	41249894	+	Os01g0939600
rice	IRGSP-1.0	1	41251235	41272093	+	Os01g0939700
rice	IRGSP-1.0	1	41260929	41265391	+	Os01g0939800
rice	IRGSP-1.0	1	41300203	41302983	+	Os01g0940000
rice	IRGSP-1.0	1	41305317	41314346	-	Os01g0940100
rice	IRGSP-1.0	1	41343327	41344264	+	Os01g0940600
rice	IRGSP-1.0	1	41346647	41348373	+	Os01g0940700
rice	IRGSP-1.0	1	41349731	41351118	+	Os01g0940800
rice	IRGSP-1.0	1	41365160	41366543	+	Os01g0941200
rice	IRGSP-1.0	1	41375254	41376297	+	Os01g0941500
rice	IRGSP-1.0	1	41384339	41386372	-	Os01g0941800
rice	IRGSP-1.0	1	41394739	41396203	-	Os01g0942200
rice	IRGSP-1.0	1	41398051	41399089	-	Os01g0942300
rice	IRGSP-1.0	1	41439358	41447125	+	Os01g0942900
rice	IRGSP-1.0	1	41450316	41452427	+	Os01g0943000
rice	IRGSP-1.0	1	41454397	41458821	-	Os01g0943100
rice	IRGSP-1.0	1	41456194	41457059	-	Os01g0943400
rice	IRGSP-1.0	1	41464679	41467192	+	Os01g0943700
rice	IRGSP-1.0	1	41470283	41478321	+	Os01g0943800
rice	IRGSP-1.0	1	41481289	41483400	+	Os01g0943900
rice	IRGSP-1.0	1	41485349	41486784	-	Os01g0943950
rice	IRGSP-1.0	1	41486856	41494450	-	Os01g0944000
rice	IRGSP-1.0	1	41495711	41504742	+	Os01g0944100
rice	IRGSP-1.0	1	41510192	41519672	+	Os01g0944200
rice	IRGSP-1.0	1	41525702	41526401	+	Os01g0944500
rice	IRGSP-1.0	1	41533329	41535615	-	Os01g0944700
rice	IRGSP-1.0	1	41536977	41537927	-	Os01g0944800
rice	IRGSP-1.0	1	41539758	41540817	-	Os01g0944900
rice	IRGSP-1.0	1	41542086	41545870	-	Os01g0945001
rice	IRGSP-1.0	1	41549116	41550693	-	Os01g0945100
rice	IRGSP-1.0	1	41549126	41551347	+	Os01g0945150
rice	IRGSP-1.0	1	41552037	41554528	-	Os01g0945200
rice	IRGSP-1.0	1	41552065	41554578	+	Os01g0945250
rice	IRGSP-1.0	1	41554884	41559339	-	Os01g0945300
rice	IRGSP-1.0	1	41555174	41559225	+	Os01g0945400
rice	IRGSP-1.0	1	41564014	41566629	-	Os01g0945600
rice	IRGSP-1.0	1	41564097	41566712	+	Os01g0945666
rice	IRGSP-1.0	1	41570731	41573344	+	Os01g0945650
rice	IRGSP-1.0	1	41570750	41572049	-	Os01g0945700
rice	IRGSP-1.0	1	41573942	41578783	-	Os01g0945800
rice	IRGSP-1.0	1	41582224	41583931	+	Os01g0946100
rice	IRGSP-1.0	1	41584367	41585285	+	Os01g0946200
rice	IRGSP-1.0	1	41586509	41587063	+	Os01g0946300
rice	IRGSP-1.0	1	41592216	41594985	-	Os01g0946500
rice	IRGSP-1.0	1	41596822	41597034	-	Os01g0946550
rice	IRGSP-1.0	1	41597358	41598689	-	Os01g0946600
rice	IRGSP-1.0	1	41603305	41604652	+	Os01g0946700
rice	IRGSP-1.0	1	41604811	41611736	-	Os01g0946850
rice	IRGSP-1.0	1	41614160	41628483	+	Os01g0946800
rice	IRGSP-1.0	1	41629302	41631696	+	Os01g0947000
rice	IRGSP-1.0	1	41657953	41658477	+	Os01g0947500
rice	IRGSP-1.0	1	41677883	41681803	-	Os01g0947700
rice	IRGSP-1.0	1	41679818	41681392	+	Os01g0947767
rice	IRGSP-1.0	1	41689146	41689565	+	Os01g0947800
rice	IRGSP-1.0	1	41689620	41690158	-	Os01g0947833
rice	IRGSP-1.0	1	41691190	41698689	+	Os01g0948100
rice	IRGSP-1.0	1	41712445	41714110	+	Os01g0948200
rice	IRGSP-1.0	1	41716035	41718600	+	Os01g0948300
rice	IRGSP-1.0	1	41718639	41721571	-	Os01g0948400
rice	IRGSP-1.0	1	41722524	41726196	-	Os01g0948500
rice	IRGSP-1.0	1	41728692	41729581	-	Os01g0948600
rice	IRGSP-1.0	1	41741160	41744666	-	Os01g0948900
rice	IRGSP-1.0	1	41783510	41788531	-	Os01g0949060
rice	IRGSP-1.0	1	41787282	41788243	+	Os01g0949140
rice	IRGSP-1.0	1	41818327	41818569	-	Os01g0949260
rice	IRGSP-1.0	1	41818382	41819282	+	Os01g0949300
rice	IRGSP-1.0	1	41822269	41825087	-	Os01g0949400
rice	IRGSP-1.0	1	41826111	41827156	-	Os01g0949500
rice	IRGSP-1.0	1	41839952	41841440	+	Os01g0949700
rice	IRGSP-1.0	1	41841787	41842619	+	Os01g0949750
rice	IRGSP-1.0	1	41844012	41845305	+	Os01g0949800
rice	IRGSP-1.0	1	41846413	41847329	+	Os01g0949900
rice	IRGSP-1.0	1	41847705	41849077	+	Os01g0950000
rice	IRGSP-1.0	1	41853850	41854831	-	Os01g0950200
rice	IRGSP-1.0	1	41854018	41854878	+	Os01g0950300
rice	IRGSP-1.0	1	41861562	41863695	+	Os01g0950700
rice	IRGSP-1.0	1	41864661	41866546	-	Os01g0950800
rice	IRGSP-1.0	1	41867363	41869684	+	Os01g0950833
rice	IRGSP-1.0	1	41867388	41869689	-	Os01g0950866
rice	IRGSP-1.0	1	41869950	41873872	+	Os01g0950900
rice	IRGSP-1.0	1	41873950	41880597	-	Os01g0951000
rice	IRGSP-1.0	1	41882560	41886264	+	Os01g0951100
rice	IRGSP-1.0	1	41887067	41890848	+	Os01g0951200
rice	IRGSP-1.0	1	41892688	41896238	+	Os01g0951400
rice	IRGSP-1.0	1	41896510	41898331	-	Os01g0951500
rice	IRGSP-1.0	1	41904236	41907449	-	Os01g0951800
rice	IRGSP-1.0	1	41914683	41915921	+	Os01g0952000
rice	IRGSP-1.0	1	41917701	41919058	+	Os01g0952100
rice	IRGSP-1.0	1	41919630	41925302	+	Os01g0952200
rice	IRGSP-1.0	1	41925865	41932899	-	Os01g0952300
rice	IRGSP-1.0	1	41948952	41952388	+	Os01g0952500
rice	IRGSP-1.0	1	41954683	41962785	+	Os01g0952600
rice	IRGSP-1.0	1	41964153	41970108	+	Os01g0952700
rice	IRGSP-1.0	1	41971444	41978093	-	Os01g0952800
rice	IRGSP-1.0	1	41972004	41973019	+	Os01g0952900
rice	IRGSP-1.0	1	41981690	41984377	-	Os01g0953000
rice	IRGSP-1.0	1	41982181	41985044	+	Os01g0953100
rice	IRGSP-1.0	1	41997484	42000340	+	Os01g0953400
rice	IRGSP-1.0	1	42000362	42002680	-	Os01g0953500
rice	IRGSP-1.0	1	42003971	42009785	-	Os01g0953600
rice	IRGSP-1.0	1	42012784	42013581	+	Os01g0953801
rice	IRGSP-1.0	1	42018073	42019444	+	Os01g0954000
rice	IRGSP-1.0	1	42020860	42021464	-	Os01g0954100
rice	IRGSP-1.0	1	42025709	42027877	+	Os01g0954400
rice	IRGSP-1.0	1	42037177	42039335	-	Os01g0954500
rice	IRGSP-1.0	1	42058994	42060584	-	Os01g0954900
rice	IRGSP-1.0	1	42063261	42067784	-	Os01g0955000
rice	IRGSP-1.0	1	42072166	42073103	-	Os01g0955050
rice	IRGSP-1.0	1	42074192	42074866	-	Os01g0955100
rice	IRGSP-1.0	1	42078682	42079137	-	Os01g0955400
rice	IRGSP-1.0	1	42080116	42080556	+	Os01g0955500
rice	IRGSP-1.0	1	42084071	42085072	-	Os01g0955550
rice	IRGSP-1.0	1	42084169	42085061	+	Os01g0955600
rice	IRGSP-1.0	1	42086484	42095424	+	Os01g0955700
rice	IRGSP-1.0	1	42122517	42123788	-	Os01g0956075
rice	IRGSP-1.0	1	42128337	42130205	-	Os01g0956200
rice	IRGSP-1.0	1	42128530	42130337	+	Os01g0956300
rice	IRGSP-1.0	1	42138651	42143035	+	Os01g0956500
rice	IRGSP-1.0	1	42149782	42156852	+	Os01g0956600
rice	IRGSP-1.0	1	42162592	42166462	-	Os01g0956700
rice	IRGSP-1.0	1	42169412	42172204	+	Os01g0956800
rice	IRGSP-1.0	1	42177832	42183727	+	Os01g0957000
rice	IRGSP-1.0	1	42184508	42187651	+	Os01g0957100
rice	IRGSP-1.0	1	42190489	42193879	+	Os01g0957200
rice	IRGSP-1.0	1	42206312	42208293	-	Os01g0957500
rice	IRGSP-1.0	1	42207009	42208510	+	Os01g0957600
rice	IRGSP-1.0	1	42211884	42213685	+	Os01g0957800
rice	IRGSP-1.0	1	42216976	42228068	+	Os01g0957900
rice	IRGSP-1.0	1	42229585	42232625	+	Os01g0958000
rice	IRGSP-1.0	1	42234585	42237456	-	Os01g0958100
rice	IRGSP-1.0	1	42238811	42240420	+	Os01g0958200
rice	IRGSP-1.0	1	42240825	42245248	+	Os01g0958400
rice	IRGSP-1.0	1	42247885	42255249	+	Os01g0958500
rice	IRGSP-1.0	1	42260316	42264854	+	Os01g0958700
rice	IRGSP-1.0	1	42265023	42268466	-	Os01g0958800
rice	IRGSP-1.0	1	42268902	42274913	+	Os01g0958900
rice	IRGSP-1.0	1	42269992	42274053	-	Os01g0958950
rice	IRGSP-1.0	1	42275543	42280544	+	Os01g0959000
rice	IRGSP-1.0	1	42279349	42280367	-	Os01g0959050
rice	IRGSP-1.0	1	42281274	42281973	-	Os01g0959100
rice	IRGSP-1.0	1	42282832	42283619	+	Os01g0959200
rice	IRGSP-1.0	1	42297103	42299800	+	Os01g0959600
rice	IRGSP-1.0	1	42301803	42302292	+	Os01g0959750
rice	IRGSP-1.0	1	42303492	42308881	-	Os01g0959800
rice	IRGSP-1.0	1	42312149	42313573	+	Os01g0959900
rice	IRGSP-1.0	1	42315264	42317679	+	Os01g0960000
rice	IRGSP-1.0	1	42327845	42328651	+	Os01g0960200
rice	IRGSP-1.0	1	42329287	42335754	-	Os01g0960300
rice	IRGSP-1.0	1	42336297	42348672	-	Os01g0960400
rice	IRGSP-1.0	1	42350945	42355276	-	Os01g0960500
rice	IRGSP-1.0	1	42358083	42360654	-	Os01g0960600
rice	IRGSP-1.0	1	42361401	42363627	-	Os01g0960800
rice	IRGSP-1.0	1	42364072	42364905	-	Os01g0960900
rice	IRGSP-1.0	1	42369770	42370365	+	Os01g0961000
rice	IRGSP-1.0	1	42377194	42381519	+	Os01g0961200
rice	IRGSP-1.0	1	42385629	42388987	+	Os01g0961300
rice	IRGSP-1.0	1	42393586	42401178	-	Os01g0961600
rice	IRGSP-1.0	1	42407470	42407811	+	Os01g0962000
rice	IRGSP-1.0	1	42411799	42413498	+	Os01g0962100
rice	IRGSP-1.0	1	42413471	42416572	-	Os01g0962200
rice	IRGSP-1.0	1	42417731	42418739	+	Os01g0962300
rice	IRGSP-1.0	1	42419408	42421376	-	Os01g0962400
rice	IRGSP-1.0	1	42421672	42424864	-	Os01g0962500
rice	IRGSP-1.0	1	42425152	42427345	-	Os01g0962600
rice	IRGSP-1.0	1	42425849	42426751	+	Os01g0962650
rice	IRGSP-1.0	1	42429502	42432547	+	Os01g0962700
rice	IRGSP-1.0	1	42436589	42436852	+	Os01g0962900
rice	IRGSP-1.0	1	42441660	42442936	+	Os01g0963000
rice	IRGSP-1.0	1	42447928	42450912	-	Os01g0963300
rice	IRGSP-1.0	1	42451284	42454309	+	Os01g0963400
rice	IRGSP-1.0	1	42460555	42461946	+	Os01g0963600
rice	IRGSP-1.0	1	42470362	42472047	+	Os01g0963800
rice	IRGSP-1.0	1	42479692	42483339	-	Os01g0964000
rice	IRGSP-1.0	1	42484125	42487406	-	Os01g0964133
rice	IRGSP-1.0	1	42484394	42486003	+	Os01g0964266
rice	IRGSP-1.0	1	42488143	42488813	-	Os01g0964333
rice	IRGSP-1.0	1	42526878	42533953	-	Os01g0964400
rice	IRGSP-1.0	1	42541334	42544499	+	Os01g0964800
rice	IRGSP-1.0	1	42547600	42548935	+	Os01g0964900
rice	IRGSP-1.0	1	42549567	42556862	-	Os01g0965000
rice	IRGSP-1.0	1	42562823	42566993	+	Os01g0965400
rice	IRGSP-1.0	1	42562927	42568193	-	Os01g0965300
rice	IRGSP-1.0	1	42568151	42573077	+	Os01g0965500
rice	IRGSP-1.0	1	42574874	42577817	-	Os01g0965600
rice	IRGSP-1.0	1	42582894	42583645	+	Os01g0965700
rice	IRGSP-1.0	1	42585172	42586070	-	Os01g0965800
rice	IRGSP-1.0	1	42587307	42590270	-	Os01g0965900
rice	IRGSP-1.0	1	42590881	42598002	-	Os01g0966000
rice	IRGSP-1.0	1	42609407	42612433	+	Os01g0966100
rice	IRGSP-1.0	1	42613788	42614622	-	Os01g0966200
rice	IRGSP-1.0	1	42614814	42618231	+	Os01g0966300
rice	IRGSP-1.0	1	42618478	42621704	-	Os01g0966400
rice	IRGSP-1.0	1	42621833	42624710	+	Os01g0966500
rice	IRGSP-1.0	1	42626321	42630366	+	Os01g0966700
rice	IRGSP-1.0	1	42626490	42630120	-	Os01g0966801
rice	IRGSP-1.0	1	42636466	42638217	-	Os01g0966900
rice	IRGSP-1.0	1	42638856	42639926	-	Os01g0967000
rice	IRGSP-1.0	1	42646061	42653875	+	Os01g0967100
rice	IRGSP-1.0	1	42654497	42655716	+	Os01g0967200
rice	IRGSP-1.0	1	42663321	42665671	-	Os01g0967400
rice	IRGSP-1.0	1	42673021	42678079	+	Os01g0967600
rice	IRGSP-1.0	1	42679241	42680544	+	Os01g0967700
rice	IRGSP-1.0	1	42684942	42689080	+	Os01g0967800
rice	IRGSP-1.0	1	42689913	42695416	+	Os01g0967900
rice	IRGSP-1.0	1	42695637	42699355	-	Os01g0968000
rice	IRGSP-1.0	1	42700985	42701251	-	Os01g0968100
rice	IRGSP-1.0	1	42705112	42705375	-	Os01g0968200
rice	IRGSP-1.0	1	42706524	42707981	+	Os01g0968300
rice	IRGSP-1.0	1	42707008	42707730	-	Os01g0968350
rice	IRGSP-1.0	1	42710785	42712054	+	Os01g0968400
rice	IRGSP-1.0	1	42712943	42714451	-	Os01g0968500
rice	IRGSP-1.0	1	42713037	42714291	+	Os01g0968601
rice	IRGSP-1.0	1	42715713	42723434	+	Os01g0968600
rice	IRGSP-1.0	1	42723514	42726781	+	Os01g0968700
rice	IRGSP-1.0	1	42727426	42728261	+	Os01g0968800
rice	IRGSP-1.0	1	42736008	42737917	-	Os01g0969000
rice	IRGSP-1.0	1	42738765	42742174	-	Os01g0969100
rice	IRGSP-1.0	1	42752981	42754025	-	Os01g0969200
rice	IRGSP-1.0	1	42757831	42758787	-	Os01g0969400
rice	IRGSP-1.0	1	42774899	42778601	-	Os01g0969700
rice	IRGSP-1.0	1	42811967	42815157	+	Os01g0970400
rice	IRGSP-1.0	1	42819033	42821123	+	Os01g0970500
rice	IRGSP-1.0	1	42821254	42825043	-	Os01g0970600
rice	IRGSP-1.0	1	42826168	42828686	-	Os01g0970700
rice	IRGSP-1.0	1	42837595	42842605	-	Os01g0970900
rice	IRGSP-1.0	1	42838976	42839507	+	Os01g0971000
rice	IRGSP-1.0	1	42845781	42848071	+	Os01g0971100
rice	IRGSP-1.0	1	42848228	42852984	-	Os01g0971200
rice	IRGSP-1.0	1	42855657	42857462	+	Os01g0971400
rice	IRGSP-1.0	1	42858783	42860399	+	Os01g0971500
rice	IRGSP-1.0	1	42860834	42866614	-	Os01g0971600
rice	IRGSP-1.0	1	42870524	42872637	-	Os01g0971700
rice	IRGSP-1.0	1	42874273	42875515	-	Os01g0971800
rice	IRGSP-1.0	1	42876576	42882963	-	Os01g0971900
rice	IRGSP-1.0	1	42884953	42886230	+	Os01g0972000
rice	IRGSP-1.0	1	42905570	42907462	-	Os01g0972200
rice	IRGSP-1.0	1	42917737	42918706	-	Os01g0972300
rice	IRGSP-1.0	1	42946775	42948670	+	Os01g0972800
rice	IRGSP-1.0	1	42949418	42952679	+	Os01g0972900
rice	IRGSP-1.0	1	42954163	42956626	+	Os01g0973000
rice	IRGSP-1.0	1	42960110	42964990	+	Os01g0973100
rice	IRGSP-1.0	1	42960464	42964671	-	Os01g0973150
rice	IRGSP-1.0	1	42967465	42970167	-	Os01g0973200
rice	IRGSP-1.0	1	42971420	42976876	+	Os01g0973300
rice	IRGSP-1.0	1	42977233	42979816	-	Os01g0973400
rice	IRGSP-1.0	1	42981239	42984988	-	Os01g0973500
rice	IRGSP-1.0	1	42981649	42983962	+	Os01g0973550
rice	IRGSP-1.0	1	43016926	43019127	+	Os01g0973600
rice	IRGSP-1.0	1	43039984	43043949	+	Os01g0974000
rice	IRGSP-1.0	1	43044201	43046303	+	Os01g0974100
rice	IRGSP-1.0	1	43047164	43047861	+	Os01g0974200
rice	IRGSP-1.0	1	43049162	43054715	-	Os01g0974300
rice	IRGSP-1.0	1	43063740	43065432	+	Os01g0974400
rice	IRGSP-1.0	1	43066717	43070166	-	Os01g0974500
rice	IRGSP-1.0	1	43070805	43071206	+	Os01g0974600
rice	IRGSP-1.0	1	43071516	43072507	+	Os01g0974701
rice	IRGSP-1.0	1	43072763	43076466	-	Os01g0974800
rice	IRGSP-1.0	1	43077383	43077649	+	Os01g0974900
rice	IRGSP-1.0	1	43078802	43080400	-	Os01g0975000
rice	IRGSP-1.0	1	43096401	43097949	+	Os01g0975300
rice	IRGSP-1.0	1	43112781	43113407	+	Os01g0975800
rice	IRGSP-1.0	1	43115747	43117221	-	Os01g0975900
rice	IRGSP-1.0	1	43120167	43125525	-	Os01g0976000
rice	IRGSP-1.0	1	43131080	43134502	-	Os01g0976100
rice	IRGSP-1.0	1	43136240	43137717	-	Os01g0976200
rice	IRGSP-1.0	1	43141847	43142667	+	Os01g0976300
rice	IRGSP-1.0	1	43143717	43153489	+	Os01g0976450
rice	IRGSP-1.0	1	43147029	43147576	-	Os01g0976475
rice	IRGSP-1.0	1	43154137	43158085	+	Os01g0976500
rice	IRGSP-1.0	1	43159520	43162849	-	Os01g0976600
rice	IRGSP-1.0	1	43163463	43166882	-	Os01g0976700
rice	IRGSP-1.0	1	43165294	43166743	+	Os01g0976750
rice	IRGSP-1.0	1	43172242	43173072	-	Os01g0976800
rice	IRGSP-1.0	1	43175447	43178814	-	Os01g0976900
rice	IRGSP-1.0	1	43177784	43178961	+	Os01g0976950
rice	IRGSP-1.0	1	43185350	43186282	+	Os01g0977100
rice	IRGSP-1.0	1	43189156	43193493	-	Os01g0977250
rice	IRGSP-1.0	1	43189206	43193303	+	Os01g0977200
rice	IRGSP-1.0	1	43194032	43194869	-	Os01g0977300
rice	IRGSP-1.0	1	43196275	43198525	+	Os01g0977400
rice	IRGSP-1.0	1	43202561	43215251	-	Os01g0977600
rice	IRGSP-1.0	1	43220621	43221254	-	Os01g0977901
rice	IRGSP-1.0	1	43226191	43230329	+	Os01g0978000
rice	IRGSP-1.0	1	43232027	43238506	-	Os01g0978100
rice	IRGSP-1.0	1	43244218	43245392	+	Os01g0978400
rice	IRGSP-1.0	1	43248497	43249469	-	Os01g0978500
wild	OR_W1943	1	4806	7125	-	ORUFI01G00010
wild	OR_W1943	1	7787	9292	-	ORUFI01G00020
wild	OR_W1943	1	9958	20595	-	ORUFI01G00030
wild	OR_W1943	1	11243	19278	+	ORUFI01G00040
wild	OR_W1943	1	19543	30768	+	ORUFI01G00050
wild	OR_W1943	1	33111	39164	+	ORUFI01G00060
wild	OR_W1943	1	41422	46484	+	ORUFI01G00070
wild	OR_W1943	1	47337	53099	+	ORUFI01G00080
wild	OR_W1943	1	65180	72495	+	ORUFI01G00090
wild	OR_W1943	1	69865	72494	-	ORUFI01G00100
wild	OR_W1943	1	75751	76207	+	ORUFI01G00110
wild	OR_W1943	1	78848	90298	+	ORUFI01G00120
wild	OR_W1943	1	91195	95110	+	ORUFI01G00130
wild	OR_W1943	1	94857	95075	-	ORUFI01G00140
wild	OR_W1943	1	95699	97285	-	ORUFI01G00150
wild	OR_W1943	1	112017	113494	+	ORUFI01G00160
wild	OR_W1943	1	119699	120985	+	ORUFI01G00170
wild	OR_W1943	1	121462	127461	+	ORUFI01G00180
wild	OR_W1943	1	127810	136358	+	ORUFI01G00190
wild	OR_W1943	1	150019	150680	-	ORUFI01G00200
wild	OR_W1943	1	151462	153603	-	ORUFI01G00210
wild	OR_W1943	1	159830	161665	+	ORUFI01G00220
wild	OR_W1943	1	166001	170544	-	ORUFI01G00230
wild	OR_W1943	1	170488	175936	+	ORUFI01G00240
wild	OR_W1943	1	177009	180232	+	ORUFI01G00250
wild	OR_W1943	1	181583	185936	+	ORUFI01G00260
wild	OR_W1943	1	186107	189176	-	ORUFI01G00270
wild	OR_W1943	1	189390	194368	+	ORUFI01G00280
wild	OR_W1943	1	195873	197006	+	ORUFI01G00290
wild	OR_W1943	1	200062	206548	-	ORUFI01G00300
wild	OR_W1943	1	206514	209251	+	ORUFI01G00310
wild	OR_W1943	1	220789	222609	+	ORUFI01G00320
wild	OR_W1943	1	228303	235809	-	ORUFI01G00330
wild	OR_W1943	1	240741	247837	+	ORUFI01G00340
wild	OR_W1943	1	250276	259874	-	ORUFI01G00350
wild	OR_W1943	1	260412	264567	+	ORUFI01G00360
wild	OR_W1943	1	275212	278777	+	ORUFI01G00370
wild	OR_W1943	1	275306	275844	-	ORUFI01G00380
wild	OR_W1943	1	279101	280605	-	ORUFI01G00390
wild	OR_W1943	1	281803	285076	-	ORUFI01G00400
wild	OR_W1943	1	290588	293404	+	ORUFI01G00410
wild	OR_W1943	1	293741	294779	-	ORUFI01G00420
wild	OR_W1943	1	298270	299331	-	ORUFI01G00430
wild	OR_W1943	1	302579	303235	-	ORUFI01G00440
wild	OR_W1943	1	303746	304615	-	ORUFI01G00450
wild	OR_W1943	1	306677	342231	+	ORUFI01G00460
wild	OR_W1943	1	342725	347399	+	ORUFI01G00470
wild	OR_W1943	1	346005	351482	-	ORUFI01G00480
wild	OR_W1943	1	354440	357536	-	ORUFI01G00490
wild	OR_W1943	1	361036	361611	+	ORUFI01G00500
wild	OR_W1943	1	363386	367018	-	ORUFI01G00510
wild	OR_W1943	1	363400	363675	+	ORUFI01G00520
wild	OR_W1943	1	367700	374596	-	ORUFI01G00530
wild	OR_W1943	1	378722	379840	+	ORUFI01G00540
wild	OR_W1943	1	381649	384959	+	ORUFI01G00550
wild	OR_W1943	1	385689	389425	-	ORUFI01G00560
wild	OR_W1943	1	391470	400736	+	ORUFI01G00570
wild	OR_W1943	1	404925	405585	-	ORUFI01G00580
wild	OR_W1943	1	406173	418137	+	ORUFI01G00590
wild	OR_W1943	1	424105	438581	+	ORUFI01G00600
wild	OR_W1943	1	439451	442196	+	ORUFI01G00610
wild	OR_W1943	1	451628	452339	-	ORUFI01G00620
wild	OR_W1943	1	453828	461397	+	ORUFI01G00630
wild	OR_W1943	1	463117	463376	+	ORUFI01G00640
wild	OR_W1943	1	463816	466735	+	ORUFI01G00650
wild	OR_W1943	1	467269	467931	+	ORUFI01G00660
wild	OR_W1943	1	468876	477502	-	ORUFI01G00670
wild	OR_W1943	1	477622	477937	-	ORUFI01G00680
wild	OR_W1943	1	479531	481193	-	ORUFI01G00690
wild	OR_W1943	1	485381	486022	-	ORUFI01G00700
wild	OR_W1943	1	489919	490155	+	ORUFI01G00710
wild	OR_W1943	1	493553	500417	-	ORUFI01G00720
wild	OR_W1943	1	493722	500699	+	ORUFI01G00730
wild	OR_W1943	1	504703	508370	+	ORUFI01G00740
wild	OR_W1943	1	509985	512468	-	ORUFI01G00750
wild	OR_W1943	1	512572	513289	-	ORUFI01G00760
wild	OR_W1943	1	517989	527667	-	ORUFI01G00770
wild	OR_W1943	1	532471	534943	-	ORUFI01G00780
wild	OR_W1943	1	541628	542110	+	ORUFI01G00790
wild	OR_W1943	1	542335	543352	-	ORUFI01G00800
wild	OR_W1943	1	544472	549426	+	ORUFI01G00810
wild	OR_W1943	1	550723	553471	+	ORUFI01G00820
wild	OR_W1943	1	559686	561096	-	ORUFI01G00830
wild	OR_W1943	1	568228	571292	+	ORUFI01G00840
wild	OR_W1943	1	576614	577141	-	ORUFI01G00850
wild	OR_W1943	1	579747	580166	-	ORUFI01G00860
wild	OR_W1943	1	579814	580747	+	ORUFI01G00870
wild	OR_W1943	1	581869	582390	+	ORUFI01G00880
wild	OR_W1943	1	587747	588352	+	ORUFI01G00890
wild	OR_W1943	1	593510	594640	-	ORUFI01G00900
wild	OR_W1943	1	596632	599258	-	ORUFI01G00910
wild	OR_W1943	1	601344	602309	-	ORUFI01G00920
wild	OR_W1943	1	604307	607619	-	ORUFI01G00930
wild	OR_W1943	1	622508	622738	+	ORUFI01G00940
wild	OR_W1943	1	627737	632069	+	ORUFI01G00950
wild	OR_W1943	1	636544	644467	-	ORUFI01G00960
wild	OR_W1943	1	644799	663806	+	ORUFI01G00970
wild	OR_W1943	1	645927	648312	-	ORUFI01G00980
wild	OR_W1943	1	658278	660555	-	ORUFI01G00990
wild	OR_W1943	1	665670	667640	+	ORUFI01G01000
wild	OR_W1943	1	666002	668342	-	ORUFI01G01010
wild	OR_W1943	1	669601	678815	-	ORUFI01G01020
wild	OR_W1943	1	672261	675303	+	ORUFI01G01030
wild	OR_W1943	1	678895	696859	-	ORUFI01G01040
wild	OR_W1943	1	697193	714544	-	ORUFI01G01050
wild	OR_W1943	1	699421	720496	+	ORUFI01G01060
wild	OR_W1943	1	725748	726439	+	ORUFI01G01070
wild	OR_W1943	1	726477	736460	+	ORUFI01G01080
wild	OR_W1943	1	741324	742391	-	ORUFI01G01090
wild	OR_W1943	1	741324	755306	-	ORUFI01G01100
wild	OR_W1943	1	745066	800756	+	ORUFI01G01110
wild	OR_W1943	1	755365	778384	-	ORUFI01G01120
wild	OR_W1943	1	778408	809262	-	ORUFI01G01130
wild	OR_W1943	1	800770	804782	+	ORUFI01G01140
wild	OR_W1943	1	806948	809262	-	ORUFI01G01150
wild	OR_W1943	1	810131	810855	+	ORUFI01G01160
wild	OR_W1943	1	817606	889215	-	ORUFI01G01180
wild	OR_W1943	1	823491	824843	+	ORUFI01G01190
wild	OR_W1943	1	840702	842132	+	ORUFI01G01200
wild	OR_W1943	1	843947	888442	+	ORUFI01G01210
wild	OR_W1943	1	889363	894536	-	ORUFI01G01220
wild	OR_W1943	1	894977	899874	+	ORUFI01G01230
wild	OR_W1943	1	903405	907070	+	ORUFI01G01240
wild	OR_W1943	1	907402	918062	+	ORUFI01G01250
wild	OR_W1943	1	933678	940493	+	ORUFI01G01260
wild	OR_W1943	1	944728	947057	-	ORUFI01G01270
wild	OR_W1943	1	953643	956638	-	ORUFI01G01280
wild	OR_W1943	1	959414	968431	-	ORUFI01G01290
wild	OR_W1943	1	977162	980254	-	ORUFI01G01300
wild	OR_W1943	1	984548	985910	-	ORUFI01G01310
wild	OR_W1943	1	989328	992353	+	ORUFI01G01320
wild	OR_W1943	1	1004396	1010827	+	ORUFI01G01330
wild	OR_W1943	1	1021364	1021747	-	ORUFI01G01340
wild	OR_W1943	1	1028306	1028575	-	ORUFI01G01350
wild	OR_W1943	1	1030183	1038494	-	ORUFI01G01360
wild	OR_W1943	1	1039034	1041767	-	ORUFI01G01370
wild	OR_W1943	1	1043780	1047979	-	ORUFI01G01380
wild	OR_W1943	1	1049072	1054397	+	ORUFI01G01390
wild	OR_W1943	1	1052314	1053171	-	ORUFI01G01400
wild	OR_W1943	1	1053193	1054032	-	ORUFI01G01410
wild	OR_W1943	1	1055486	1062323	-	ORUFI01G01420
wild	OR_W1943	1	1062351	1062778	-	ORUFI01G01430
wild	OR_W1943	1	1064702	1065307	+	ORUFI01G01440
wild	OR_W1943	1	1066758	1070824	+	ORUFI01G01450
wild	OR_W1943	1	1070475	1072694	-	ORUFI01G01460
wild	OR_W1943	1	1082333	1086719	-	ORUFI01G01470
wild	OR_W1943	1	1100943	1101419	-	ORUFI01G01480
wild	OR_W1943	1	1107045	1107482	-	ORUFI01G01490
wild	OR_W1943	1	1107949	1114076	-	ORUFI01G01500
wild	OR_W1943	1	1114409	1116058	-	ORUFI01G01510
wild	OR_W1943	1	1116387	1120054	+	ORUFI01G01520
wild	OR_W1943	1	1122758	1126072	+	ORUFI01G01530
wild	OR_W1943	1	1132593	1133852	+	ORUFI01G01540
wild	OR_W1943	1	1136635	1138243	+	ORUFI01G01550
wild	OR_W1943	1	1140622	1141539	+	ORUFI01G01560
wild	OR_W1943	1	1142930	1145480	-	ORUFI01G01570
wild	OR_W1943	1	1176388	1176678	+	ORUFI01G01580
wild	OR_W1943	1	1182370	1183062	+	ORUFI01G01590
wild	OR_W1943	1	1185928	1189475	+	ORUFI01G01600
wild	OR_W1943	1	1189821	1193851	-	ORUFI01G01610
wild	OR_W1943	1	1204641	1205649	+	ORUFI01G01620
wild	OR_W1943	1	1206186	1206793	-	ORUFI01G01630
wild	OR_W1943	1	1217627	1219244	+	ORUFI01G01640
wild	OR_W1943	1	1219845	1220411	-	ORUFI01G01650
wild	OR_W1943	1	1220420	1257728	-	ORUFI01G01660
wild	OR_W1943	1	1258391	1260923	+	ORUFI01G01670
wild	OR_W1943	1	1262100	1265736	+	ORUFI01G01680
wild	OR_W1943	1	1266298	1267476	+	ORUFI01G01690
wild	OR_W1943	1	1268040	1268273	+	ORUFI01G01700
wild	OR_W1943	1	1270239	1271244	+	ORUFI01G01710
wild	OR_W1943	1	1276983	1278207	-	ORUFI01G01720
wild	OR_W1943	1	1279359	1284077	+	ORUFI01G01730
wild	OR_W1943	1	1279455	1280280	-	ORUFI01G01740
wild	OR_W1943	1	1285748	1287546	-	ORUFI01G01750
wild	OR_W1943	1	1288441	1293934	+	ORUFI01G01760
wild	OR_W1943	1	1296693	1303129	+	ORUFI01G01770
wild	OR_W1943	1	1297355	1309513	-	ORUFI01G01780
wild	OR_W1943	1	1308033	1311814	+	ORUFI01G01790
wild	OR_W1943	1	1312068	1316981	+	ORUFI01G01800
wild	OR_W1943	1	1318600	1321857	+	ORUFI01G01810
wild	OR_W1943	1	1332390	1335038	+	ORUFI01G01820
wild	OR_W1943	1	1339298	1349107	-	ORUFI01G01830
wild	OR_W1943	1	1353452	1357226	-	ORUFI01G01840
wild	OR_W1943	1	1357428	1361602	+	ORUFI01G01850
wild	OR_W1943	1	1362831	1364110	+	ORUFI01G01860
wild	OR_W1943	1	1364897	1365433	+	ORUFI01G01870
wild	OR_W1943	1	1367456	1371088	+	ORUFI01G01880
wild	OR_W1943	1	1376645	1384370	+	ORUFI01G01890
wild	OR_W1943	1	1382688	1392416	-	ORUFI01G01900
wild	OR_W1943	1	1392476	1393722	-	ORUFI01G01910
wild	OR_W1943	1	1405599	1407242	-	ORUFI01G01920
wild	OR_W1943	1	1408961	1413335	+	ORUFI01G01930
wild	OR_W1943	1	1411253	1414335	-	ORUFI01G01940
wild	OR_W1943	1	1414721	1419309	-	ORUFI01G01950
wild	OR_W1943	1	1425305	1429288	-	ORUFI01G01960
wild	OR_W1943	1	1429553	1438102	+	ORUFI01G01970
wild	OR_W1943	1	1448829	1450244	+	ORUFI01G01980
wild	OR_W1943	1	1461967	1462574	+	ORUFI01G01990
wild	OR_W1943	1	1464353	1466860	-	ORUFI01G02000
wild	OR_W1943	1	1479262	1480999	+	ORUFI01G02010
wild	OR_W1943	1	1490580	1493164	-	ORUFI01G02020
wild	OR_W1943	1	1494953	1502575	-	ORUFI01G02030
wild	OR_W1943	1	1503615	1504019	-	ORUFI01G02040
wild	OR_W1943	1	1507997	1508383	-	ORUFI01G02050
wild	OR_W1943	1	1524785	1529724	+	ORUFI01G02060
wild	OR_W1943	1	1534087	1534487	+	ORUFI01G02070
wild	OR_W1943	1	1536771	1537082	-	ORUFI01G02080
wild	OR_W1943	1	1538783	1539307	-	ORUFI01G02090
wild	OR_W1943	1	1545432	1545782	+	ORUFI01G02100
wild	OR_W1943	1	1557523	1558062	-	ORUFI01G02110
wild	OR_W1943	1	1565074	1565601	+	ORUFI01G02120
wild	OR_W1943	1	1572427	1574872	+	ORUFI01G02130
wild	OR_W1943	1	1580421	1584625	+	ORUFI01G02140
wild	OR_W1943	1	1583949	1587367	-	ORUFI01G02150
wild	OR_W1943	1	1591483	1595118	+	ORUFI01G02160
wild	OR_W1943	1	1595088	1596590	-	ORUFI01G02170
wild	OR_W1943	1	1597905	1598630	-	ORUFI01G02180
wild	OR_W1943	1	1601331	1604486	-	ORUFI01G02190
wild	OR_W1943	1	1607279	1608752	+	ORUFI01G02200
wild	OR_W1943	1	1615892	1617921	-	ORUFI01G02210
wild	OR_W1943	1	1624308	1628736	+	ORUFI01G02220
wild	OR_W1943	1	1632725	1633528	-	ORUFI01G02230
wild	OR_W1943	1	1643779	1644575	-	ORUFI01G02240
wild	OR_W1943	1	1646209	1647994	-	ORUFI01G02250
wild	OR_W1943	1	1663532	1667163	+	ORUFI01G02260
wild	OR_W1943	1	1667941	1668525	-	ORUFI01G02270
wild	OR_W1943	1	1672797	1678267	+	ORUFI01G02280
wild	OR_W1943	1	1678916	1694616	+	ORUFI01G02290
wild	OR_W1943	1	1698142	1700363	+	ORUFI01G02300
wild	OR_W1943	1	1707054	1709717	+	ORUFI01G02310
wild	OR_W1943	1	1718328	1722223	+	ORUFI01G02320
wild	OR_W1943	1	1727028	1727267	-	ORUFI01G02330
wild	OR_W1943	1	1732289	1734873	+	ORUFI01G02340
wild	OR_W1943	1	1737115	1745769	-	ORUFI01G02350
wild	OR_W1943	1	1753612	1754157	-	ORUFI01G02360
wild	OR_W1943	1	1756542	1756994	+	ORUFI01G02370
wild	OR_W1943	1	1763365	1763865	+	ORUFI01G02380
wild	OR_W1943	1	1766935	1767384	-	ORUFI01G02390
wild	OR_W1943	1	1771460	1771912	-	ORUFI01G02400
wild	OR_W1943	1	1772124	1778850	-	ORUFI01G02410
wild	OR_W1943	1	1774438	1774890	+	ORUFI01G02420
wild	OR_W1943	1	1778853	1779323	-	ORUFI01G02430
wild	OR_W1943	1	1781539	1785836	-	ORUFI01G02440
wild	OR_W1943	1	1786155	1787033	-	ORUFI01G02450
wild	OR_W1943	1	1787870	1789226	-	ORUFI01G02460
wild	OR_W1943	1	1790053	1809690	-	ORUFI01G02470
wild	OR_W1943	1	1809912	1815486	-	ORUFI01G02480
wild	OR_W1943	1	1811612	1848930	+	ORUFI01G02490
wild	OR_W1943	1	1827341	1830143	-	ORUFI01G02500
wild	OR_W1943	1	1850474	1853593	+	ORUFI01G02510
wild	OR_W1943	1	1854997	1857058	-	ORUFI01G02520
wild	OR_W1943	1	1863544	1866539	+	ORUFI01G02530
wild	OR_W1943	1	1866785	1869653	-	ORUFI01G02540
wild	OR_W1943	1	1871506	1873434	+	ORUFI01G02550
wild	OR_W1943	1	1876924	1879044	-	ORUFI01G02560
wild	OR_W1943	1	1881755	1882299	-	ORUFI01G02570
wild	OR_W1943	1	1890300	1893629	+	ORUFI01G02580
wild	OR_W1943	1	1895169	1895471	-	ORUFI01G02590
wild	OR_W1943	1	1900928	1901185	-	ORUFI01G02600
wild	OR_W1943	1	1902574	1903199	-	ORUFI01G02610
wild	OR_W1943	1	1912069	1913586	+	ORUFI01G02620
wild	OR_W1943	1	1923055	1929379	+	ORUFI01G02630
wild	OR_W1943	1	1929903	1930376	+	ORUFI01G02640
wild	OR_W1943	1	1932909	1934137	-	ORUFI01G02650
wild	OR_W1943	1	1946219	1947178	+	ORUFI01G02660
wild	OR_W1943	1	1954722	1954970	-	ORUFI01G02670
wild	OR_W1943	1	1973597	1974694	+	ORUFI01G02680
wild	OR_W1943	1	1987179	2000759	-	ORUFI01G02690
wild	OR_W1943	1	1995941	1996318	+	ORUFI01G02700
wild	OR_W1943	1	2016511	2021786	+	ORUFI01G02710
wild	OR_W1943	1	2021926	2028788	-	ORUFI01G02720
wild	OR_W1943	1	2032352	2037751	+	ORUFI01G02730
wild	OR_W1943	1	2035153	2036522	-	ORUFI01G02740
wild	OR_W1943	1	2037499	2041841	-	ORUFI01G02750
wild	OR_W1943	1	2041937	2044854	+	ORUFI01G02760
wild	OR_W1943	1	2045565	2049777	+	ORUFI01G02770
wild	OR_W1943	1	2053373	2054758	-	ORUFI01G02780
wild	OR_W1943	1	2062948	2069354	+	ORUFI01G02790
wild	OR_W1943	1	2092837	2093743	+	ORUFI01G02800
wild	OR_W1943	1	2112474	2115527	-	ORUFI01G02810
wild	OR_W1943	1	2118294	2119547	+	ORUFI01G02820
wild	OR_W1943	1	2119695	2121981	-	ORUFI01G02830
wild	OR_W1943	1	2123409	2129578	-	ORUFI01G02840
wild	OR_W1943	1	2130912	2132655	-	ORUFI01G02850
wild	OR_W1943	1	2133341	2135295	-	ORUFI01G02860
wild	OR_W1943	1	2137769	2143848	-	ORUFI01G02870
wild	OR_W1943	1	2144698	2150265	+	ORUFI01G02880
wild	OR_W1943	1	2148513	2149611	-	ORUFI01G02890
wild	OR_W1943	1	2151122	2156800	-	ORUFI01G02900
wild	OR_W1943	1	2161579	2163518	-	ORUFI01G02910
wild	OR_W1943	1	2163874	2166699	+	ORUFI01G02920
wild	OR_W1943	1	2167047	2168789	+	ORUFI01G02930
wild	OR_W1943	1	2172750	2173088	+	ORUFI01G02940
wild	OR_W1943	1	2173667	2174221	+	ORUFI01G02950
wild	OR_W1943	1	2175154	2177963	+	ORUFI01G02960
wild	OR_W1943	1	2187648	2187980	+	ORUFI01G02970
wild	OR_W1943	1	2200105	2201410	+	ORUFI01G02980
wild	OR_W1943	1	2208733	2209294	+	ORUFI01G02990
wild	OR_W1943	1	2210802	2211242	+	ORUFI01G03000
wild	OR_W1943	1	2211875	2213754	+	ORUFI01G03010
wild	OR_W1943	1	2212071	2213401	-	ORUFI01G03020
wild	OR_W1943	1	2213965	2218631	-	ORUFI01G03030
wild	OR_W1943	1	2224273	2224852	+	ORUFI01G03040
wild	OR_W1943	1	2227504	2231078	+	ORUFI01G03050
wild	OR_W1943	1	2232748	2233149	+	ORUFI01G03060
wild	OR_W1943	1	2239963	2244597	+	ORUFI01G03070
wild	OR_W1943	1	2246033	2249623	+	ORUFI01G03080
wild	OR_W1943	1	2249302	2251172	-	ORUFI01G03090
wild	OR_W1943	1	2251886	2253939	-	ORUFI01G03100
wild	OR_W1943	1	2255802	2258481	-	ORUFI01G03110
wild	OR_W1943	1	2260194	2261803	-	ORUFI01G03120
wild	OR_W1943	1	2270180	2273740	-	ORUFI01G03130
wild	OR_W1943	1	2276312	2279812	-	ORUFI01G03140
wild	OR_W1943	1	2281215	2284405	-	ORUFI01G03150
wild	OR_W1943	1	2290377	2303901	+	ORUFI01G03160
wild	OR_W1943	1	2305416	2310284	-	ORUFI01G03170
wild	OR_W1943	1	2323634	2329116	+	ORUFI01G03180
wild	OR_W1943	1	2332733	2336411	-	ORUFI01G03190
wild	OR_W1943	1	2342641	2343096	-	ORUFI01G03200
wild	OR_W1943	1	2346639	2349582	+	ORUFI01G03210
wild	OR_W1943	1	2355287	2355748	+	ORUFI01G03220
wild	OR_W1943	1	2358144	2358554	-	ORUFI01G03230
wild	OR_W1943	1	2359066	2363412	-	ORUFI01G03240
wild	OR_W1943	1	2364346	2367488	-	ORUFI01G03250
wild	OR_W1943	1	2368756	2369040	-	ORUFI01G03260
wild	OR_W1943	1	2369043	2369504	+	ORUFI01G03270
wild	OR_W1943	1	2370819	2374147	-	ORUFI01G03280
wild	OR_W1943	1	2375753	2377195	-	ORUFI01G03290
wild	OR_W1943	1	2381589	2385364	-	ORUFI01G03300
wild	OR_W1943	1	2385453	2386944	-	ORUFI01G03310
wild	OR_W1943	1	2390214	2393635	-	ORUFI01G03320
wild	OR_W1943	1	2395562	2398373	+	ORUFI01G03330
wild	OR_W1943	1	2400069	2403534	+	ORUFI01G03340
wild	OR_W1943	1	2403670	2413296	+	ORUFI01G03350
wild	OR_W1943	1	2422534	2428175	+	ORUFI01G03360
wild	OR_W1943	1	2434741	2435554	+	ORUFI01G03370
wild	OR_W1943	1	2438019	2441759	+	ORUFI01G03380
wild	OR_W1943	1	2446896	2448607	+	ORUFI01G03390
wild	OR_W1943	1	2450519	2454987	+	ORUFI01G03400
wild	OR_W1943	1	2456990	2460315	+	ORUFI01G03410
wild	OR_W1943	1	2460358	2469693	+	ORUFI01G03420
wild	OR_W1943	1	2470494	2475187	+	ORUFI01G03430
wild	OR_W1943	1	2479371	2483105	+	ORUFI01G03440
wild	OR_W1943	1	2482984	2484049	-	ORUFI01G03450
wild	OR_W1943	1	2484789	2487358	+	ORUFI01G03460
wild	OR_W1943	1	2489471	2494175	+	ORUFI01G03470
wild	OR_W1943	1	2494333	2495559	-	ORUFI01G03480
wild	OR_W1943	1	2496808	2498055	-	ORUFI01G03490
wild	OR_W1943	1	2499393	2499854	-	ORUFI01G03500
wild	OR_W1943	1	2506584	2512684	+	ORUFI01G03510
wild	OR_W1943	1	2514305	2514766	-	ORUFI01G03520
wild	OR_W1943	1	2516192	2519770	+	ORUFI01G03530
wild	OR_W1943	1	2520917	2521378	-	ORUFI01G03540
wild	OR_W1943	1	2523812	2525107	-	ORUFI01G03550
wild	OR_W1943	1	2525283	2527133	-	ORUFI01G03560
wild	OR_W1943	1	2528212	2531483	+	ORUFI01G03570
wild	OR_W1943	1	2528539	2531617	-	ORUFI01G03580
wild	OR_W1943	1	2535563	2542960	-	ORUFI01G03590
wild	OR_W1943	1	2547557	2548072	+	ORUFI01G03600
wild	OR_W1943	1	2549019	2558157	+	ORUFI01G03610
wild	OR_W1943	1	2561631	2562507	+	ORUFI01G03620
wild	OR_W1943	1	2563266	2564639	-	ORUFI01G03630
wild	OR_W1943	1	2572108	2574096	+	ORUFI01G03640
wild	OR_W1943	1	2575190	2584107	-	ORUFI01G03650
wild	OR_W1943	1	2579805	2580038	+	ORUFI01G03660
wild	OR_W1943	1	2588674	2589568	-	ORUFI01G03670
wild	OR_W1943	1	2590810	2601144	+	ORUFI01G03680
wild	OR_W1943	1	2615237	2617850	-	ORUFI01G03690
wild	OR_W1943	1	2618121	2619134	-	ORUFI01G03700
wild	OR_W1943	1	2621919	2622194	+	ORUFI01G03710
wild	OR_W1943	1	2623147	2625642	-	ORUFI01G03720
wild	OR_W1943	1	2627049	2628071	+	ORUFI01G03730
wild	OR_W1943	1	2629879	2631456	+	ORUFI01G03740
wild	OR_W1943	1	2632094	2640978	-	ORUFI01G03750
wild	OR_W1943	1	2633556	2633828	+	ORUFI01G03760
wild	OR_W1943	1	2643024	2646825	+	ORUFI01G03770
wild	OR_W1943	1	2647294	2650142	-	ORUFI01G03780
wild	OR_W1943	1	2655196	2656900	+	ORUFI01G03790
wild	OR_W1943	1	2659739	2661347	-	ORUFI01G03800
wild	OR_W1943	1	2668363	2683616	+	ORUFI01G03810
wild	OR_W1943	1	2676573	2681907	-	ORUFI01G03820
wild	OR_W1943	1	2684971	2685531	-	ORUFI01G03830
wild	OR_W1943	1	2685802	2686434	+	ORUFI01G03840
wild	OR_W1943	1	2687433	2688032	-	ORUFI01G03850
wild	OR_W1943	1	2688435	2689319	+	ORUFI01G03860
wild	OR_W1943	1	2690041	2691975	+	ORUFI01G03870
wild	OR_W1943	1	2692442	2695117	-	ORUFI01G03880
wild	OR_W1943	1	2695376	2697591	+	ORUFI01G03890
wild	OR_W1943	1	2698028	2704028	+	ORUFI01G03900
wild	OR_W1943	1	2703059	2703862	-	ORUFI01G03910
wild	OR_W1943	1	2705162	2708294	+	ORUFI01G03920
wild	OR_W1943	1	2709398	2710343	-	ORUFI01G03930
wild	OR_W1943	1	2710384	2711739	-	ORUFI01G03940
wild	OR_W1943	1	2711716	2716950	+	ORUFI01G03950
wild	OR_W1943	1	2718200	2721656	+	ORUFI01G03960
wild	OR_W1943	1	2718813	2721827	-	ORUFI01G03970
wild	OR_W1943	1	2734617	2735303	-	ORUFI01G03980
wild	OR_W1943	1	2736556	2741542	-	ORUFI01G03990
wild	OR_W1943	1	2742479	2743365	-	ORUFI01G04000
wild	OR_W1943	1	2748328	2749137	-	ORUFI01G04010
wild	OR_W1943	1	2750960	2756878	-	ORUFI01G04020
wild	OR_W1943	1	2759400	2764548	-	ORUFI01G04030
wild	OR_W1943	1	2770572	2770965	-	ORUFI01G04040
wild	OR_W1943	1	2774700	2776515	+	ORUFI01G04050
wild	OR_W1943	1	2782228	2785830	-	ORUFI01G04060
wild	OR_W1943	1	2789391	2792354	-	ORUFI01G04070
wild	OR_W1943	1	2792527	2796903	-	ORUFI01G04080
wild	OR_W1943	1	2818742	2821800	+	ORUFI01G04090
wild	OR_W1943	1	2818762	2819235	-	ORUFI01G04100
wild	OR_W1943	1	2824337	2827405	+	ORUFI01G04110
wild	OR_W1943	1	2831621	2832469	-	ORUFI01G04120
wild	OR_W1943	1	2838131	2846635	+	ORUFI01G04130
wild	OR_W1943	1	2838235	2839558	-	ORUFI01G04140
wild	OR_W1943	1	2842399	2844094	-	ORUFI01G04150
wild	OR_W1943	1	2846876	2867713	-	ORUFI01G04160
wild	OR_W1943	1	2863509	2897726	+	ORUFI01G04170
wild	OR_W1943	1	2868277	2877937	-	ORUFI01G04180
wild	OR_W1943	1	2878230	2880658	-	ORUFI01G04190
wild	OR_W1943	1	2881398	2891740	-	ORUFI01G04200
wild	OR_W1943	1	2895409	2912269	-	ORUFI01G04210
wild	OR_W1943	1	2916793	2918494	-	ORUFI01G04220
wild	OR_W1943	1	2921733	2927897	+	ORUFI01G04230
wild	OR_W1943	1	2924352	2926704	-	ORUFI01G04240
wild	OR_W1943	1	2928017	2933615	-	ORUFI01G04250
wild	OR_W1943	1	2929641	2932667	+	ORUFI01G04260
wild	OR_W1943	1	2934595	2935167	-	ORUFI01G04270
wild	OR_W1943	1	2937243	2959211	-	ORUFI01G04280
wild	OR_W1943	1	2946085	2946339	+	ORUFI01G04290
wild	OR_W1943	1	2959254	2967034	-	ORUFI01G04300
wild	OR_W1943	1	2968831	2974326	+	ORUFI01G04310
wild	OR_W1943	1	2974721	2977916	-	ORUFI01G04320
wild	OR_W1943	1	2978989	2981709	-	ORUFI01G04330
wild	OR_W1943	1	2981967	2989723	+	ORUFI01G04340
wild	OR_W1943	1	2989650	3000742	-	ORUFI01G04350
wild	OR_W1943	1	3002126	3006964	+	ORUFI01G04360
wild	OR_W1943	1	3004446	3006401	-	ORUFI01G04370
wild	OR_W1943	1	3008217	3012057	-	ORUFI01G04380
wild	OR_W1943	1	3022206	3022718	+	ORUFI01G04390
wild	OR_W1943	1	3025997	3027331	-	ORUFI01G04400
wild	OR_W1943	1	3032141	3036471	-	ORUFI01G04410
wild	OR_W1943	1	3037832	3039110	-	ORUFI01G04420
wild	OR_W1943	1	3041793	3042341	+	ORUFI01G04430
wild	OR_W1943	1	3043341	3056864	+	ORUFI01G04440
wild	OR_W1943	1	3063102	3063842	-	ORUFI01G04450
wild	OR_W1943	1	3069722	3072972	+	ORUFI01G04460
wild	OR_W1943	1	3073300	3076846	-	ORUFI01G04470
wild	OR_W1943	1	3078967	3082525	-	ORUFI01G04480
wild	OR_W1943	1	3089900	3091063	-	ORUFI01G04490
wild	OR_W1943	1	3093475	3094287	+	ORUFI01G04500
wild	OR_W1943	1	3095329	3098239	-	ORUFI01G04510
wild	OR_W1943	1	3103372	3104747	+	ORUFI01G04520
wild	OR_W1943	1	3104688	3113151	-	ORUFI01G04530
wild	OR_W1943	1	3113930	3115816	-	ORUFI01G04540
wild	OR_W1943	1	3116571	3119763	-	ORUFI01G04550
wild	OR_W1943	1	3121134	3122590	-	ORUFI01G04560
wild	OR_W1943	1	3122740	3124582	-	ORUFI01G04570
wild	OR_W1943	1	3128305	3133427	-	ORUFI01G04580
wild	OR_W1943	1	3138670	3140887	-	ORUFI01G04590
wild	OR_W1943	1	3142371	3145370	-	ORUFI01G04600
wild	OR_W1943	1	3150032	3154187	+	ORUFI01G04610
wild	OR_W1943	1	3154681	3160239	+	ORUFI01G04620
wild	OR_W1943	1	3160898	3165458	+	ORUFI01G04630
wild	OR_W1943	1	3166105	3168114	-	ORUFI01G04640
wild	OR_W1943	1	3169877	3171075	-	ORUFI01G04650
wild	OR_W1943	1	3181542	3182786	+	ORUFI01G04660
wild	OR_W1943	1	3200234	3201196	-	ORUFI01G04670
wild	OR_W1943	1	3208949	3223211	-	ORUFI01G04680
wild	OR_W1943	1	3226098	3230039	-	ORUFI01G04690
wild	OR_W1943	1	3240505	3244342	-	ORUFI01G04700
wild	OR_W1943	1	3246965	3250352	-	ORUFI01G04710
wild	OR_W1943	1	3258592	3265305	+	ORUFI01G04720
wild	OR_W1943	1	3269123	3273912	+	ORUFI01G04730
wild	OR_W1943	1	3280296	3286608	-	ORUFI01G04740
wild	OR_W1943	1	3290529	3291107	-	ORUFI01G04750
wild	OR_W1943	1	3291985	3297167	+	ORUFI01G04760
wild	OR_W1943	1	3298228	3301631	+	ORUFI01G04770
wild	OR_W1943	1	3303470	3306632	+	ORUFI01G04780
wild	OR_W1943	1	3307043	3308791	+	ORUFI01G04790
wild	OR_W1943	1	3311276	3311614	-	ORUFI01G04800
wild	OR_W1943	1	3313678	3318677	-	ORUFI01G04810
wild	OR_W1943	1	3322213	3326568	-	ORUFI01G04820
wild	OR_W1943	1	3328046	3328267	+	ORUFI01G04830
wild	OR_W1943	1	3329088	3333293	-	ORUFI01G04840
wild	OR_W1943	1	3335880	3336319	-	ORUFI01G04850
wild	OR_W1943	1	3336356	3341276	-	ORUFI01G04860
wild	OR_W1943	1	3342209	3345647	-	ORUFI01G04870
wild	OR_W1943	1	3349684	3353080	+	ORUFI01G04880
wild	OR_W1943	1	3352885	3356452	-	ORUFI01G04890
wild	OR_W1943	1	3358628	3362945	+	ORUFI01G04900
wild	OR_W1943	1	3361609	3365785	-	ORUFI01G04910
wild	OR_W1943	1	3367903	3370439	-	ORUFI01G04920
wild	OR_W1943	1	3372511	3376817	-	ORUFI01G04930
wild	OR_W1943	1	3383533	3384108	+	ORUFI01G04950
wild	OR_W1943	1	3384768	3385355	+	ORUFI01G04960
wild	OR_W1943	1	3385421	3388215	+	ORUFI01G04970
wild	OR_W1943	1	3388371	3389489	-	ORUFI01G04980
wild	OR_W1943	1	3390426	3391864	-	ORUFI01G04990
wild	OR_W1943	1	3392845	3393367	-	ORUFI01G05000
wild	OR_W1943	1	3409537	3412794	+	ORUFI01G05010
wild	OR_W1943	1	3412296	3420878	-	ORUFI01G05020
wild	OR_W1943	1	3417526	3419939	+	ORUFI01G05030
wild	OR_W1943	1	3441982	3449060	+	ORUFI01G05040
wild	OR_W1943	1	3448600	3449379	-	ORUFI01G05050
wild	OR_W1943	1	3455634	3455969	-	ORUFI01G05060
wild	OR_W1943	1	3457744	3461614	-	ORUFI01G05070
wild	OR_W1943	1	3464522	3469021	-	ORUFI01G05080
wild	OR_W1943	1	3472752	3474773	-	ORUFI01G05090
wild	OR_W1943	1	3479967	3482795	+	ORUFI01G05100
wild	OR_W1943	1	3483066	3487503	-	ORUFI01G05110
wild	OR_W1943	1	3492678	3493094	-	ORUFI01G05120
wild	OR_W1943	1	3495983	3510830	-	ORUFI01G05130
wild	OR_W1943	1	3512333	3514629	+	ORUFI01G05140
wild	OR_W1943	1	3514139	3535500	-	ORUFI01G05150
wild	OR_W1943	1	3536864	3538363	+	ORUFI01G05160
wild	OR_W1943	1	3545995	3548568	-	ORUFI01G05170
wild	OR_W1943	1	3550395	3558910	+	ORUFI01G05180
wild	OR_W1943	1	3552283	3553322	-	ORUFI01G05190
wild	OR_W1943	1	3555661	3557052	-	ORUFI01G05200
wild	OR_W1943	1	3559744	3561741	-	ORUFI01G05210
wild	OR_W1943	1	3564572	3573036	+	ORUFI01G05220
wild	OR_W1943	1	3571613	3574577	-	ORUFI01G05230
wild	OR_W1943	1	3585251	3587888	+	ORUFI01G05240
wild	OR_W1943	1	3590654	3594562	+	ORUFI01G05250
wild	OR_W1943	1	3594903	3596006	-	ORUFI01G05260
wild	OR_W1943	1	3608952	3617949	+	ORUFI01G05270
wild	OR_W1943	1	3619712	3628626	+	ORUFI01G05280
wild	OR_W1943	1	3629378	3636309	-	ORUFI01G05290
wild	OR_W1943	1	3636391	3639640	-	ORUFI01G05300
wild	OR_W1943	1	3656213	3656509	-	ORUFI01G05310
wild	OR_W1943	1	3656729	3666991	-	ORUFI01G05320
wild	OR_W1943	1	3667152	3676515	-	ORUFI01G05330
wild	OR_W1943	1	3685339	3690335	-	ORUFI01G05340
wild	OR_W1943	1	3691778	3696052	+	ORUFI01G05350
wild	OR_W1943	1	3696250	3699868	+	ORUFI01G05360
wild	OR_W1943	1	3706551	3708877	-	ORUFI01G05370
wild	OR_W1943	1	3713597	3716190	+	ORUFI01G05380
wild	OR_W1943	1	3724502	3728491	+	ORUFI01G05390
wild	OR_W1943	1	3729401	3729794	+	ORUFI01G05400
wild	OR_W1943	1	3732837	3733076	+	ORUFI01G05410
wild	OR_W1943	1	3735877	3743637	+	ORUFI01G05420
wild	OR_W1943	1	3744228	3745546	-	ORUFI01G05430
wild	OR_W1943	1	3751426	3756234	+	ORUFI01G05440
wild	OR_W1943	1	3756715	3760136	+	ORUFI01G05450
wild	OR_W1943	1	3760940	3774349	+	ORUFI01G05460
wild	OR_W1943	1	3775961	3784224	+	ORUFI01G05470
wild	OR_W1943	1	3786771	3788225	-	ORUFI01G05480
wild	OR_W1943	1	3794547	3798790	-	ORUFI01G05490
wild	OR_W1943	1	3798622	3798821	+	ORUFI01G05500
wild	OR_W1943	1	3802123	3805205	-	ORUFI01G05510
wild	OR_W1943	1	3808934	3810883	-	ORUFI01G05520
wild	OR_W1943	1	3811636	3814997	-	ORUFI01G05530
wild	OR_W1943	1	3832038	3836371	-	ORUFI01G05540
wild	OR_W1943	1	3837275	3840704	-	ORUFI01G05550
wild	OR_W1943	1	3857932	3867562	-	ORUFI01G05560
wild	OR_W1943	1	3868859	3872890	-	ORUFI01G05570
wild	OR_W1943	1	3877195	3883328	+	ORUFI01G05580
wild	OR_W1943	1	3887808	3893999	+	ORUFI01G05590
wild	OR_W1943	1	3896533	3899922	-	ORUFI01G05600
wild	OR_W1943	1	3905112	3906666	-	ORUFI01G05610
wild	OR_W1943	1	3907577	3911628	-	ORUFI01G05620
wild	OR_W1943	1	3913678	3914353	+	ORUFI01G05630
wild	OR_W1943	1	3914421	3914838	+	ORUFI01G05640
wild	OR_W1943	1	3920815	3924019	-	ORUFI01G05650
wild	OR_W1943	1	3924032	3925851	-	ORUFI01G05660
wild	OR_W1943	1	3944299	3949367	+	ORUFI01G05670
wild	OR_W1943	1	3950181	3953308	+	ORUFI01G05680
wild	OR_W1943	1	3956977	3957834	+	ORUFI01G05690
wild	OR_W1943	1	3958207	3961231	+	ORUFI01G05700
wild	OR_W1943	1	3965257	3967027	-	ORUFI01G05710
wild	OR_W1943	1	3969505	3970041	-	ORUFI01G05720
wild	OR_W1943	1	3974305	3976476	-	ORUFI01G05730
wild	OR_W1943	1	3977889	3980004	+	ORUFI01G05740
wild	OR_W1943	1	3981014	3987513	-	ORUFI01G05750
wild	OR_W1943	1	3991791	4007064	-	ORUFI01G05760
wild	OR_W1943	1	4010092	4010619	-	ORUFI01G05770
wild	OR_W1943	1	4015894	4038994	+	ORUFI01G05780
wild	OR_W1943	1	4039565	4044118	+	ORUFI01G05790
wild	OR_W1943	1	4044797	4048970	-	ORUFI01G05800
wild	OR_W1943	1	4057665	4058381	+	ORUFI01G05810
wild	OR_W1943	1	4059226	4065362	+	ORUFI01G05820
wild	OR_W1943	1	4065446	4068807	-	ORUFI01G05830
wild	OR_W1943	1	4069156	4069857	-	ORUFI01G05840
wild	OR_W1943	1	4073892	4075827	-	ORUFI01G05850
wild	OR_W1943	1	4076164	4081317	+	ORUFI01G05860
wild	OR_W1943	1	4082840	4083319	+	ORUFI01G05870
wild	OR_W1943	1	4086593	4090271	+	ORUFI01G05880
wild	OR_W1943	1	4091306	4091803	-	ORUFI01G05890
wild	OR_W1943	1	4095234	4095521	+	ORUFI01G05900
wild	OR_W1943	1	4096273	4098618	-	ORUFI01G05910
wild	OR_W1943	1	4117801	4121926	-	ORUFI01G05920
wild	OR_W1943	1	4122885	4123310	-	ORUFI01G05930
wild	OR_W1943	1	4123419	4126250	-	ORUFI01G05940
wild	OR_W1943	1	4124986	4128474	+	ORUFI01G05950
wild	OR_W1943	1	4126698	4129357	-	ORUFI01G05960
wild	OR_W1943	1	4130126	4138888	+	ORUFI01G05970
wild	OR_W1943	1	4136288	4136878	-	ORUFI01G05980
wild	OR_W1943	1	4141140	4145268	+	ORUFI01G05990
wild	OR_W1943	1	4145856	4158716	-	ORUFI01G06000
wild	OR_W1943	1	4166747	4172107	+	ORUFI01G06010
wild	OR_W1943	1	4173162	4179317	+	ORUFI01G06020
wild	OR_W1943	1	4181494	4186170	+	ORUFI01G06030
wild	OR_W1943	1	4194906	4197442	+	ORUFI01G06040
wild	OR_W1943	1	4200978	4202522	-	ORUFI01G06050
wild	OR_W1943	1	4209938	4213414	-	ORUFI01G06060
wild	OR_W1943	1	4215790	4216539	+	ORUFI01G06070
wild	OR_W1943	1	4218627	4218833	+	ORUFI01G06080
wild	OR_W1943	1	4219614	4220066	+	ORUFI01G06090
wild	OR_W1943	1	4224768	4231170	+	ORUFI01G06100
wild	OR_W1943	1	4237877	4247007	-	ORUFI01G06110
wild	OR_W1943	1	4259632	4261682	+	ORUFI01G06130
wild	OR_W1943	1	4282618	4294279	+	ORUFI01G06140
wild	OR_W1943	1	4293167	4310144	-	ORUFI01G06150
wild	OR_W1943	1	4299770	4304804	+	ORUFI01G06160
wild	OR_W1943	1	4306354	4306530	+	ORUFI01G06170
wild	OR_W1943	1	4310327	4312805	-	ORUFI01G06180
wild	OR_W1943	1	4325784	4325960	+	ORUFI01G06190
wild	OR_W1943	1	4327205	4330898	-	ORUFI01G06200
wild	OR_W1943	1	4339173	4352841	+	ORUFI01G06210
wild	OR_W1943	1	4344624	4350117	-	ORUFI01G06220
wild	OR_W1943	1	4353168	4358018	-	ORUFI01G06230
wild	OR_W1943	1	4360718	4361029	+	ORUFI01G06240
wild	OR_W1943	1	4366941	4369920	-	ORUFI01G06250
wild	OR_W1943	1	4373307	4374073	-	ORUFI01G06260
wild	OR_W1943	1	4375453	4390487	-	ORUFI01G06270
wild	OR_W1943	1	4393505	4398911	+	ORUFI01G06280
wild	OR_W1943	1	4400405	4402333	-	ORUFI01G06290
wild	OR_W1943	1	4405559	4407843	+	ORUFI01G06300
wild	OR_W1943	1	4424114	4426277	+	ORUFI01G06310
wild	OR_W1943	1	4428140	4431057	-	ORUFI01G06320
wild	OR_W1943	1	4437155	4439462	+	ORUFI01G06330
wild	OR_W1943	1	4447589	4448800	-	ORUFI01G06340
wild	OR_W1943	1	4452859	4454788	-	ORUFI01G06350
wild	OR_W1943	1	4456240	4458409	+	ORUFI01G06360
wild	OR_W1943	1	4463292	4464523	-	ORUFI01G06370
wild	OR_W1943	1	4471076	4476829	-	ORUFI01G06380
wild	OR_W1943	1	4477514	4482082	-	ORUFI01G06390
wild	OR_W1943	1	4482451	4490513	+	ORUFI01G06400
wild	OR_W1943	1	4496505	4500675	+	ORUFI01G06410
wild	OR_W1943	1	4501299	4504608	-	ORUFI01G06420
wild	OR_W1943	1	4509076	4510230	-	ORUFI01G06430
wild	OR_W1943	1	4530121	4531283	-	ORUFI01G06440
wild	OR_W1943	1	4552599	4554471	-	ORUFI01G06450
wild	OR_W1943	1	4557509	4557823	+	ORUFI01G06460
wild	OR_W1943	1	4560517	4561429	-	ORUFI01G06470
wild	OR_W1943	1	4562381	4562863	+	ORUFI01G06480
wild	OR_W1943	1	4563915	4566440	-	ORUFI01G06490
wild	OR_W1943	1	4572245	4574600	+	ORUFI01G06500
wild	OR_W1943	1	4583232	4584852	-	ORUFI01G06510
wild	OR_W1943	1	4590216	4592575	+	ORUFI01G06520
wild	OR_W1943	1	4594785	4595252	+	ORUFI01G06530
wild	OR_W1943	1	4596486	4598857	+	ORUFI01G06540
wild	OR_W1943	1	4598424	4600290	-	ORUFI01G06550
wild	OR_W1943	1	4602366	4605876	-	ORUFI01G06560
wild	OR_W1943	1	4608552	4618743	+	ORUFI01G06570
wild	OR_W1943	1	4617844	4621305	-	ORUFI01G06580
wild	OR_W1943	1	4621691	4622130	+	ORUFI01G06590
wild	OR_W1943	1	4633764	4636014	-	ORUFI01G06600
wild	OR_W1943	1	4641003	4645604	-	ORUFI01G06610
wild	OR_W1943	1	4653786	4655300	-	ORUFI01G06620
wild	OR_W1943	1	4666316	4666693	+	ORUFI01G06630
wild	OR_W1943	1	4666690	4679654	-	ORUFI01G06640
wild	OR_W1943	1	4679737	4682023	+	ORUFI01G06650
wild	OR_W1943	1	4690863	4696767	-	ORUFI01G06660
wild	OR_W1943	1	4708849	4709307	-	ORUFI01G06670
wild	OR_W1943	1	4712363	4713229	-	ORUFI01G06680
wild	OR_W1943	1	4719200	4721137	-	ORUFI01G06690
wild	OR_W1943	1	4728885	4737131	+	ORUFI01G06700
wild	OR_W1943	1	4765164	4767170	+	ORUFI01G06710
wild	OR_W1943	1	4774015	4776810	-	ORUFI01G06720
wild	OR_W1943	1	4779520	4780119	-	ORUFI01G06730
wild	OR_W1943	1	4782131	4783570	+	ORUFI01G06740
wild	OR_W1943	1	4800243	4807907	+	ORUFI01G06750
wild	OR_W1943	1	4811155	4814681	-	ORUFI01G06760
wild	OR_W1943	1	4815590	4816826	+	ORUFI01G06770
wild	OR_W1943	1	4821253	4826612	+	ORUFI01G06780
wild	OR_W1943	1	4822378	4825933	-	ORUFI01G06790
wild	OR_W1943	1	4826156	4831308	-	ORUFI01G06800
wild	OR_W1943	1	4836072	4840173	-	ORUFI01G06810
wild	OR_W1943	1	4849945	4864083	-	ORUFI01G06820
wild	OR_W1943	1	4864504	4886401	-	ORUFI01G06830
wild	OR_W1943	1	4891240	4897384	-	ORUFI01G06840
wild	OR_W1943	1	4901346	4903051	+	ORUFI01G06850
wild	OR_W1943	1	4913424	4914137	-	ORUFI01G06860
wild	OR_W1943	1	4922202	4922768	-	ORUFI01G06870
wild	OR_W1943	1	4933685	4934335	+	ORUFI01G06880
wild	OR_W1943	1	4944683	4945261	+	ORUFI01G06890
wild	OR_W1943	1	4948632	4952905	-	ORUFI01G06900
wild	OR_W1943	1	4960036	4960650	-	ORUFI01G06910
wild	OR_W1943	1	4964530	4982911	+	ORUFI01G06920
wild	OR_W1943	1	4972384	4976307	-	ORUFI01G06930
wild	OR_W1943	1	4985017	4989704	-	ORUFI01G06940
wild	OR_W1943	1	4997196	5000888	-	ORUFI01G06950
wild	OR_W1943	1	5001135	5004595	+	ORUFI01G06960
wild	OR_W1943	1	5013484	5014170	-	ORUFI01G06970
wild	OR_W1943	1	5033488	5037075	+	ORUFI01G06980
wild	OR_W1943	1	5037785	5039272	+	ORUFI01G06990
wild	OR_W1943	1	5049785	5050522	-	ORUFI01G07000
wild	OR_W1943	1	5052552	5058840	+	ORUFI01G07010
wild	OR_W1943	1	5066108	5068647	+	ORUFI01G07020
wild	OR_W1943	1	5069854	5072057	-	ORUFI01G07030
wild	OR_W1943	1	5089188	5089541	-	ORUFI01G07040
wild	OR_W1943	1	5099280	5099720	-	ORUFI01G07050
wild	OR_W1943	1	5101968	5102864	-	ORUFI01G07060
wild	OR_W1943	1	5108212	5109292	-	ORUFI01G07070
wild	OR_W1943	1	5117573	5126634	-	ORUFI01G07080
wild	OR_W1943	1	5137113	5159966	-	ORUFI01G07090
wild	OR_W1943	1	5195113	5196840	+	ORUFI01G07100
wild	OR_W1943	1	5199482	5210875	+	ORUFI01G07110
wild	OR_W1943	1	5218867	5223494	-	ORUFI01G07120
wild	OR_W1943	1	5223863	5226177	-	ORUFI01G07130
wild	OR_W1943	1	5230770	5234078	-	ORUFI01G07140
wild	OR_W1943	1	5242379	5242705	+	ORUFI01G07150
wild	OR_W1943	1	5250327	5250653	-	ORUFI01G07160
wild	OR_W1943	1	5251905	5252216	-	ORUFI01G07170
wild	OR_W1943	1	5256581	5258131	-	ORUFI01G07180
wild	OR_W1943	1	5267320	5272231	-	ORUFI01G07190
wild	OR_W1943	1	5275801	5280754	-	ORUFI01G07200
wild	OR_W1943	1	5282639	5297368	-	ORUFI01G07210
wild	OR_W1943	1	5283295	5288123	+	ORUFI01G07220
wild	OR_W1943	1	5288456	5290993	+	ORUFI01G07230
wild	OR_W1943	1	5305785	5306186	-	ORUFI01G07240
wild	OR_W1943	1	5306654	5309776	+	ORUFI01G07250
wild	OR_W1943	1	5314364	5317092	+	ORUFI01G07260
wild	OR_W1943	1	5319447	5319875	-	ORUFI01G07270
wild	OR_W1943	1	5320023	5324430	+	ORUFI01G07280
wild	OR_W1943	1	5324452	5327700	-	ORUFI01G07290
wild	OR_W1943	1	5327943	5329001	+	ORUFI01G07300
wild	OR_W1943	1	5329738	5332186	+	ORUFI01G07310
wild	OR_W1943	1	5333138	5333881	+	ORUFI01G07320
wild	OR_W1943	1	5334577	5338136	-	ORUFI01G07330
wild	OR_W1943	1	5354739	5357218	-	ORUFI01G07350
wild	OR_W1943	1	5359225	5360760	+	ORUFI01G07360
wild	OR_W1943	1	5363859	5367520	+	ORUFI01G07370
wild	OR_W1943	1	5365614	5366999	-	ORUFI01G07380
wild	OR_W1943	1	5370860	5374507	-	ORUFI01G07390
wild	OR_W1943	1	5375007	5379236	-	ORUFI01G07400
wild	OR_W1943	1	5379330	5391256	-	ORUFI01G07410
wild	OR_W1943	1	5391350	5393086	-	ORUFI01G07420
wild	OR_W1943	1	5395190	5397025	-	ORUFI01G07430
wild	OR_W1943	1	5398095	5427890	+	ORUFI01G07440
wild	OR_W1943	1	5422183	5428883	-	ORUFI01G07450
wild	OR_W1943	1	5436439	5438280	-	ORUFI01G07460
wild	OR_W1943	1	5451056	5459647	+	ORUFI01G07470
wild	OR_W1943	1	5459969	5469939	+	ORUFI01G07480
wild	OR_W1943	1	5470911	5476341	+	ORUFI01G07490
wild	OR_W1943	1	5481320	5493949	+	ORUFI01G07510
wild	OR_W1943	1	5494648	5498971	-	ORUFI01G07520
wild	OR_W1943	1	5499075	5504431	-	ORUFI01G07530
wild	OR_W1943	1	5505635	5512007	-	ORUFI01G07540
wild	OR_W1943	1	5528883	5532244	-	ORUFI01G07550
wild	OR_W1943	1	5543701	5545647	-	ORUFI01G07560
wild	OR_W1943	1	5550788	5551677	+	ORUFI01G07570
wild	OR_W1943	1	5556524	5559057	-	ORUFI01G07580
wild	OR_W1943	1	5559720	5563524	+	ORUFI01G07590
wild	OR_W1943	1	5561238	5563352	-	ORUFI01G07600
wild	OR_W1943	1	5564318	5565441	-	ORUFI01G07610
wild	OR_W1943	1	5567753	5568256	-	ORUFI01G07620
wild	OR_W1943	1	5573885	5578439	-	ORUFI01G07630
wild	OR_W1943	1	5581494	5587242	+	ORUFI01G07640
wild	OR_W1943	1	5587931	5595968	-	ORUFI01G07650
wild	OR_W1943	1	5613973	5615503	-	ORUFI01G07660
wild	OR_W1943	1	5629192	5630718	-	ORUFI01G07670
wild	OR_W1943	1	5648303	5649617	-	ORUFI01G07680
wild	OR_W1943	1	5662235	5664084	-	ORUFI01G07690
wild	OR_W1943	1	5665516	5685620	+	ORUFI01G07700
wild	OR_W1943	1	5682240	5682647	-	ORUFI01G07710
wild	OR_W1943	1	5687057	5694841	+	ORUFI01G07720
wild	OR_W1943	1	5692647	5694367	-	ORUFI01G07730
wild	OR_W1943	1	5694992	5710101	-	ORUFI01G07740
wild	OR_W1943	1	5738205	5740019	+	ORUFI01G07750
wild	OR_W1943	1	5745076	5745789	-	ORUFI01G07760
wild	OR_W1943	1	5757157	5761979	-	ORUFI01G07770
wild	OR_W1943	1	5761999	5763879	-	ORUFI01G07780
wild	OR_W1943	1	5782341	5784405	-	ORUFI01G07790
wild	OR_W1943	1	5784514	5786800	-	ORUFI01G07800
wild	OR_W1943	1	5786825	5798704	+	ORUFI01G07810
wild	OR_W1943	1	5800848	5801556	+	ORUFI01G07820
wild	OR_W1943	1	5807469	5810880	+	ORUFI01G07830
wild	OR_W1943	1	5818209	5832180	+	ORUFI01G07840
wild	OR_W1943	1	5835439	5836797	+	ORUFI01G07850
wild	OR_W1943	1	5837967	5840620	-	ORUFI01G07860
wild	OR_W1943	1	5843912	5845780	+	ORUFI01G07870
wild	OR_W1943	1	5858415	5861935	+	ORUFI01G07880
wild	OR_W1943	1	5880181	5920809	+	ORUFI01G07900
wild	OR_W1943	1	5911183	5911665	-	ORUFI01G07920
wild	OR_W1943	1	5923787	5924333	+	ORUFI01G07930
wild	OR_W1943	1	5927882	5931179	-	ORUFI01G07940
wild	OR_W1943	1	5934129	5935668	+	ORUFI01G07950
wild	OR_W1943	1	5936004	5941109	-	ORUFI01G07960
wild	OR_W1943	1	5944704	5945583	+	ORUFI01G07970
wild	OR_W1943	1	5946510	5948875	-	ORUFI01G07980
wild	OR_W1943	1	5950256	5952665	-	ORUFI01G07990
wild	OR_W1943	1	5956247	5963332	+	ORUFI01G08000
wild	OR_W1943	1	5968641	5973221	+	ORUFI01G08010
wild	OR_W1943	1	5975364	5979180	+	ORUFI01G08020
wild	OR_W1943	1	5986090	5999355	+	ORUFI01G08030
wild	OR_W1943	1	6005373	6008535	+	ORUFI01G08040
wild	OR_W1943	1	6014875	6019754	+	ORUFI01G08050
wild	OR_W1943	1	6031855	6037293	+	ORUFI01G08060
wild	OR_W1943	1	6038625	6052033	-	ORUFI01G08070
wild	OR_W1943	1	6055913	6058113	-	ORUFI01G08080
wild	OR_W1943	1	6061205	6061948	+	ORUFI01G08090
wild	OR_W1943	1	6062779	6065870	+	ORUFI01G08100
wild	OR_W1943	1	6066298	6069582	+	ORUFI01G08110
wild	OR_W1943	1	6072286	6072858	+	ORUFI01G08120
wild	OR_W1943	1	6075153	6075395	-	ORUFI01G08130
wild	OR_W1943	1	6076233	6076819	+	ORUFI01G08140
wild	OR_W1943	1	6076854	6078529	-	ORUFI01G08150
wild	OR_W1943	1	6078296	6080601	+	ORUFI01G08160
wild	OR_W1943	1	6079496	6081986	-	ORUFI01G08170
wild	OR_W1943	1	6088076	6091119	-	ORUFI01G08180
wild	OR_W1943	1	6095724	6100444	-	ORUFI01G08190
wild	OR_W1943	1	6106881	6111381	+	ORUFI01G08200
wild	OR_W1943	1	6110583	6111092	-	ORUFI01G08210
wild	OR_W1943	1	6114641	6115245	-	ORUFI01G08220
wild	OR_W1943	1	6115264	6116777	-	ORUFI01G08230
wild	OR_W1943	1	6136127	6137653	-	ORUFI01G08240
wild	OR_W1943	1	6139151	6139516	+	ORUFI01G08250
wild	OR_W1943	1	6146795	6148829	-	ORUFI01G08260
wild	OR_W1943	1	6148966	6153847	-	ORUFI01G08270
wild	OR_W1943	1	6157679	6161564	-	ORUFI01G08280
wild	OR_W1943	1	6166895	6169088	-	ORUFI01G08290
wild	OR_W1943	1	6173775	6174014	+	ORUFI01G08300
wild	OR_W1943	1	6176747	6179477	+	ORUFI01G08310
wild	OR_W1943	1	6179516	6187221	-	ORUFI01G08320
wild	OR_W1943	1	6183008	6186648	+	ORUFI01G08330
wild	OR_W1943	1	6187311	6193127	+	ORUFI01G08340
wild	OR_W1943	1	6191730	6194326	-	ORUFI01G08350
wild	OR_W1943	1	6194425	6212569	-	ORUFI01G08360
wild	OR_W1943	1	6215728	6217848	+	ORUFI01G08370
wild	OR_W1943	1	6218189	6218386	-	ORUFI01G08380
wild	OR_W1943	1	6218430	6222351	-	ORUFI01G08390
wild	OR_W1943	1	6224030	6227156	-	ORUFI01G08400
wild	OR_W1943	1	6234869	6241949	+	ORUFI01G08420
wild	OR_W1943	1	6242210	6242933	+	ORUFI01G08430
wild	OR_W1943	1	6242574	6244104	-	ORUFI01G08440
wild	OR_W1943	1	6246363	6247324	+	ORUFI01G08450
wild	OR_W1943	1	6249363	6252690	-	ORUFI01G08460
wild	OR_W1943	1	6253263	6259147	-	ORUFI01G08470
wild	OR_W1943	1	6256233	6258858	+	ORUFI01G08480
wild	OR_W1943	1	6259968	6262059	-	ORUFI01G08490
wild	OR_W1943	1	6262942	6289082	-	ORUFI01G08500
wild	OR_W1943	1	6270483	6282868	+	ORUFI01G08510
wild	OR_W1943	1	6282897	6285338	+	ORUFI01G08520
wild	OR_W1943	1	6310087	6311214	+	ORUFI01G08530
wild	OR_W1943	1	6326299	6328768	-	ORUFI01G08540
wild	OR_W1943	1	6328920	6331170	+	ORUFI01G08550
wild	OR_W1943	1	6332537	6335487	+	ORUFI01G08560
wild	OR_W1943	1	6336310	6338769	-	ORUFI01G08570
wild	OR_W1943	1	6351927	6355954	+	ORUFI01G08580
wild	OR_W1943	1	6370231	6370443	-	ORUFI01G08590
wild	OR_W1943	1	6374252	6376314	-	ORUFI01G08600
wild	OR_W1943	1	6384367	6391713	+	ORUFI01G08610
wild	OR_W1943	1	6385114	6404004	-	ORUFI01G08620
wild	OR_W1943	1	6392827	6399566	+	ORUFI01G08630
wild	OR_W1943	1	6399704	6407457	+	ORUFI01G08640
wild	OR_W1943	1	6405211	6407375	-	ORUFI01G08650
wild	OR_W1943	1	6408329	6410327	-	ORUFI01G08660
wild	OR_W1943	1	6417484	6417939	-	ORUFI01G08670
wild	OR_W1943	1	6418328	6418715	-	ORUFI01G08680
wild	OR_W1943	1	6422516	6422905	+	ORUFI01G08690
wild	OR_W1943	1	6438473	6439593	-	ORUFI01G08700
wild	OR_W1943	1	6439767	6441087	-	ORUFI01G08710
wild	OR_W1943	1	6452006	6454601	+	ORUFI01G08720
wild	OR_W1943	1	6455491	6460898	-	ORUFI01G08730
wild	OR_W1943	1	6463696	6471352	+	ORUFI01G08740
wild	OR_W1943	1	6474954	6478542	+	ORUFI01G08750
wild	OR_W1943	1	6477893	6479623	-	ORUFI01G08760
wild	OR_W1943	1	6494051	6494890	+	ORUFI01G08770
wild	OR_W1943	1	6499499	6503699	+	ORUFI01G08780
wild	OR_W1943	1	6509057	6515563	+	ORUFI01G08790
wild	OR_W1943	1	6522647	6527757	+	ORUFI01G08800
wild	OR_W1943	1	6528661	6532361	+	ORUFI01G08810
wild	OR_W1943	1	6533226	6535281	+	ORUFI01G08820
wild	OR_W1943	1	6537851	6566367	+	ORUFI01G08830
wild	OR_W1943	1	6568981	6569466	-	ORUFI01G08840
wild	OR_W1943	1	6571383	6580427	+	ORUFI01G08850
wild	OR_W1943	1	6577345	6580322	-	ORUFI01G08860
wild	OR_W1943	1	6583113	6586842	+	ORUFI01G08870
wild	OR_W1943	1	6586620	6588531	-	ORUFI01G08880
wild	OR_W1943	1	6591376	6594126	-	ORUFI01G08890
wild	OR_W1943	1	6596348	6600435	-	ORUFI01G08900
wild	OR_W1943	1	6602551	6602838	-	ORUFI01G08910
wild	OR_W1943	1	6606905	6615332	+	ORUFI01G08920
wild	OR_W1943	1	6616808	6619982	-	ORUFI01G08930
wild	OR_W1943	1	6620334	6628446	+	ORUFI01G08940
wild	OR_W1943	1	6648596	6658597	+	ORUFI01G08950
wild	OR_W1943	1	6655792	6658103	-	ORUFI01G08960
wild	OR_W1943	1	6665058	6671173	+	ORUFI01G08970
wild	OR_W1943	1	6669494	6676109	-	ORUFI01G08980
wild	OR_W1943	1	6677630	6680314	-	ORUFI01G08990
wild	OR_W1943	1	6688905	6706230	+	ORUFI01G09000
wild	OR_W1943	1	6709552	6717508	-	ORUFI01G09010
wild	OR_W1943	1	6722922	6733878	-	ORUFI01G09020
wild	OR_W1943	1	6742487	6748222	+	ORUFI01G09030
wild	OR_W1943	1	6752783	6753370	+	ORUFI01G09040
wild	OR_W1943	1	6755516	6756923	+	ORUFI01G09050
wild	OR_W1943	1	6757591	6786753	+	ORUFI01G09060
wild	OR_W1943	1	6771494	6772646	-	ORUFI01G09070
wild	OR_W1943	1	6790125	6795999	+	ORUFI01G09080
wild	OR_W1943	1	6795080	6799606	-	ORUFI01G09090
wild	OR_W1943	1	6799644	6801672	-	ORUFI01G09100
wild	OR_W1943	1	6817756	6825070	+	ORUFI01G09110
wild	OR_W1943	1	6822075	6824845	-	ORUFI01G09120
wild	OR_W1943	1	6826713	6832174	+	ORUFI01G09130
wild	OR_W1943	1	6833605	6838345	+	ORUFI01G09140
wild	OR_W1943	1	6838729	6839796	-	ORUFI01G09150
wild	OR_W1943	1	6841343	6845475	+	ORUFI01G09160
wild	OR_W1943	1	6845812	6850885	-	ORUFI01G09170
wild	OR_W1943	1	6857463	6859524	-	ORUFI01G09180
wild	OR_W1943	1	6863785	6888425	-	ORUFI01G09190
wild	OR_W1943	1	6879834	6883833	+	ORUFI01G09200
wild	OR_W1943	1	6895059	6898691	+	ORUFI01G09210
wild	OR_W1943	1	6899586	6903059	-	ORUFI01G09220
wild	OR_W1943	1	6906245	6906589	-	ORUFI01G09230
wild	OR_W1943	1	6906662	6909722	-	ORUFI01G09240
wild	OR_W1943	1	6911754	6916986	+	ORUFI01G09250
wild	OR_W1943	1	6918744	6922118	-	ORUFI01G09260
wild	OR_W1943	1	6924327	6926955	+	ORUFI01G09270
wild	OR_W1943	1	6932761	6933540	+	ORUFI01G09280
wild	OR_W1943	1	6933738	6936879	-	ORUFI01G09290
wild	OR_W1943	1	6938769	6940984	-	ORUFI01G09300
wild	OR_W1943	1	6945983	6947543	-	ORUFI01G09310
wild	OR_W1943	1	6950010	6950444	-	ORUFI01G09320
wild	OR_W1943	1	6952133	6954502	+	ORUFI01G09330
wild	OR_W1943	1	6955547	6959900	-	ORUFI01G09340
wild	OR_W1943	1	6965390	6968729	+	ORUFI01G09350
wild	OR_W1943	1	6967892	6971147	-	ORUFI01G09360
wild	OR_W1943	1	6972923	6977410	-	ORUFI01G09370
wild	OR_W1943	1	6978400	6984481	-	ORUFI01G09380
wild	OR_W1943	1	6979717	6980190	+	ORUFI01G09390
wild	OR_W1943	1	6990301	6993383	-	ORUFI01G09400
wild	OR_W1943	1	7001485	7009293	+	ORUFI01G09410
wild	OR_W1943	1	7012642	7013823	+	ORUFI01G09420
wild	OR_W1943	1	7015118	7015726	+	ORUFI01G09430
wild	OR_W1943	1	7023632	7027093	+	ORUFI01G09440
wild	OR_W1943	1	7043765	7048818	+	ORUFI01G09450
wild	OR_W1943	1	7054267	7058061	+	ORUFI01G09460
wild	OR_W1943	1	7068603	7074519	+	ORUFI01G09470
wild	OR_W1943	1	7075835	7080500	-	ORUFI01G09480
wild	OR_W1943	1	7085801	7087368	+	ORUFI01G09490
wild	OR_W1943	1	7088268	7090324	-	ORUFI01G09500
wild	OR_W1943	1	7090674	7093274	-	ORUFI01G09510
wild	OR_W1943	1	7100447	7103938	-	ORUFI01G09520
wild	OR_W1943	1	7111797	7113713	-	ORUFI01G09530
wild	OR_W1943	1	7116058	7119902	-	ORUFI01G09540
wild	OR_W1943	1	7153065	7153433	-	ORUFI01G09550
wild	OR_W1943	1	7156568	7156846	-	ORUFI01G09560
wild	OR_W1943	1	7160697	7163996	+	ORUFI01G09570
wild	OR_W1943	1	7165612	7168295	+	ORUFI01G09580
wild	OR_W1943	1	7168573	7171953	+	ORUFI01G09590
wild	OR_W1943	1	7173623	7174403	-	ORUFI01G09600
wild	OR_W1943	1	7174027	7181557	+	ORUFI01G09610
wild	OR_W1943	1	7182854	7188975	-	ORUFI01G09620
wild	OR_W1943	1	7192896	7204517	-	ORUFI01G09630
wild	OR_W1943	1	7210004	7218986	+	ORUFI01G09640
wild	OR_W1943	1	7216320	7219921	-	ORUFI01G09650
wild	OR_W1943	1	7219985	7222806	+	ORUFI01G09660
wild	OR_W1943	1	7236874	7243726	+	ORUFI01G09670
wild	OR_W1943	1	7244267	7254116	+	ORUFI01G09680
wild	OR_W1943	1	7254636	7261422	+	ORUFI01G09690
wild	OR_W1943	1	7269296	7269679	-	ORUFI01G09710
wild	OR_W1943	1	7269721	7270068	-	ORUFI01G09720
wild	OR_W1943	1	7277440	7279175	+	ORUFI01G09730
wild	OR_W1943	1	7280500	7284242	-	ORUFI01G09740
wild	OR_W1943	1	7291138	7291533	+	ORUFI01G09750
wild	OR_W1943	1	7317933	7318243	+	ORUFI01G09760
wild	OR_W1943	1	7321654	7323267	+	ORUFI01G09770
wild	OR_W1943	1	7326169	7329427	+	ORUFI01G09780
wild	OR_W1943	1	7330074	7330920	+	ORUFI01G09790
wild	OR_W1943	1	7331691	7333648	-	ORUFI01G09800
wild	OR_W1943	1	7335902	7341370	-	ORUFI01G09810
wild	OR_W1943	1	7344219	7344464	+	ORUFI01G09820
wild	OR_W1943	1	7349277	7352018	+	ORUFI01G09830
wild	OR_W1943	1	7353186	7355427	-	ORUFI01G09840
wild	OR_W1943	1	7358931	7370554	+	ORUFI01G09850
wild	OR_W1943	1	7367833	7373209	-	ORUFI01G09860
wild	OR_W1943	1	7376140	7376790	-	ORUFI01G09870
wild	OR_W1943	1	7396360	7396721	+	ORUFI01G09880
wild	OR_W1943	1	7396605	7398690	-	ORUFI01G09890
wild	OR_W1943	1	7398800	7399466	-	ORUFI01G09900
wild	OR_W1943	1	7400319	7405061	-	ORUFI01G09910
wild	OR_W1943	1	7405924	7428708	-	ORUFI01G09920
wild	OR_W1943	1	7433518	7435599	-	ORUFI01G09930
wild	OR_W1943	1	7437415	7447175	-	ORUFI01G09940
wild	OR_W1943	1	7448243	7480259	-	ORUFI01G09950
wild	OR_W1943	1	7471661	7472548	+	ORUFI01G09960
wild	OR_W1943	1	7480800	7481628	-	ORUFI01G09970
wild	OR_W1943	1	7488238	7496295	-	ORUFI01G09980
wild	OR_W1943	1	7498150	7498526	-	ORUFI01G09990
wild	OR_W1943	1	7499209	7500408	+	ORUFI01G10000
wild	OR_W1943	1	7500783	7501277	-	ORUFI01G10010
wild	OR_W1943	1	7502239	7503482	+	ORUFI01G10020
wild	OR_W1943	1	7505462	7509275	-	ORUFI01G10030
wild	OR_W1943	1	7511527	7512213	-	ORUFI01G10040
wild	OR_W1943	1	7524249	7527413	+	ORUFI01G10050
wild	OR_W1943	1	7554088	7556102	-	ORUFI01G10060
wild	OR_W1943	1	7558826	7559190	+	ORUFI01G10070
wild	OR_W1943	1	7562293	7564620	-	ORUFI01G10080
wild	OR_W1943	1	7570521	7572210	+	ORUFI01G10090
wild	OR_W1943	1	7576620	7577885	-	ORUFI01G10100
wild	OR_W1943	1	7591672	7592699	-	ORUFI01G10110
wild	OR_W1943	1	7598886	7599293	-	ORUFI01G10120
wild	OR_W1943	1	7605434	7607290	+	ORUFI01G10130
wild	OR_W1943	1	7610554	7616244	+	ORUFI01G10140
wild	OR_W1943	1	7613313	7617824	-	ORUFI01G10150
wild	OR_W1943	1	7618748	7623365	-	ORUFI01G10160
wild	OR_W1943	1	7629805	7630245	-	ORUFI01G10170
wild	OR_W1943	1	7630743	7631873	+	ORUFI01G10180
wild	OR_W1943	1	7633132	7633770	+	ORUFI01G10190
wild	OR_W1943	1	7635800	7636676	-	ORUFI01G10200
wild	OR_W1943	1	7641686	7642517	-	ORUFI01G10210
wild	OR_W1943	1	7643823	7646469	-	ORUFI01G10220
wild	OR_W1943	1	7652537	7654916	-	ORUFI01G10230
wild	OR_W1943	1	7657433	7658545	+	ORUFI01G10240
wild	OR_W1943	1	7659109	7670747	-	ORUFI01G10250
wild	OR_W1943	1	7680517	7682832	+	ORUFI01G10260
wild	OR_W1943	1	7683519	7685093	+	ORUFI01G10270
wild	OR_W1943	1	7686115	7687272	-	ORUFI01G10280
wild	OR_W1943	1	7689293	7690683	-	ORUFI01G10290
wild	OR_W1943	1	7694715	7695479	+	ORUFI01G10300
wild	OR_W1943	1	7698834	7702117	+	ORUFI01G10310
wild	OR_W1943	1	7702901	7703356	+	ORUFI01G10320
wild	OR_W1943	1	7704873	7713431	+	ORUFI01G10330
wild	OR_W1943	1	7713868	7718524	+	ORUFI01G10340
wild	OR_W1943	1	7720742	7725816	+	ORUFI01G10350
wild	OR_W1943	1	7727053	7732130	+	ORUFI01G10360
wild	OR_W1943	1	7735598	7735965	-	ORUFI01G10370
wild	OR_W1943	1	7741795	7744203	+	ORUFI01G10380
wild	OR_W1943	1	7746926	7747414	+	ORUFI01G10390
wild	OR_W1943	1	7769342	7773956	+	ORUFI01G10400
wild	OR_W1943	1	7774147	7779173	+	ORUFI01G10410
wild	OR_W1943	1	7782833	7783401	+	ORUFI01G10420
wild	OR_W1943	1	7783409	7785747	+	ORUFI01G10430
wild	OR_W1943	1	7787539	7790440	+	ORUFI01G10440
wild	OR_W1943	1	7794012	7794639	+	ORUFI01G10450
wild	OR_W1943	1	7796925	7802057	-	ORUFI01G10460
wild	OR_W1943	1	7803893	7814707	-	ORUFI01G10470
wild	OR_W1943	1	7819622	7820155	+	ORUFI01G10480
wild	OR_W1943	1	7821681	7826902	+	ORUFI01G10490
wild	OR_W1943	1	7827376	7828354	-	ORUFI01G10500
wild	OR_W1943	1	7834078	7834737	+	ORUFI01G10510
wild	OR_W1943	1	7836108	7837879	-	ORUFI01G10520
wild	OR_W1943	1	7842869	7843646	-	ORUFI01G10530
wild	OR_W1943	1	7845569	7850031	+	ORUFI01G10540
wild	OR_W1943	1	7855606	7860149	-	ORUFI01G10550
wild	OR_W1943	1	7862760	7871312	-	ORUFI01G10560
wild	OR_W1943	1	7886270	7886458	-	ORUFI01G10570
wild	OR_W1943	1	7889294	7893022	-	ORUFI01G10580
wild	OR_W1943	1	7895203	7907792	-	ORUFI01G10590
wild	OR_W1943	1	7896842	7902359	+	ORUFI01G10600
wild	OR_W1943	1	7908372	7908638	-	ORUFI01G10610
wild	OR_W1943	1	7911710	7915112	-	ORUFI01G10620
wild	OR_W1943	1	7915664	7922306	-	ORUFI01G10630
wild	OR_W1943	1	7922164	7925801	+	ORUFI01G10640
wild	OR_W1943	1	7923910	7946578	-	ORUFI01G10650
wild	OR_W1943	1	7951362	7952111	+	ORUFI01G10660
wild	OR_W1943	1	7967707	7968276	-	ORUFI01G10670
wild	OR_W1943	1	7969658	7971052	-	ORUFI01G10680
wild	OR_W1943	1	7972033	7972745	-	ORUFI01G10690
wild	OR_W1943	1	7972293	7972490	+	ORUFI01G10700
wild	OR_W1943	1	7974404	7975204	+	ORUFI01G10710
wild	OR_W1943	1	7975920	7977291	-	ORUFI01G10720
wild	OR_W1943	1	7980336	7980835	-	ORUFI01G10730
wild	OR_W1943	1	7980992	7981210	-	ORUFI01G10740
wild	OR_W1943	1	7981224	7981876	+	ORUFI01G10750
wild	OR_W1943	1	7984650	7986017	-	ORUFI01G10760
wild	OR_W1943	1	7989409	7993979	+	ORUFI01G10770
wild	OR_W1943	1	7995410	7995730	-	ORUFI01G10780
wild	OR_W1943	1	8000844	8001188	-	ORUFI01G10790
wild	OR_W1943	1	8005056	8013588	-	ORUFI01G10800
wild	OR_W1943	1	8015171	8018248	-	ORUFI01G10810
wild	OR_W1943	1	8021571	8021966	-	ORUFI01G10820
wild	OR_W1943	1	8030573	8030902	-	ORUFI01G10830
wild	OR_W1943	1	8038471	8043205	-	ORUFI01G10840
wild	OR_W1943	1	8048092	8050670	-	ORUFI01G10850
wild	OR_W1943	1	8064303	8069518	-	ORUFI01G10860
wild	OR_W1943	1	8072459	8074296	-	ORUFI01G10870
wild	OR_W1943	1	8075344	8077424	-	ORUFI01G10880
wild	OR_W1943	1	8078065	8079474	+	ORUFI01G10890
wild	OR_W1943	1	8081077	8085618	-	ORUFI01G10900
wild	OR_W1943	1	8102462	8107333	+	ORUFI01G10910
wild	OR_W1943	1	8111869	8119016	-	ORUFI01G10920
wild	OR_W1943	1	8120812	8127512	-	ORUFI01G10930
wild	OR_W1943	1	8129142	8141913	-	ORUFI01G10940
wild	OR_W1943	1	8134048	8134400	+	ORUFI01G10950
wild	OR_W1943	1	8136400	8140315	+	ORUFI01G10960
wild	OR_W1943	1	8151632	8153143	+	ORUFI01G10970
wild	OR_W1943	1	8155188	8159762	-	ORUFI01G10980
wild	OR_W1943	1	8160130	8161107	+	ORUFI01G10990
wild	OR_W1943	1	8164576	8165427	-	ORUFI01G11000
wild	OR_W1943	1	8166434	8167167	+	ORUFI01G11010
wild	OR_W1943	1	8170096	8173974	+	ORUFI01G11020
wild	OR_W1943	1	8172004	8178652	-	ORUFI01G11030
wild	OR_W1943	1	8176455	8176922	+	ORUFI01G11040
wild	OR_W1943	1	8178305	8182897	+	ORUFI01G11050
wild	OR_W1943	1	8186718	8192477	+	ORUFI01G11060
wild	OR_W1943	1	8197077	8198609	+	ORUFI01G11070
wild	OR_W1943	1	8200011	8209642	+	ORUFI01G11080
wild	OR_W1943	1	8206483	8210809	-	ORUFI01G11090
wild	OR_W1943	1	8218200	8225856	+	ORUFI01G11100
wild	OR_W1943	1	8231831	8235700	+	ORUFI01G11110
wild	OR_W1943	1	8243671	8245963	-	ORUFI01G11120
wild	OR_W1943	1	8261422	8264985	+	ORUFI01G11130
wild	OR_W1943	1	8263982	8269396	-	ORUFI01G11140
wild	OR_W1943	1	8270652	8278087	+	ORUFI01G11150
wild	OR_W1943	1	8278895	8279902	+	ORUFI01G11160
wild	OR_W1943	1	8294316	8296052	-	ORUFI01G11180
wild	OR_W1943	1	8302939	8308349	+	ORUFI01G11200
wild	OR_W1943	1	8309825	8313022	+	ORUFI01G11210
wild	OR_W1943	1	8326494	8328980	+	ORUFI01G11220
wild	OR_W1943	1	8328377	8331282	-	ORUFI01G11230
wild	OR_W1943	1	8337168	8339236	+	ORUFI01G11240
wild	OR_W1943	1	8340603	8346928	+	ORUFI01G11250
wild	OR_W1943	1	8341253	8348692	-	ORUFI01G11260
wild	OR_W1943	1	8351266	8353044	+	ORUFI01G11270
wild	OR_W1943	1	8362801	8364041	+	ORUFI01G11280
wild	OR_W1943	1	8365440	8368730	+	ORUFI01G11290
wild	OR_W1943	1	8370710	8372276	+	ORUFI01G11300
wild	OR_W1943	1	8377869	8381457	-	ORUFI01G11310
wild	OR_W1943	1	8388317	8392748	+	ORUFI01G11320
wild	OR_W1943	1	8393234	8394601	+	ORUFI01G11330
wild	OR_W1943	1	8395148	8397700	-	ORUFI01G11340
wild	OR_W1943	1	8400124	8403990	-	ORUFI01G11350
wild	OR_W1943	1	8413912	8425094	-	ORUFI01G11360
wild	OR_W1943	1	8427933	8430625	-	ORUFI01G11370
wild	OR_W1943	1	8432232	8436366	-	ORUFI01G11380
wild	OR_W1943	1	8437959	8441485	-	ORUFI01G11390
wild	OR_W1943	1	8441489	8443469	-	ORUFI01G11400
wild	OR_W1943	1	8443679	8452494	+	ORUFI01G11410
wild	OR_W1943	1	8459619	8460233	+	ORUFI01G11420
wild	OR_W1943	1	8480374	8485159	-	ORUFI01G11430
wild	OR_W1943	1	8485232	8485742	-	ORUFI01G11440
wild	OR_W1943	1	8485473	8485724	+	ORUFI01G11450
wild	OR_W1943	1	8486198	8488821	-	ORUFI01G11460
wild	OR_W1943	1	8489867	8492807	-	ORUFI01G11470
wild	OR_W1943	1	8504674	8508323	-	ORUFI01G11480
wild	OR_W1943	1	8511889	8516323	+	ORUFI01G11490
wild	OR_W1943	1	8532517	8532783	+	ORUFI01G11500
wild	OR_W1943	1	8535122	8540429	+	ORUFI01G11510
wild	OR_W1943	1	8540911	8544587	+	ORUFI01G11520
wild	OR_W1943	1	8546350	8547621	+	ORUFI01G11530
wild	OR_W1943	1	8548251	8550664	-	ORUFI01G11540
wild	OR_W1943	1	8553977	8556393	-	ORUFI01G11550
wild	OR_W1943	1	8566755	8567945	+	ORUFI01G11560
wild	OR_W1943	1	8570291	8573208	-	ORUFI01G11570
wild	OR_W1943	1	8575803	8576578	+	ORUFI01G11580
wild	OR_W1943	1	8578871	8590724	-	ORUFI01G11590
wild	OR_W1943	1	8591067	8592254	-	ORUFI01G11600
wild	OR_W1943	1	8595092	8626859	-	ORUFI01G11610
wild	OR_W1943	1	8597695	8609496	+	ORUFI01G11620
wild	OR_W1943	1	8611576	8618118	+	ORUFI01G11630
wild	OR_W1943	1	8618399	8626469	+	ORUFI01G11640
wild	OR_W1943	1	8626988	8628359	-	ORUFI01G11650
wild	OR_W1943	1	8629006	8629342	-	ORUFI01G11660
wild	OR_W1943	1	8631745	8637066	+	ORUFI01G11670
wild	OR_W1943	1	8637590	8643514	+	ORUFI01G11680
wild	OR_W1943	1	8641560	8645635	-	ORUFI01G11690
wild	OR_W1943	1	8647024	8651585	-	ORUFI01G11700
wild	OR_W1943	1	8651610	8660078	-	ORUFI01G11710
wild	OR_W1943	1	8661793	8672605	+	ORUFI01G11720
wild	OR_W1943	1	8675089	8682796	-	ORUFI01G11730
wild	OR_W1943	1	8687101	8691002	+	ORUFI01G11740
wild	OR_W1943	1	8691739	8694460	-	ORUFI01G11750
wild	OR_W1943	1	8694534	8696339	-	ORUFI01G11760
wild	OR_W1943	1	8698880	8702169	-	ORUFI01G11770
wild	OR_W1943	1	8712697	8715404	+	ORUFI01G11780
wild	OR_W1943	1	8717800	8720322	-	ORUFI01G11790
wild	OR_W1943	1	8722199	8723677	+	ORUFI01G11800
wild	OR_W1943	1	8740189	8744732	+	ORUFI01G11810
wild	OR_W1943	1	8743495	8746990	-	ORUFI01G11820
wild	OR_W1943	1	8748844	8752770	-	ORUFI01G11830
wild	OR_W1943	1	8755688	8760014	+	ORUFI01G11840
wild	OR_W1943	1	8763911	8766010	-	ORUFI01G11850
wild	OR_W1943	1	8772275	8773072	-	ORUFI01G11860
wild	OR_W1943	1	8787464	8788249	-	ORUFI01G11870
wild	OR_W1943	1	8792789	8797429	+	ORUFI01G11880
wild	OR_W1943	1	8798160	8798952	-	ORUFI01G11890
wild	OR_W1943	1	8800087	8804066	-	ORUFI01G11900
wild	OR_W1943	1	8806528	8807551	+	ORUFI01G11910
wild	OR_W1943	1	8807663	8808033	+	ORUFI01G11920
wild	OR_W1943	1	8809187	8811704	-	ORUFI01G11930
wild	OR_W1943	1	8813091	8814028	+	ORUFI01G11940
wild	OR_W1943	1	8815739	8819185	-	ORUFI01G11950
wild	OR_W1943	1	8823568	8824692	-	ORUFI01G11960
wild	OR_W1943	1	8829041	8831765	+	ORUFI01G11970
wild	OR_W1943	1	8836432	8846676	+	ORUFI01G11980
wild	OR_W1943	1	8860289	8865444	+	ORUFI01G11990
wild	OR_W1943	1	8868247	8874417	+	ORUFI01G12000
wild	OR_W1943	1	8874736	8881591	-	ORUFI01G12010
wild	OR_W1943	1	8885239	8887791	+	ORUFI01G12020
wild	OR_W1943	1	8898722	8899426	+	ORUFI01G12030
wild	OR_W1943	1	8905166	8905685	-	ORUFI01G12040
wild	OR_W1943	1	8927332	8928429	-	ORUFI01G12050
wild	OR_W1943	1	8955902	8956942	-	ORUFI01G12060
wild	OR_W1943	1	8959939	8989873	-	ORUFI01G12070
wild	OR_W1943	1	8994703	9004367	+	ORUFI01G12080
wild	OR_W1943	1	8994775	9003740	-	ORUFI01G12090
wild	OR_W1943	1	9010828	9013823	-	ORUFI01G12100
wild	OR_W1943	1	9017910	9022944	+	ORUFI01G12110
wild	OR_W1943	1	9023767	9028385	-	ORUFI01G12120
wild	OR_W1943	1	9032462	9033517	+	ORUFI01G12130
wild	OR_W1943	1	9035495	9036805	-	ORUFI01G12140
wild	OR_W1943	1	9037713	9041770	-	ORUFI01G12150
wild	OR_W1943	1	9042508	9044420	+	ORUFI01G12160
wild	OR_W1943	1	9047084	9051962	-	ORUFI01G12170
wild	OR_W1943	1	9055500	9062125	-	ORUFI01G12180
wild	OR_W1943	1	9064230	9064685	-	ORUFI01G12190
wild	OR_W1943	1	9087142	9092888	+	ORUFI01G12200
wild	OR_W1943	1	9089043	9098250	-	ORUFI01G12210
wild	OR_W1943	1	9098279	9109003	-	ORUFI01G12220
wild	OR_W1943	1	9104596	9108229	+	ORUFI01G12230
wild	OR_W1943	1	9109010	9110506	+	ORUFI01G12240
wild	OR_W1943	1	9112022	9113351	+	ORUFI01G12250
wild	OR_W1943	1	9118901	9122413	+	ORUFI01G12260
wild	OR_W1943	1	9124661	9125374	-	ORUFI01G12270
wild	OR_W1943	1	9145748	9160868	-	ORUFI01G12280
wild	OR_W1943	1	9169054	9174950	+	ORUFI01G12290
wild	OR_W1943	1	9175363	9178546	-	ORUFI01G12300
wild	OR_W1943	1	9181100	9181423	-	ORUFI01G12310
wild	OR_W1943	1	9184327	9184662	+	ORUFI01G12320
wild	OR_W1943	1	9199603	9204920	+	ORUFI01G12330
wild	OR_W1943	1	9211691	9213897	+	ORUFI01G12340
wild	OR_W1943	1	9214949	9223395	+	ORUFI01G12350
wild	OR_W1943	1	9226432	9229424	+	ORUFI01G12360
wild	OR_W1943	1	9230560	9237780	+	ORUFI01G12370
wild	OR_W1943	1	9239737	9242185	+	ORUFI01G12380
wild	OR_W1943	1	9240437	9260984	-	ORUFI01G12390
wild	OR_W1943	1	9265456	9270584	+	ORUFI01G12400
wild	OR_W1943	1	9269938	9273561	-	ORUFI01G12410
wild	OR_W1943	1	9281083	9289592	+	ORUFI01G12420
wild	OR_W1943	1	9289114	9298167	-	ORUFI01G12430
wild	OR_W1943	1	9304779	9305107	+	ORUFI01G12440
wild	OR_W1943	1	9305354	9305533	+	ORUFI01G12450
wild	OR_W1943	1	9312232	9312643	+	ORUFI01G12460
wild	OR_W1943	1	9313039	9317871	+	ORUFI01G12470
wild	OR_W1943	1	9318630	9320104	-	ORUFI01G12480
wild	OR_W1943	1	9320133	9321157	-	ORUFI01G12490
wild	OR_W1943	1	9351764	9356444	+	ORUFI01G12500
wild	OR_W1943	1	9356258	9359044	-	ORUFI01G12510
wild	OR_W1943	1	9359782	9362925	-	ORUFI01G12520
wild	OR_W1943	1	9363004	9363858	-	ORUFI01G12530
wild	OR_W1943	1	9367832	9368575	-	ORUFI01G12540
wild	OR_W1943	1	9370062	9375192	-	ORUFI01G12550
wild	OR_W1943	1	9376763	9377359	+	ORUFI01G12560
wild	OR_W1943	1	9384165	9385881	-	ORUFI01G12570
wild	OR_W1943	1	9389776	9391287	-	ORUFI01G12580
wild	OR_W1943	1	9393254	9394022	+	ORUFI01G12590
wild	OR_W1943	1	9395870	9396923	+	ORUFI01G12600
wild	OR_W1943	1	9403961	9406084	-	ORUFI01G12610
wild	OR_W1943	1	9407393	9411047	+	ORUFI01G12620
wild	OR_W1943	1	9418838	9419077	+	ORUFI01G12630
wild	OR_W1943	1	9434141	9436756	-	ORUFI01G12640
wild	OR_W1943	1	9449023	9453407	-	ORUFI01G12650
wild	OR_W1943	1	9453581	9458472	+	ORUFI01G12660
wild	OR_W1943	1	9469178	9469999	+	ORUFI01G12670
wild	OR_W1943	1	9471487	9471819	+	ORUFI01G12680
wild	OR_W1943	1	9472244	9474951	-	ORUFI01G12690
wild	OR_W1943	1	9479087	9487282	+	ORUFI01G12700
wild	OR_W1943	1	9490024	9493636	+	ORUFI01G12710
wild	OR_W1943	1	9494783	9497675	+	ORUFI01G12720
wild	OR_W1943	1	9499404	9500507	+	ORUFI01G12730
wild	OR_W1943	1	9501366	9501671	-	ORUFI01G12740
wild	OR_W1943	1	9504693	9505467	-	ORUFI01G12750
wild	OR_W1943	1	9524885	9528010	+	ORUFI01G12760
wild	OR_W1943	1	9532175	9534491	-	ORUFI01G12770
wild	OR_W1943	1	9542483	9543821	-	ORUFI01G12780
wild	OR_W1943	1	9545174	9552334	+	ORUFI01G12790
wild	OR_W1943	1	9549013	9550514	-	ORUFI01G12800
wild	OR_W1943	1	9565317	9567399	-	ORUFI01G12810
wild	OR_W1943	1	9568006	9568245	-	ORUFI01G12820
wild	OR_W1943	1	9590086	9593673	+	ORUFI01G12830
wild	OR_W1943	1	9596836	9601292	-	ORUFI01G12840
wild	OR_W1943	1	9601382	9605842	-	ORUFI01G12850
wild	OR_W1943	1	9608897	9614937	-	ORUFI01G12860
wild	OR_W1943	1	9609024	9609410	+	ORUFI01G12870
wild	OR_W1943	1	9617330	9620974	+	ORUFI01G12880
wild	OR_W1943	1	9623155	9623481	+	ORUFI01G12890
wild	OR_W1943	1	9637702	9640200	+	ORUFI01G12900
wild	OR_W1943	1	9644260	9646685	-	ORUFI01G12910
wild	OR_W1943	1	9644725	9645871	+	ORUFI01G12920
wild	OR_W1943	1	9649481	9651300	+	ORUFI01G12930
wild	OR_W1943	1	9651860	9652145	-	ORUFI01G12940
wild	OR_W1943	1	9652219	9652919	-	ORUFI01G12950
wild	OR_W1943	1	9658214	9662269	-	ORUFI01G12960
wild	OR_W1943	1	9658232	9658555	+	ORUFI01G12970
wild	OR_W1943	1	9663328	9667358	+	ORUFI01G12980
wild	OR_W1943	1	9668636	9669998	-	ORUFI01G12990
wild	OR_W1943	1	9672068	9675092	-	ORUFI01G13000
wild	OR_W1943	1	9678540	9679262	+	ORUFI01G13010
wild	OR_W1943	1	9692519	9693439	+	ORUFI01G13020
wild	OR_W1943	1	9696149	9696490	-	ORUFI01G13030
wild	OR_W1943	1	9713951	9714606	-	ORUFI01G13040
wild	OR_W1943	1	9737358	9737654	-	ORUFI01G13050
wild	OR_W1943	1	9774035	9782716	+	ORUFI01G13060
wild	OR_W1943	1	9792459	9795056	-	ORUFI01G13070
wild	OR_W1943	1	9796504	9804666	-	ORUFI01G13080
wild	OR_W1943	1	9808931	9813535	+	ORUFI01G13090
wild	OR_W1943	1	9815094	9816882	+	ORUFI01G13100
wild	OR_W1943	1	9815810	9821370	-	ORUFI01G13110
wild	OR_W1943	1	9821447	9823480	-	ORUFI01G13120
wild	OR_W1943	1	9849735	9851581	-	ORUFI01G13130
wild	OR_W1943	1	9852333	9853005	+	ORUFI01G13140
wild	OR_W1943	1	9861173	9864983	-	ORUFI01G13150
wild	OR_W1943	1	9871554	9873437	-	ORUFI01G13160
wild	OR_W1943	1	9874903	9876932	-	ORUFI01G13170
wild	OR_W1943	1	9894010	9894799	+	ORUFI01G13180
wild	OR_W1943	1	9919687	9924546	+	ORUFI01G13190
wild	OR_W1943	1	9925335	9927485	-	ORUFI01G13200
wild	OR_W1943	1	9936171	9937260	-	ORUFI01G13210
wild	OR_W1943	1	9938088	9939867	+	ORUFI01G13220
wild	OR_W1943	1	9944832	9951563	+	ORUFI01G13230
wild	OR_W1943	1	9952604	9954995	-	ORUFI01G13240
wild	OR_W1943	1	9959854	9961289	-	ORUFI01G13250
wild	OR_W1943	1	9970694	9973608	+	ORUFI01G13260
wild	OR_W1943	1	9974307	9994893	-	ORUFI01G13270
wild	OR_W1943	1	9995552	9996922	-	ORUFI01G13280
wild	OR_W1943	1	10028341	10031158	-	ORUFI01G13300
wild	OR_W1943	1	10032533	10034585	-	ORUFI01G13310
wild	OR_W1943	1	10039823	10044492	-	ORUFI01G13320
wild	OR_W1943	1	10045514	10048575	-	ORUFI01G13330
wild	OR_W1943	1	10048500	10053465	+	ORUFI01G13340
wild	OR_W1943	1	10048702	10053701	-	ORUFI01G13350
wild	OR_W1943	1	10055948	10058144	+	ORUFI01G13360
wild	OR_W1943	1	10084313	10087163	+	ORUFI01G13370
wild	OR_W1943	1	10090187	10094259	+	ORUFI01G13380
wild	OR_W1943	1	10093944	10105221	-	ORUFI01G13390
wild	OR_W1943	1	10102081	10104279	+	ORUFI01G13400
wild	OR_W1943	1	10105516	10107369	+	ORUFI01G13410
wild	OR_W1943	1	10109012	10110274	-	ORUFI01G13420
wild	OR_W1943	1	10120435	10124227	+	ORUFI01G13430
wild	OR_W1943	1	10132992	10133186	+	ORUFI01G13440
wild	OR_W1943	1	10139803	10141240	+	ORUFI01G13450
wild	OR_W1943	1	10143147	10144028	+	ORUFI01G13460
wild	OR_W1943	1	10148424	10154975	-	ORUFI01G13470
wild	OR_W1943	1	10157203	10160602	-	ORUFI01G13480
wild	OR_W1943	1	10170265	10170552	-	ORUFI01G13490
wild	OR_W1943	1	10174252	10176251	+	ORUFI01G13500
wild	OR_W1943	1	10178582	10182408	-	ORUFI01G13510
wild	OR_W1943	1	10186130	10189293	+	ORUFI01G13520
wild	OR_W1943	1	10190206	10193176	-	ORUFI01G13530
wild	OR_W1943	1	10195748	10198398	-	ORUFI01G13540
wild	OR_W1943	1	10200467	10201072	-	ORUFI01G13550
wild	OR_W1943	1	10207085	10208786	+	ORUFI01G13560
wild	OR_W1943	1	10209298	10213719	-	ORUFI01G13570
wild	OR_W1943	1	10221939	10227141	+	ORUFI01G13580
wild	OR_W1943	1	10235283	10248279	-	ORUFI01G13590
wild	OR_W1943	1	10268195	10273685	+	ORUFI01G13600
wild	OR_W1943	1	10274785	10281136	-	ORUFI01G13610
wild	OR_W1943	1	10280260	10281305	+	ORUFI01G13620
wild	OR_W1943	1	10283783	10284221	-	ORUFI01G13630
wild	OR_W1943	1	10286510	10291061	-	ORUFI01G13640
wild	OR_W1943	1	10295961	10297063	-	ORUFI01G13650
wild	OR_W1943	1	10297076	10301546	-	ORUFI01G13660
wild	OR_W1943	1	10302052	10302745	+	ORUFI01G13670
wild	OR_W1943	1	10302334	10302729	-	ORUFI01G13680
wild	OR_W1943	1	10305714	10318318	-	ORUFI01G13690
wild	OR_W1943	1	10318420	10321764	-	ORUFI01G13700
wild	OR_W1943	1	10331770	10333476	+	ORUFI01G13710
wild	OR_W1943	1	10356949	10357416	+	ORUFI01G13720
wild	OR_W1943	1	10368551	10376045	+	ORUFI01G13730
wild	OR_W1943	1	10399364	10399865	-	ORUFI01G13740
wild	OR_W1943	1	10403314	10403688	-	ORUFI01G13750
wild	OR_W1943	1	10409090	10410043	+	ORUFI01G13760
wild	OR_W1943	1	10412524	10421924	+	ORUFI01G13770
wild	OR_W1943	1	10422529	10424078	-	ORUFI01G13780
wild	OR_W1943	1	10432551	10435138	-	ORUFI01G13790
wild	OR_W1943	1	10445384	10447181	+	ORUFI01G13800
wild	OR_W1943	1	10447316	10447611	-	ORUFI01G13810
wild	OR_W1943	1	10450133	10451242	-	ORUFI01G13820
wild	OR_W1943	1	10453921	10466422	-	ORUFI01G13830
wild	OR_W1943	1	10454348	10455568	+	ORUFI01G13840
wild	OR_W1943	1	10472389	10478341	+	ORUFI01G13850
wild	OR_W1943	1	10483677	10484171	+	ORUFI01G13860
wild	OR_W1943	1	10494678	10495345	-	ORUFI01G13870
wild	OR_W1943	1	10495914	10496444	+	ORUFI01G13880
wild	OR_W1943	1	10504987	10509181	+	ORUFI01G13890
wild	OR_W1943	1	10510470	10511381	-	ORUFI01G13900
wild	OR_W1943	1	10511380	10513840	+	ORUFI01G13910
wild	OR_W1943	1	10542618	10548735	+	ORUFI01G13920
wild	OR_W1943	1	10556646	10557447	-	ORUFI01G13930
wild	OR_W1943	1	10559128	10559376	-	ORUFI01G13940
wild	OR_W1943	1	10560939	10561969	-	ORUFI01G13950
wild	OR_W1943	1	10571098	10571835	+	ORUFI01G13960
wild	OR_W1943	1	10600944	10601297	+	ORUFI01G13970
wild	OR_W1943	1	10603258	10612658	+	ORUFI01G13980
wild	OR_W1943	1	10618002	10622034	-	ORUFI01G13990
wild	OR_W1943	1	10641023	10645011	-	ORUFI01G14000
wild	OR_W1943	1	10676160	10680883	-	ORUFI01G14010
wild	OR_W1943	1	10682413	10683049	-	ORUFI01G14020
wild	OR_W1943	1	10685882	10686088	-	ORUFI01G14030
wild	OR_W1943	1	10689789	10690815	-	ORUFI01G14040
wild	OR_W1943	1	10699791	10700526	+	ORUFI01G14050
wild	OR_W1943	1	10702094	10706066	+	ORUFI01G14060
wild	OR_W1943	1	10710620	10714612	+	ORUFI01G14070
wild	OR_W1943	1	10729209	10729721	-	ORUFI01G14080
wild	OR_W1943	1	10740838	10741495	+	ORUFI01G14090
wild	OR_W1943	1	10754573	10755446	-	ORUFI01G14100
wild	OR_W1943	1	10764588	10764839	-	ORUFI01G14110
wild	OR_W1943	1	10765041	10765585	-	ORUFI01G14120
wild	OR_W1943	1	10769010	10769697	-	ORUFI01G14130
wild	OR_W1943	1	10772973	10796589	-	ORUFI01G14140
wild	OR_W1943	1	10781995	10786169	+	ORUFI01G14150
wild	OR_W1943	1	10790991	10795597	+	ORUFI01G14160
wild	OR_W1943	1	10798333	10809851	-	ORUFI01G14170
wild	OR_W1943	1	10821861	10822208	+	ORUFI01G14180
wild	OR_W1943	1	10829372	10834129	+	ORUFI01G14190
wild	OR_W1943	1	10837176	10838581	+	ORUFI01G14200
wild	OR_W1943	1	10846563	10858905	+	ORUFI01G14210
wild	OR_W1943	1	10859749	10864612	+	ORUFI01G14220
wild	OR_W1943	1	10867197	10873381	+	ORUFI01G14230
wild	OR_W1943	1	10877472	10878512	-	ORUFI01G14240
wild	OR_W1943	1	10884846	10885127	+	ORUFI01G14250
wild	OR_W1943	1	10887495	10888881	+	ORUFI01G14260
wild	OR_W1943	1	10889497	10891600	-	ORUFI01G14270
wild	OR_W1943	1	10904979	10905535	+	ORUFI01G14280
wild	OR_W1943	1	10908516	10918096	+	ORUFI01G14290
wild	OR_W1943	1	10919955	10920527	-	ORUFI01G14300
wild	OR_W1943	1	10920902	10922215	+	ORUFI01G14310
wild	OR_W1943	1	10922740	10927260	-	ORUFI01G14320
wild	OR_W1943	1	10927982	10930517	+	ORUFI01G14330
wild	OR_W1943	1	10944862	10947782	+	ORUFI01G14340
wild	OR_W1943	1	10949704	10950948	+	ORUFI01G14350
wild	OR_W1943	1	10958587	10959042	+	ORUFI01G14360
wild	OR_W1943	1	10959589	10960035	-	ORUFI01G14370
wild	OR_W1943	1	10965498	10966539	-	ORUFI01G14380
wild	OR_W1943	1	10966594	10974096	-	ORUFI01G14390
wild	OR_W1943	1	10977754	10980929	-	ORUFI01G14400
wild	OR_W1943	1	11018873	11022668	+	ORUFI01G14410
wild	OR_W1943	1	11027240	11027652	-	ORUFI01G14420
wild	OR_W1943	1	11038664	11039822	-	ORUFI01G14430
wild	OR_W1943	1	11040183	11042003	+	ORUFI01G14440
wild	OR_W1943	1	11067981	11069225	-	ORUFI01G14450
wild	OR_W1943	1	11076537	11078384	-	ORUFI01G14460
wild	OR_W1943	1	11080081	11087719	+	ORUFI01G14470
wild	OR_W1943	1	11093565	11095072	+	ORUFI01G14480
wild	OR_W1943	1	11096948	11105165	+	ORUFI01G14490
wild	OR_W1943	1	11136213	11137669	+	ORUFI01G14500
wild	OR_W1943	1	11167296	11168285	+	ORUFI01G14510
wild	OR_W1943	1	11171943	11172411	-	ORUFI01G14520
wild	OR_W1943	1	11174200	11174583	+	ORUFI01G14530
wild	OR_W1943	1	11191124	11192767	+	ORUFI01G14540
wild	OR_W1943	1	11206611	11210820	+	ORUFI01G14550
wild	OR_W1943	1	11207397	11222348	-	ORUFI01G14560
wild	OR_W1943	1	11217461	11223620	+	ORUFI01G14570
wild	OR_W1943	1	11226619	11227274	+	ORUFI01G14580
wild	OR_W1943	1	11229758	11233289	-	ORUFI01G14590
wild	OR_W1943	1	11249117	11250066	+	ORUFI01G14600
wild	OR_W1943	1	11251787	11252377	-	ORUFI01G14610
wild	OR_W1943	1	11253084	11255280	+	ORUFI01G14620
wild	OR_W1943	1	11255304	11255900	+	ORUFI01G14630
wild	OR_W1943	1	11256410	11257792	-	ORUFI01G14640
wild	OR_W1943	1	11262463	11262773	-	ORUFI01G14650
wild	OR_W1943	1	11273899	11281631	+	ORUFI01G14660
wild	OR_W1943	1	11281737	11282188	+	ORUFI01G14670
wild	OR_W1943	1	11289987	11291957	-	ORUFI01G14680
wild	OR_W1943	1	11296888	11297352	-	ORUFI01G14690
wild	OR_W1943	1	11298906	11299247	-	ORUFI01G14700
wild	OR_W1943	1	11302940	11303860	+	ORUFI01G14710
wild	OR_W1943	1	11314288	11318164	+	ORUFI01G14720
wild	OR_W1943	1	11319708	11329410	-	ORUFI01G14730
wild	OR_W1943	1	11324997	11325391	+	ORUFI01G14740
wild	OR_W1943	1	11326358	11330953	+	ORUFI01G14750
wild	OR_W1943	1	11329446	11341950	-	ORUFI01G14760
wild	OR_W1943	1	11342973	11343484	-	ORUFI01G14770
wild	OR_W1943	1	11344490	11348893	-	ORUFI01G14780
wild	OR_W1943	1	11350725	11355072	+	ORUFI01G14790
wild	OR_W1943	1	11355976	11356341	-	ORUFI01G14800
wild	OR_W1943	1	11365775	11366155	-	ORUFI01G14810
wild	OR_W1943	1	11375995	11376782	-	ORUFI01G14820
wild	OR_W1943	1	11377956	11378402	-	ORUFI01G14830
wild	OR_W1943	1	11382394	11383772	-	ORUFI01G14840
wild	OR_W1943	1	11384815	11385114	-	ORUFI01G14850
wild	OR_W1943	1	11388515	11394326	-	ORUFI01G14860
wild	OR_W1943	1	11401396	11401884	+	ORUFI01G14870
wild	OR_W1943	1	11409449	11417006	-	ORUFI01G14880
wild	OR_W1943	1	11410395	11415687	+	ORUFI01G14890
wild	OR_W1943	1	11417014	11421128	-	ORUFI01G14900
wild	OR_W1943	1	11423671	11424106	-	ORUFI01G14910
wild	OR_W1943	1	11424380	11435527	-	ORUFI01G14920
wild	OR_W1943	1	11428382	11435354	+	ORUFI01G14930
wild	OR_W1943	1	11435981	11436400	-	ORUFI01G14940
wild	OR_W1943	1	11438034	11448033	-	ORUFI01G14950
wild	OR_W1943	1	11448163	11449347	-	ORUFI01G14960
wild	OR_W1943	1	11460327	11463602	+	ORUFI01G14970
wild	OR_W1943	1	11475447	11476220	+	ORUFI01G14980
wild	OR_W1943	1	11479408	11483576	-	ORUFI01G14990
wild	OR_W1943	1	11484512	11490260	+	ORUFI01G15000
wild	OR_W1943	1	11490331	11490655	-	ORUFI01G15010
wild	OR_W1943	1	11502819	11504845	+	ORUFI01G15020
wild	OR_W1943	1	11569806	11570111	-	ORUFI01G15050
wild	OR_W1943	1	11576488	11586834	+	ORUFI01G15060
wild	OR_W1943	1	11576512	11597242	-	ORUFI01G15070
wild	OR_W1943	1	11630320	11630670	-	ORUFI01G15110
wild	OR_W1943	1	11631036	11642273	-	ORUFI01G15120
wild	OR_W1943	1	11653146	11653899	-	ORUFI01G15130
wild	OR_W1943	1	11658676	11659134	+	ORUFI01G15140
wild	OR_W1943	1	11661486	11662766	-	ORUFI01G15150
wild	OR_W1943	1	11672721	11677668	-	ORUFI01G15160
wild	OR_W1943	1	11683252	11683719	-	ORUFI01G15170
wild	OR_W1943	1	11684002	11687541	+	ORUFI01G15180
wild	OR_W1943	1	11687911	11691873	+	ORUFI01G15190
wild	OR_W1943	1	11692615	11695683	-	ORUFI01G15200
wild	OR_W1943	1	11698331	11698510	+	ORUFI01G15210
wild	OR_W1943	1	11702137	11710104	-	ORUFI01G15220
wild	OR_W1943	1	11703239	11703469	+	ORUFI01G15230
wild	OR_W1943	1	11714760	11720108	-	ORUFI01G15240
wild	OR_W1943	1	11738450	11741212	+	ORUFI01G15250
wild	OR_W1943	1	11741938	11746200	-	ORUFI01G15260
wild	OR_W1943	1	11754019	11760343	+	ORUFI01G15270
wild	OR_W1943	1	11763227	11766608	+	ORUFI01G15280
wild	OR_W1943	1	11768509	11768901	-	ORUFI01G15290
wild	OR_W1943	1	11771068	11774407	+	ORUFI01G15300
wild	OR_W1943	1	11774616	11775778	-	ORUFI01G15310
wild	OR_W1943	1	11775920	11782633	-	ORUFI01G15320
wild	OR_W1943	1	11780782	11781908	+	ORUFI01G15330
wild	OR_W1943	1	11785617	11788827	+	ORUFI01G15340
wild	OR_W1943	1	11796818	11798058	+	ORUFI01G15360
wild	OR_W1943	1	11805606	11808686	-	ORUFI01G15370
wild	OR_W1943	1	11809555	11814995	+	ORUFI01G15380
wild	OR_W1943	1	11810260	11838503	-	ORUFI01G15390
wild	OR_W1943	1	11846338	11851275	+	ORUFI01G15400
wild	OR_W1943	1	11856312	11857043	-	ORUFI01G15410
wild	OR_W1943	1	11861482	11866429	+	ORUFI01G15420
wild	OR_W1943	1	11866750	11876694	-	ORUFI01G15430
wild	OR_W1943	1	11887401	11901772	+	ORUFI01G15440
wild	OR_W1943	1	11901749	11905214	-	ORUFI01G15450
wild	OR_W1943	1	11907958	11910838	-	ORUFI01G15460
wild	OR_W1943	1	11918532	11919059	-	ORUFI01G15470
wild	OR_W1943	1	11944215	11946411	+	ORUFI01G15480
wild	OR_W1943	1	11953132	11953974	-	ORUFI01G15490
wild	OR_W1943	1	11960215	11965023	-	ORUFI01G15500
wild	OR_W1943	1	12076905	12077114	+	ORUFI01G15510
wild	OR_W1943	1	12090723	12093366	-	ORUFI01G15520
wild	OR_W1943	1	12095488	12095856	+	ORUFI01G15530
wild	OR_W1943	1	12095858	12098346	+	ORUFI01G15540
wild	OR_W1943	1	12099468	12102067	-	ORUFI01G15550
wild	OR_W1943	1	12102352	12102941	+	ORUFI01G15560
wild	OR_W1943	1	12106025	12113080	-	ORUFI01G15570
wild	OR_W1943	1	12106523	12107290	+	ORUFI01G15580
wild	OR_W1943	1	12111529	12112965	+	ORUFI01G15590
wild	OR_W1943	1	12113404	12113680	+	ORUFI01G15600
wild	OR_W1943	1	12120413	12127565	-	ORUFI01G15610
wild	OR_W1943	1	12129489	12130771	-	ORUFI01G15620
wild	OR_W1943	1	12157458	12158688	+	ORUFI01G15630
wild	OR_W1943	1	12170213	12177033	+	ORUFI01G15640
wild	OR_W1943	1	12194264	12204521	+	ORUFI01G15650
wild	OR_W1943	1	12203054	12219076	-	ORUFI01G15660
wild	OR_W1943	1	12220710	12228078	-	ORUFI01G15670
wild	OR_W1943	1	12221975	12222590	+	ORUFI01G15680
wild	OR_W1943	1	12229539	12239274	+	ORUFI01G15690
wild	OR_W1943	1	12243103	12245643	+	ORUFI01G15700
wild	OR_W1943	1	12248327	12252063	+	ORUFI01G15710
wild	OR_W1943	1	12253193	12262397	+	ORUFI01G15720
wild	OR_W1943	1	12267029	12268049	+	ORUFI01G15730
wild	OR_W1943	1	12276558	12280554	-	ORUFI01G15740
wild	OR_W1943	1	12298249	12298695	-	ORUFI01G15750
wild	OR_W1943	1	12300321	12300680	+	ORUFI01G15760
wild	OR_W1943	1	12301020	12303515	-	ORUFI01G15770
wild	OR_W1943	1	12303610	12304044	-	ORUFI01G15780
wild	OR_W1943	1	12304208	12318126	-	ORUFI01G15790
wild	OR_W1943	1	12304278	12306766	+	ORUFI01G15800
wild	OR_W1943	1	12311727	12315764	+	ORUFI01G15810
wild	OR_W1943	1	12318270	12319490	+	ORUFI01G15820
wild	OR_W1943	1	12322354	12323577	+	ORUFI01G15830
wild	OR_W1943	1	12325063	12326347	+	ORUFI01G15840
wild	OR_W1943	1	12332006	12332467	+	ORUFI01G15850
wild	OR_W1943	1	12332552	12333051	+	ORUFI01G15860
wild	OR_W1943	1	12333227	12336832	-	ORUFI01G15870
wild	OR_W1943	1	12348366	12350605	-	ORUFI01G15880
wild	OR_W1943	1	12354887	12355732	-	ORUFI01G15890
wild	OR_W1943	1	12381240	12401225	-	ORUFI01G15910
wild	OR_W1943	1	12384182	12386722	+	ORUFI01G15920
wild	OR_W1943	1	12405983	12406837	+	ORUFI01G15930
wild	OR_W1943	1	12407540	12408598	-	ORUFI01G15940
wild	OR_W1943	1	12416461	12420535	+	ORUFI01G15950
wild	OR_W1943	1	12423051	12424041	+	ORUFI01G15970
wild	OR_W1943	1	12445594	12461854	+	ORUFI01G15990
wild	OR_W1943	1	12461273	12461548	-	ORUFI01G16000
wild	OR_W1943	1	12470240	12480637	+	ORUFI01G16010
wild	OR_W1943	1	12478772	12484449	-	ORUFI01G16020
wild	OR_W1943	1	12492484	12494643	+	ORUFI01G16030
wild	OR_W1943	1	12502971	12509581	+	ORUFI01G16040
wild	OR_W1943	1	12513428	12519515	+	ORUFI01G16050
wild	OR_W1943	1	12523040	12526148	+	ORUFI01G16060
wild	OR_W1943	1	12530517	12534210	+	ORUFI01G16070
wild	OR_W1943	1	12534963	12537744	-	ORUFI01G16080
wild	OR_W1943	1	12545036	12547153	+	ORUFI01G16090
wild	OR_W1943	1	12598651	12601208	-	ORUFI01G16100
wild	OR_W1943	1	12608313	12610478	+	ORUFI01G16110
wild	OR_W1943	1	12623059	12624712	-	ORUFI01G16120
wild	OR_W1943	1	12633824	12635011	+	ORUFI01G16130
wild	OR_W1943	1	12648977	12650109	+	ORUFI01G16140
wild	OR_W1943	1	12719707	12721716	+	ORUFI01G16150
wild	OR_W1943	1	12724163	12725388	+	ORUFI01G16160
wild	OR_W1943	1	12727570	12728823	+	ORUFI01G16170
wild	OR_W1943	1	12727978	12728508	-	ORUFI01G16180
wild	OR_W1943	1	12733678	12733995	-	ORUFI01G16190
wild	OR_W1943	1	12737176	12738510	+	ORUFI01G16200
wild	OR_W1943	1	12743454	12750975	+	ORUFI01G16210
wild	OR_W1943	1	12749001	12753336	-	ORUFI01G16220
wild	OR_W1943	1	12756627	12758349	-	ORUFI01G16230
wild	OR_W1943	1	12759762	12760420	+	ORUFI01G16240
wild	OR_W1943	1	12763609	12766493	+	ORUFI01G16250
wild	OR_W1943	1	12776856	12778028	+	ORUFI01G16260
wild	OR_W1943	1	12786302	12787340	-	ORUFI01G16270
wild	OR_W1943	1	12788367	12789482	+	ORUFI01G16280
wild	OR_W1943	1	12802554	12802769	-	ORUFI01G16290
wild	OR_W1943	1	12804298	12810317	+	ORUFI01G16300
wild	OR_W1943	1	12813318	12815353	+	ORUFI01G16310
wild	OR_W1943	1	12816853	12822277	-	ORUFI01G16320
wild	OR_W1943	1	12831002	12831211	-	ORUFI01G16330
wild	OR_W1943	1	12832610	12832930	+	ORUFI01G16340
wild	OR_W1943	1	12835336	12836355	+	ORUFI01G16350
wild	OR_W1943	1	12838408	12842808	-	ORUFI01G16360
wild	OR_W1943	1	12850341	12851441	+	ORUFI01G16370
wild	OR_W1943	1	12852000	12852733	-	ORUFI01G16380
wild	OR_W1943	1	12856749	12860157	+	ORUFI01G16390
wild	OR_W1943	1	12874888	12876255	+	ORUFI01G16400
wild	OR_W1943	1	12894890	12896464	+	ORUFI01G16410
wild	OR_W1943	1	12896811	12899051	-	ORUFI01G16420
wild	OR_W1943	1	12906274	12906774	+	ORUFI01G16430
wild	OR_W1943	1	12907780	12909755	-	ORUFI01G16440
wild	OR_W1943	1	12935135	12943111	+	ORUFI01G16450
wild	OR_W1943	1	12959083	12965349	+	ORUFI01G16460
wild	OR_W1943	1	12972321	12983104	+	ORUFI01G16470
wild	OR_W1943	1	12984035	12986437	+	ORUFI01G16480
wild	OR_W1943	1	12999652	13000279	-	ORUFI01G16490
wild	OR_W1943	1	13013142	13014167	+	ORUFI01G16500
wild	OR_W1943	1	13017035	13025756	-	ORUFI01G16510
wild	OR_W1943	1	13034504	13034790	+	ORUFI01G16520
wild	OR_W1943	1	13036710	13038269	+	ORUFI01G16530
wild	OR_W1943	1	13039198	13043899	+	ORUFI01G16540
wild	OR_W1943	1	13046966	13047460	+	ORUFI01G16550
wild	OR_W1943	1	13048355	13048582	+	ORUFI01G16560
wild	OR_W1943	1	13051021	13053282	+	ORUFI01G16570
wild	OR_W1943	1	13067537	13069113	+	ORUFI01G16580
wild	OR_W1943	1	13072525	13073590	+	ORUFI01G16590
wild	OR_W1943	1	13077291	13077522	+	ORUFI01G16600
wild	OR_W1943	1	13079368	13089901	-	ORUFI01G16610
wild	OR_W1943	1	13082393	13084206	+	ORUFI01G16620
wild	OR_W1943	1	13092858	13103470	+	ORUFI01G16630
wild	OR_W1943	1	13105379	13106617	-	ORUFI01G16640
wild	OR_W1943	1	13113284	13114321	+	ORUFI01G16650
wild	OR_W1943	1	13116416	13120259	-	ORUFI01G16660
wild	OR_W1943	1	13121019	13142457	-	ORUFI01G16670
wild	OR_W1943	1	13142822	13161003	-	ORUFI01G16680
wild	OR_W1943	1	13168895	13169467	-	ORUFI01G16690
wild	OR_W1943	1	13175900	13180766	-	ORUFI01G16700
wild	OR_W1943	1	13182509	13183246	-	ORUFI01G16710
wild	OR_W1943	1	13197842	13214425	+	ORUFI01G16720
wild	OR_W1943	1	13219675	13222781	-	ORUFI01G16730
wild	OR_W1943	1	13227365	13244929	+	ORUFI01G16740
wild	OR_W1943	1	13227686	13228069	-	ORUFI01G16750
wild	OR_W1943	1	13245151	13245899	+	ORUFI01G16760
wild	OR_W1943	1	13253550	13259213	+	ORUFI01G16770
wild	OR_W1943	1	13253996	13263376	-	ORUFI01G16780
wild	OR_W1943	1	13263561	13270278	-	ORUFI01G16790
wild	OR_W1943	1	13266798	13269355	+	ORUFI01G16800
wild	OR_W1943	1	13280090	13286165	-	ORUFI01G16810
wild	OR_W1943	1	13286365	13288513	+	ORUFI01G16820
wild	OR_W1943	1	13290457	13292874	+	ORUFI01G16830
wild	OR_W1943	1	13301232	13304551	-	ORUFI01G16840
wild	OR_W1943	1	13319817	13326314	+	ORUFI01G16850
wild	OR_W1943	1	13350637	13350954	-	ORUFI01G16860
wild	OR_W1943	1	13382245	13386165	-	ORUFI01G16880
wild	OR_W1943	1	13391336	13394834	-	ORUFI01G16890
wild	OR_W1943	1	13395956	13397071	-	ORUFI01G16900
wild	OR_W1943	1	13402135	13408163	-	ORUFI01G16910
wild	OR_W1943	1	13446989	13450101	-	ORUFI01G16920
wild	OR_W1943	1	13463798	13466848	-	ORUFI01G16930
wild	OR_W1943	1	13466322	13466783	+	ORUFI01G16940
wild	OR_W1943	1	13470276	13472308	-	ORUFI01G16950
wild	OR_W1943	1	13490833	13523443	-	ORUFI01G16960
wild	OR_W1943	1	13508525	13509213	+	ORUFI01G16970
wild	OR_W1943	1	13511246	13514739	+	ORUFI01G16980
wild	OR_W1943	1	13518865	13519605	+	ORUFI01G16990
wild	OR_W1943	1	13526542	13526826	+	ORUFI01G17000
wild	OR_W1943	1	13546818	13547180	+	ORUFI01G17010
wild	OR_W1943	1	13570675	13575189	+	ORUFI01G17020
wild	OR_W1943	1	13576108	13581692	+	ORUFI01G17030
wild	OR_W1943	1	13580316	13581652	-	ORUFI01G17040
wild	OR_W1943	1	13585340	13585735	+	ORUFI01G17050
wild	OR_W1943	1	13586936	13599416	+	ORUFI01G17060
wild	OR_W1943	1	13601290	13605528	+	ORUFI01G17070
wild	OR_W1943	1	13633927	13651301	-	ORUFI01G17080
wild	OR_W1943	1	13652525	13652710	-	ORUFI01G17090
wild	OR_W1943	1	13655317	13656231	+	ORUFI01G17100
wild	OR_W1943	1	13665635	13671847	+	ORUFI01G17110
wild	OR_W1943	1	13673660	13675926	+	ORUFI01G17120
wild	OR_W1943	1	13676603	13688356	-	ORUFI01G17130
wild	OR_W1943	1	13697529	13700583	+	ORUFI01G17140
wild	OR_W1943	1	13714952	13716881	+	ORUFI01G17150
wild	OR_W1943	1	13720218	13723329	-	ORUFI01G17160
wild	OR_W1943	1	13724520	13725550	-	ORUFI01G17170
wild	OR_W1943	1	13728367	13732117	+	ORUFI01G17180
wild	OR_W1943	1	13736908	13740658	+	ORUFI01G17190
wild	OR_W1943	1	13751423	13752217	+	ORUFI01G17200
wild	OR_W1943	1	13759978	13760154	-	ORUFI01G17210
wild	OR_W1943	1	13761513	13766038	-	ORUFI01G17220
wild	OR_W1943	1	13769691	13776007	-	ORUFI01G17230
wild	OR_W1943	1	13777299	13777565	+	ORUFI01G17240
wild	OR_W1943	1	13780825	13781103	-	ORUFI01G17250
wild	OR_W1943	1	13783745	13787754	-	ORUFI01G17260
wild	OR_W1943	1	13804392	13811786	+	ORUFI01G17270
wild	OR_W1943	1	13818253	13825333	-	ORUFI01G17280
wild	OR_W1943	1	13827609	13828847	+	ORUFI01G17290
wild	OR_W1943	1	13829189	13839666	+	ORUFI01G17300
wild	OR_W1943	1	13841800	13843861	-	ORUFI01G17310
wild	OR_W1943	1	13845541	13845852	+	ORUFI01G17320
wild	OR_W1943	1	13851848	13860074	-	ORUFI01G17330
wild	OR_W1943	1	13866444	13874532	+	ORUFI01G17340
wild	OR_W1943	1	13872873	13877442	-	ORUFI01G17350
wild	OR_W1943	1	13878715	13879203	-	ORUFI01G17360
wild	OR_W1943	1	13880743	13881756	+	ORUFI01G17370
wild	OR_W1943	1	13881840	13885971	+	ORUFI01G17380
wild	OR_W1943	1	13888394	13890184	+	ORUFI01G17390
wild	OR_W1943	1	13890508	13891695	-	ORUFI01G17400
wild	OR_W1943	1	13902976	13905198	-	ORUFI01G17410
wild	OR_W1943	1	13910184	13912433	-	ORUFI01G17420
wild	OR_W1943	1	13932068	13932961	-	ORUFI01G17430
wild	OR_W1943	1	13937862	13939710	+	ORUFI01G17440
wild	OR_W1943	1	13946264	13948269	-	ORUFI01G17450
wild	OR_W1943	1	13951730	13953472	+	ORUFI01G17460
wild	OR_W1943	1	13956272	13976620	+	ORUFI01G17470
wild	OR_W1943	1	13973683	13974216	-	ORUFI01G17480
wild	OR_W1943	1	13978827	13979954	-	ORUFI01G17490
wild	OR_W1943	1	13985395	13988853	-	ORUFI01G17500
wild	OR_W1943	1	13995681	13998213	-	ORUFI01G17510
wild	OR_W1943	1	14002783	14004930	+	ORUFI01G17520
wild	OR_W1943	1	14015461	14015649	-	ORUFI01G17530
wild	OR_W1943	1	14022783	14024155	+	ORUFI01G17540
wild	OR_W1943	1	14029169	14031376	-	ORUFI01G17550
wild	OR_W1943	1	14048688	14050359	-	ORUFI01G17560
wild	OR_W1943	1	14051000	14052118	-	ORUFI01G17570
wild	OR_W1943	1	14055348	14057835	+	ORUFI01G17580
wild	OR_W1943	1	14058982	14059599	+	ORUFI01G17590
wild	OR_W1943	1	14063631	14067796	+	ORUFI01G17600
wild	OR_W1943	1	14072440	14076758	-	ORUFI01G17610
wild	OR_W1943	1	14084784	14087807	-	ORUFI01G17620
wild	OR_W1943	1	14087939	14088508	-	ORUFI01G17630
wild	OR_W1943	1	14090064	14121407	+	ORUFI01G17640
wild	OR_W1943	1	14133436	14134650	+	ORUFI01G17650
wild	OR_W1943	1	14138126	14139652	-	ORUFI01G17660
wild	OR_W1943	1	14164093	14164425	+	ORUFI01G17670
wild	OR_W1943	1	14170386	14174801	-	ORUFI01G17680
wild	OR_W1943	1	14176381	14176797	+	ORUFI01G17690
wild	OR_W1943	1	14178694	14180320	-	ORUFI01G17700
wild	OR_W1943	1	14207206	14212921	-	ORUFI01G17710
wild	OR_W1943	1	14223027	14223347	-	ORUFI01G17720
wild	OR_W1943	1	14227377	14232273	+	ORUFI01G17730
wild	OR_W1943	1	14232614	14233771	+	ORUFI01G17740
wild	OR_W1943	1	14253080	14256766	-	ORUFI01G17750
wild	OR_W1943	1	14271321	14272118	+	ORUFI01G17760
wild	OR_W1943	1	14305055	14306752	-	ORUFI01G17770
wild	OR_W1943	1	14335663	14339472	+	ORUFI01G17780
wild	OR_W1943	1	14340240	14341307	+	ORUFI01G17790
wild	OR_W1943	1	14360124	14360918	+	ORUFI01G17800
wild	OR_W1943	1	14380834	14381690	+	ORUFI01G17810
wild	OR_W1943	1	14388056	14388873	-	ORUFI01G17820
wild	OR_W1943	1	14391319	14392788	-	ORUFI01G17830
wild	OR_W1943	1	14396074	14399757	+	ORUFI01G17840
wild	OR_W1943	1	14412529	14412850	-	ORUFI01G17860
wild	OR_W1943	1	14414634	14414855	+	ORUFI01G17870
wild	OR_W1943	1	14414875	14416718	-	ORUFI01G17880
wild	OR_W1943	1	14415116	14415400	+	ORUFI01G17890
wild	OR_W1943	1	14438569	14441891	+	ORUFI01G17900
wild	OR_W1943	1	14445712	14446766	-	ORUFI01G17910
wild	OR_W1943	1	14446384	14446593	+	ORUFI01G17920
wild	OR_W1943	1	14459874	14460368	+	ORUFI01G17930
wild	OR_W1943	1	14472708	14476939	+	ORUFI01G17940
wild	OR_W1943	1	14482876	14483379	-	ORUFI01G17950
wild	OR_W1943	1	14489841	14490554	-	ORUFI01G17960
wild	OR_W1943	1	14490692	14491147	-	ORUFI01G17970
wild	OR_W1943	1	14491975	14493180	+	ORUFI01G17980
wild	OR_W1943	1	14494096	14495407	-	ORUFI01G17990
wild	OR_W1943	1	14497583	14502840	+	ORUFI01G18000
wild	OR_W1943	1	14513350	14514090	-	ORUFI01G18010
wild	OR_W1943	1	14516607	14519749	+	ORUFI01G18020
wild	OR_W1943	1	14519933	14520451	+	ORUFI01G18030
wild	OR_W1943	1	14520787	14522105	+	ORUFI01G18040
wild	OR_W1943	1	14523375	14525736	-	ORUFI01G18050
wild	OR_W1943	1	14527849	14529226	+	ORUFI01G18060
wild	OR_W1943	1	14546304	14546687	+	ORUFI01G18070
wild	OR_W1943	1	14552687	14553163	+	ORUFI01G18080
wild	OR_W1943	1	14557503	14557763	+	ORUFI01G18090
wild	OR_W1943	1	14557787	14558164	+	ORUFI01G18100
wild	OR_W1943	1	14568472	14580044	+	ORUFI01G18110
wild	OR_W1943	1	14582168	14589644	+	ORUFI01G18120
wild	OR_W1943	1	14601085	14601854	-	ORUFI01G18130
wild	OR_W1943	1	14607825	14609747	+	ORUFI01G18140
wild	OR_W1943	1	14638040	14638651	-	ORUFI01G18150
wild	OR_W1943	1	14646383	14646736	+	ORUFI01G18160
wild	OR_W1943	1	14652299	14655027	-	ORUFI01G18170
wild	OR_W1943	1	14661239	14662123	-	ORUFI01G18180
wild	OR_W1943	1	14667596	14669655	-	ORUFI01G18190
wild	OR_W1943	1	14672798	14672998	+	ORUFI01G18200
wild	OR_W1943	1	14674701	14680682	-	ORUFI01G18210
wild	OR_W1943	1	14710095	14710604	+	ORUFI01G18220
wild	OR_W1943	1	14718911	14719522	-	ORUFI01G18230
wild	OR_W1943	1	14721387	14721704	+	ORUFI01G18240
wild	OR_W1943	1	14725939	14727469	+	ORUFI01G18250
wild	OR_W1943	1	14779644	14780981	+	ORUFI01G18260
wild	OR_W1943	1	14808010	14810524	-	ORUFI01G18270
wild	OR_W1943	1	14829303	14831247	-	ORUFI01G18280
wild	OR_W1943	1	14831085	14831363	+	ORUFI01G18290
wild	OR_W1943	1	14846645	14871878	+	ORUFI01G18300
wild	OR_W1943	1	14874406	14875083	-	ORUFI01G18310
wild	OR_W1943	1	14899053	14899826	+	ORUFI01G18320
wild	OR_W1943	1	14919913	14920635	+	ORUFI01G18330
wild	OR_W1943	1	14931111	14931691	+	ORUFI01G18340
wild	OR_W1943	1	14959157	14963424	-	ORUFI01G18350
wild	OR_W1943	1	14964085	14983894	+	ORUFI01G18360
wild	OR_W1943	1	14981036	14996619	-	ORUFI01G18370
wild	OR_W1943	1	14999457	15002362	-	ORUFI01G18380
wild	OR_W1943	1	15063268	15071627	+	ORUFI01G18390
wild	OR_W1943	1	15101799	15103291	-	ORUFI01G18400
wild	OR_W1943	1	15103179	15103619	+	ORUFI01G18410
wild	OR_W1943	1	15119135	15124020	+	ORUFI01G18420
wild	OR_W1943	1	15148494	15154784	+	ORUFI01G18430
wild	OR_W1943	1	15160177	15167038	+	ORUFI01G18440
wild	OR_W1943	1	15168970	15170151	-	ORUFI01G18450
wild	OR_W1943	1	15170580	15173463	+	ORUFI01G18460
wild	OR_W1943	1	15175237	15176338	-	ORUFI01G18470
wild	OR_W1943	1	15183794	15184618	-	ORUFI01G18480
wild	OR_W1943	1	15185394	15187394	+	ORUFI01G18490
wild	OR_W1943	1	15196423	15196695	-	ORUFI01G18500
wild	OR_W1943	1	15326977	15327306	+	ORUFI01G18510
wild	OR_W1943	1	15327831	15328040	+	ORUFI01G18520
wild	OR_W1943	1	15384399	15386440	-	ORUFI01G18530
wild	OR_W1943	1	15414246	15418135	+	ORUFI01G18540
wild	OR_W1943	1	15429309	15430895	-	ORUFI01G18550
wild	OR_W1943	1	15456934	15457389	+	ORUFI01G18560
wild	OR_W1943	1	15459122	15462649	-	ORUFI01G18570
wild	OR_W1943	1	15501714	15506419	-	ORUFI01G18580
wild	OR_W1943	1	15541358	15543394	+	ORUFI01G18590
wild	OR_W1943	1	15544053	15550408	+	ORUFI01G18600
wild	OR_W1943	1	15552033	15553643	-	ORUFI01G18610
wild	OR_W1943	1	15602172	15609905	-	ORUFI01G18620
wild	OR_W1943	1	15615387	15616629	+	ORUFI01G18630
wild	OR_W1943	1	15619262	15620197	+	ORUFI01G18640
wild	OR_W1943	1	15619865	15620242	-	ORUFI01G18650
wild	OR_W1943	1	15620663	15632781	-	ORUFI01G18660
wild	OR_W1943	1	15650722	15651024	-	ORUFI01G18670
wild	OR_W1943	1	15654221	15662417	-	ORUFI01G18680
wild	OR_W1943	1	15663510	15665356	-	ORUFI01G18690
wild	OR_W1943	1	15689470	15694841	+	ORUFI01G18700
wild	OR_W1943	1	15696322	15713047	-	ORUFI01G18710
wild	OR_W1943	1	15717774	15719345	-	ORUFI01G18720
wild	OR_W1943	1	15723341	15728193	-	ORUFI01G18730
wild	OR_W1943	1	15731229	15733187	+	ORUFI01G18740
wild	OR_W1943	1	15733832	15734038	-	ORUFI01G18750
wild	OR_W1943	1	15735093	15735473	+	ORUFI01G18760
wild	OR_W1943	1	15761478	15766828	+	ORUFI01G18770
wild	OR_W1943	1	15771511	15782339	+	ORUFI01G18780
wild	OR_W1943	1	15791281	15791617	+	ORUFI01G18790
wild	OR_W1943	1	15798747	15799401	+	ORUFI01G18800
wild	OR_W1943	1	15802193	15803350	-	ORUFI01G18810
wild	OR_W1943	1	15803699	15804016	-	ORUFI01G18820
wild	OR_W1943	1	15805214	15812250	-	ORUFI01G18830
wild	OR_W1943	1	15813697	15814137	-	ORUFI01G18840
wild	OR_W1943	1	15816177	15816713	+	ORUFI01G18850
wild	OR_W1943	1	15826346	15826686	+	ORUFI01G18860
wild	OR_W1943	1	15826648	15837919	-	ORUFI01G18870
wild	OR_W1943	1	15854975	15858740	+	ORUFI01G18880
wild	OR_W1943	1	15860591	15861183	+	ORUFI01G18890
wild	OR_W1943	1	15863225	15864364	-	ORUFI01G18900
wild	OR_W1943	1	15866746	15867253	-	ORUFI01G18910
wild	OR_W1943	1	15873793	15874919	+	ORUFI01G18920
wild	OR_W1943	1	15877364	15884847	-	ORUFI01G18930
wild	OR_W1943	1	15941839	15942406	+	ORUFI01G18940
wild	OR_W1943	1	15943298	15947683	+	ORUFI01G18950
wild	OR_W1943	1	15948553	15950175	-	ORUFI01G18960
wild	OR_W1943	1	15958317	15958952	+	ORUFI01G18970
wild	OR_W1943	1	15960109	15963371	+	ORUFI01G18980
wild	OR_W1943	1	15965819	15974832	+	ORUFI01G18990
wild	OR_W1943	1	15975608	15976657	-	ORUFI01G19000
wild	OR_W1943	1	15976956	15979616	+	ORUFI01G19010
wild	OR_W1943	1	15981332	15984558	+	ORUFI01G19020
wild	OR_W1943	1	15988921	16002748	-	ORUFI01G19030
wild	OR_W1943	1	16019051	16022736	-	ORUFI01G19040
wild	OR_W1943	1	16024436	16029172	+	ORUFI01G19050
wild	OR_W1943	1	16036041	16040940	-	ORUFI01G19060
wild	OR_W1943	1	16086945	16091727	+	ORUFI01G19070
wild	OR_W1943	1	16094693	16098945	+	ORUFI01G19080
wild	OR_W1943	1	16108032	16111213	+	ORUFI01G19090
wild	OR_W1943	1	16114837	16115113	+	ORUFI01G19100
wild	OR_W1943	1	16116855	16119744	-	ORUFI01G19110
wild	OR_W1943	1	16123141	16127757	-	ORUFI01G19120
wild	OR_W1943	1	16136495	16137182	+	ORUFI01G19130
wild	OR_W1943	1	16172232	16172492	+	ORUFI01G19140
wild	OR_W1943	1	16180807	16181514	-	ORUFI01G19150
wild	OR_W1943	1	16181916	16184483	+	ORUFI01G19160
wild	OR_W1943	1	16187830	16192769	+	ORUFI01G19170
wild	OR_W1943	1	16195130	16199654	+	ORUFI01G19180
wild	OR_W1943	1	16200445	16200918	-	ORUFI01G19190
wild	OR_W1943	1	16227175	16228742	+	ORUFI01G19200
wild	OR_W1943	1	16231026	16231463	-	ORUFI01G19210
wild	OR_W1943	1	16232680	16239774	+	ORUFI01G19220
wild	OR_W1943	1	16242063	16250511	+	ORUFI01G19230
wild	OR_W1943	1	16253311	16253787	+	ORUFI01G19240
wild	OR_W1943	1	16277856	16278167	-	ORUFI01G19250
wild	OR_W1943	1	16280270	16280785	+	ORUFI01G19260
wild	OR_W1943	1	16320623	16322752	+	ORUFI01G19270
wild	OR_W1943	1	16337525	16337864	-	ORUFI01G19280
wild	OR_W1943	1	16344426	16344764	-	ORUFI01G19290
wild	OR_W1943	1	16348277	16348621	+	ORUFI01G19300
wild	OR_W1943	1	16349761	16350365	+	ORUFI01G19310
wild	OR_W1943	1	16363810	16364742	-	ORUFI01G19320
wild	OR_W1943	1	16364993	16365254	-	ORUFI01G19330
wild	OR_W1943	1	16366589	16367014	-	ORUFI01G19340
wild	OR_W1943	1	16374314	16378012	+	ORUFI01G19350
wild	OR_W1943	1	16382468	16383049	-	ORUFI01G19360
wild	OR_W1943	1	16384218	16389538	+	ORUFI01G19370
wild	OR_W1943	1	16391134	16391478	-	ORUFI01G19380
wild	OR_W1943	1	16410458	16425741	+	ORUFI01G19390
wild	OR_W1943	1	16426578	16430013	-	ORUFI01G19400
wild	OR_W1943	1	16438504	16443487	+	ORUFI01G19410
wild	OR_W1943	1	16440457	16447731	-	ORUFI01G19420
wild	OR_W1943	1	16449200	16450885	-	ORUFI01G19430
wild	OR_W1943	1	16455367	16456362	-	ORUFI01G19440
wild	OR_W1943	1	16470086	16472464	-	ORUFI01G19450
wild	OR_W1943	1	16474637	16475437	-	ORUFI01G19460
wild	OR_W1943	1	16478646	16481766	-	ORUFI01G19470
wild	OR_W1943	1	16483732	16486892	+	ORUFI01G19480
wild	OR_W1943	1	16492477	16495902	-	ORUFI01G19490
wild	OR_W1943	1	16500458	16504064	+	ORUFI01G19500
wild	OR_W1943	1	16508433	16508807	+	ORUFI01G19510
wild	OR_W1943	1	16520041	16528933	+	ORUFI01G19520
wild	OR_W1943	1	16530311	16533148	+	ORUFI01G19530
wild	OR_W1943	1	16541408	16542937	-	ORUFI01G19540
wild	OR_W1943	1	16544103	16545169	+	ORUFI01G19550
wild	OR_W1943	1	16551335	16554267	+	ORUFI01G19560
wild	OR_W1943	1	16556743	16557471	+	ORUFI01G19570
wild	OR_W1943	1	16561138	16561374	-	ORUFI01G19580
wild	OR_W1943	1	16568005	16575419	-	ORUFI01G19590
wild	OR_W1943	1	16582116	16590925	-	ORUFI01G19600
wild	OR_W1943	1	16600925	16604960	+	ORUFI01G19610
wild	OR_W1943	1	16611597	16614282	-	ORUFI01G19620
wild	OR_W1943	1	16616968	16618645	-	ORUFI01G19630
wild	OR_W1943	1	16627934	16634839	+	ORUFI01G19640
wild	OR_W1943	1	16636369	16640991	-	ORUFI01G19650
wild	OR_W1943	1	16640977	16650995	+	ORUFI01G19660
wild	OR_W1943	1	16653921	16655262	+	ORUFI01G19670
wild	OR_W1943	1	16664496	16670974	+	ORUFI01G19680
wild	OR_W1943	1	16683229	16686563	+	ORUFI01G19690
wild	OR_W1943	1	16700961	16703256	+	ORUFI01G19700
wild	OR_W1943	1	16715464	16715864	+	ORUFI01G19710
wild	OR_W1943	1	16721155	16722523	+	ORUFI01G19720
wild	OR_W1943	1	16729186	16731709	+	ORUFI01G19730
wild	OR_W1943	1	16735415	16740423	-	ORUFI01G19740
wild	OR_W1943	1	16742295	16742961	-	ORUFI01G19750
wild	OR_W1943	1	16744053	16758671	-	ORUFI01G19760
wild	OR_W1943	1	16761170	16761658	+	ORUFI01G19770
wild	OR_W1943	1	16772117	16772378	+	ORUFI01G19780
wild	OR_W1943	1	16775190	16776627	-	ORUFI01G19790
wild	OR_W1943	1	16787032	16798482	-	ORUFI01G19800
wild	OR_W1943	1	16791869	16793915	+	ORUFI01G19810
wild	OR_W1943	1	16806013	16806642	-	ORUFI01G19820
wild	OR_W1943	1	16809193	16809827	-	ORUFI01G19830
wild	OR_W1943	1	16817397	16824503	-	ORUFI01G19840
wild	OR_W1943	1	16828404	16831901	-	ORUFI01G19850
wild	OR_W1943	1	16839641	16839934	+	ORUFI01G19860
wild	OR_W1943	1	16840457	16840822	+	ORUFI01G19870
wild	OR_W1943	1	16858299	16858919	+	ORUFI01G19880
wild	OR_W1943	1	16861244	16862254	-	ORUFI01G19890
wild	OR_W1943	1	16864195	16864401	+	ORUFI01G19900
wild	OR_W1943	1	16867090	16867646	+	ORUFI01G19910
wild	OR_W1943	1	16867710	16868056	+	ORUFI01G19920
wild	OR_W1943	1	16869551	16872928	+	ORUFI01G19930
wild	OR_W1943	1	16872671	16875716	-	ORUFI01G19940
wild	OR_W1943	1	16878390	16880775	+	ORUFI01G19950
wild	OR_W1943	1	16886906	16887432	+	ORUFI01G19960
wild	OR_W1943	1	16889504	16891334	-	ORUFI01G19970
wild	OR_W1943	1	16922341	16922664	-	ORUFI01G19980
wild	OR_W1943	1	16931596	16931972	+	ORUFI01G19990
wild	OR_W1943	1	16931989	16933461	+	ORUFI01G20000
wild	OR_W1943	1	16941269	16942509	+	ORUFI01G20010
wild	OR_W1943	1	16943278	16951297	-	ORUFI01G20020
wild	OR_W1943	1	16953579	16954470	-	ORUFI01G20030
wild	OR_W1943	1	16955824	16960307	-	ORUFI01G20040
wild	OR_W1943	1	16970224	16971685	-	ORUFI01G20050
wild	OR_W1943	1	16982214	16984136	-	ORUFI01G20060
wild	OR_W1943	1	16984897	16985313	+	ORUFI01G20070
wild	OR_W1943	1	16992521	16992979	-	ORUFI01G20080
wild	OR_W1943	1	16992737	17000924	+	ORUFI01G20090
wild	OR_W1943	1	17003587	17014362	+	ORUFI01G20100
wild	OR_W1943	1	17016323	17019139	+	ORUFI01G20110
wild	OR_W1943	1	17020029	17020477	+	ORUFI01G20120
wild	OR_W1943	1	17023404	17024117	-	ORUFI01G20130
wild	OR_W1943	1	17024861	17027331	+	ORUFI01G20140
wild	OR_W1943	1	17028401	17029864	+	ORUFI01G20150
wild	OR_W1943	1	17041359	17043888	+	ORUFI01G20160
wild	OR_W1943	1	17054283	17054985	+	ORUFI01G20170
wild	OR_W1943	1	17060435	17060725	-	ORUFI01G20180
wild	OR_W1943	1	17061126	17067129	+	ORUFI01G20190
wild	OR_W1943	1	17072891	17077336	+	ORUFI01G20200
wild	OR_W1943	1	17101576	17102717	+	ORUFI01G20210
wild	OR_W1943	1	17106647	17119172	+	ORUFI01G20220
wild	OR_W1943	1	17163301	17164985	+	ORUFI01G20230
wild	OR_W1943	1	17170488	17171180	-	ORUFI01G20240
wild	OR_W1943	1	17171964	17183176	+	ORUFI01G20250
wild	OR_W1943	1	17185511	17185846	-	ORUFI01G20260
wild	OR_W1943	1	17199701	17200006	+	ORUFI01G20270
wild	OR_W1943	1	17219895	17220294	+	ORUFI01G20280
wild	OR_W1943	1	17248838	17252714	+	ORUFI01G20290
wild	OR_W1943	1	17254466	17258789	+	ORUFI01G20300
wild	OR_W1943	1	17270617	17271639	-	ORUFI01G20310
wild	OR_W1943	1	17287394	17287654	-	ORUFI01G20320
wild	OR_W1943	1	17291982	17293013	-	ORUFI01G20330
wild	OR_W1943	1	17318572	17319281	+	ORUFI01G20340
wild	OR_W1943	1	17321309	17336865	+	ORUFI01G20350
wild	OR_W1943	1	17338402	17343291	-	ORUFI01G20360
wild	OR_W1943	1	17354701	17362049	-	ORUFI01G20370
wild	OR_W1943	1	17369473	17381715	+	ORUFI01G20380
wild	OR_W1943	1	17382642	17383563	-	ORUFI01G20390
wild	OR_W1943	1	17384835	17386970	+	ORUFI01G20400
wild	OR_W1943	1	17395514	17397902	+	ORUFI01G20410
wild	OR_W1943	1	17400518	17405128	+	ORUFI01G20420
wild	OR_W1943	1	17413984	17415394	-	ORUFI01G20430
wild	OR_W1943	1	17423836	17424460	+	ORUFI01G20440
wild	OR_W1943	1	17445628	17445894	-	ORUFI01G20450
wild	OR_W1943	1	17451059	17452504	+	ORUFI01G20460
wild	OR_W1943	1	17470206	17470673	-	ORUFI01G20470
wild	OR_W1943	1	17476122	17479533	+	ORUFI01G20480
wild	OR_W1943	1	17482592	17485294	+	ORUFI01G20490
wild	OR_W1943	1	17486597	17491116	+	ORUFI01G20500
wild	OR_W1943	1	17492693	17493925	-	ORUFI01G20510
wild	OR_W1943	1	17498941	17503787	+	ORUFI01G20520
wild	OR_W1943	1	17507309	17511462	-	ORUFI01G20530
wild	OR_W1943	1	17532932	17537410	-	ORUFI01G20540
wild	OR_W1943	1	17538607	17541847	-	ORUFI01G20550
wild	OR_W1943	1	17545495	17546818	-	ORUFI01G20560
wild	OR_W1943	1	17551811	17555915	+	ORUFI01G20570
wild	OR_W1943	1	17563450	17564007	+	ORUFI01G20580
wild	OR_W1943	1	17590687	17593083	+	ORUFI01G20590
wild	OR_W1943	1	17594914	17608493	-	ORUFI01G20600
wild	OR_W1943	1	17616550	17617302	-	ORUFI01G20610
wild	OR_W1943	1	17631569	17635243	-	ORUFI01G20620
wild	OR_W1943	1	17642824	17644668	+	ORUFI01G20630
wild	OR_W1943	1	17647301	17649139	-	ORUFI01G20640
wild	OR_W1943	1	17651614	17658498	+	ORUFI01G20650
wild	OR_W1943	1	17659665	17683350	-	ORUFI01G20660
wild	OR_W1943	1	17685789	17685995	-	ORUFI01G20670
wild	OR_W1943	1	17686043	17688125	-	ORUFI01G20680
wild	OR_W1943	1	17696923	17723474	-	ORUFI01G20690
wild	OR_W1943	1	17751699	17760342	+	ORUFI01G20700
wild	OR_W1943	1	17760425	17761156	-	ORUFI01G20710
wild	OR_W1943	1	17765347	17765538	+	ORUFI01G20720
wild	OR_W1943	1	17765923	17766126	-	ORUFI01G20730
wild	OR_W1943	1	17767717	17768382	-	ORUFI01G20740
wild	OR_W1943	1	17780227	17790897	+	ORUFI01G20750
wild	OR_W1943	1	17793335	17796340	+	ORUFI01G20760
wild	OR_W1943	1	17798059	17808492	-	ORUFI01G20770
wild	OR_W1943	1	17834025	17834810	-	ORUFI01G20780
wild	OR_W1943	1	17838030	17838821	-	ORUFI01G20790
wild	OR_W1943	1	17843953	17847669	-	ORUFI01G20800
wild	OR_W1943	1	17856643	17859540	+	ORUFI01G20810
wild	OR_W1943	1	17859854	17867944	-	ORUFI01G20820
wild	OR_W1943	1	17877152	17880017	-	ORUFI01G20830
wild	OR_W1943	1	17881628	17882301	+	ORUFI01G20840
wild	OR_W1943	1	17887331	17889858	-	ORUFI01G20850
wild	OR_W1943	1	17914932	17915738	-	ORUFI01G20860
wild	OR_W1943	1	17915296	17915884	+	ORUFI01G20870
wild	OR_W1943	1	17920173	17920376	-	ORUFI01G20880
wild	OR_W1943	1	17978169	17982673	+	ORUFI01G20890
wild	OR_W1943	1	17978260	17978490	-	ORUFI01G20900
wild	OR_W1943	1	17986110	17987431	+	ORUFI01G20910
wild	OR_W1943	1	17987985	17993034	+	ORUFI01G20920
wild	OR_W1943	1	18145736	18148118	+	ORUFI01G20930
wild	OR_W1943	1	18165593	18168937	-	ORUFI01G20940
wild	OR_W1943	1	18170127	18171007	+	ORUFI01G20950
wild	OR_W1943	1	18172168	18173943	-	ORUFI01G20960
wild	OR_W1943	1	18182200	18183471	+	ORUFI01G20970
wild	OR_W1943	1	18183500	18184181	+	ORUFI01G20980
wild	OR_W1943	1	18191063	18202995	+	ORUFI01G20990
wild	OR_W1943	1	18210188	18210487	+	ORUFI01G21000
wild	OR_W1943	1	18218741	18225584	-	ORUFI01G21010
wild	OR_W1943	1	18219742	18220138	+	ORUFI01G21020
wild	OR_W1943	1	18227367	18228130	-	ORUFI01G21030
wild	OR_W1943	1	18228154	18233353	-	ORUFI01G21040
wild	OR_W1943	1	18247520	18250373	+	ORUFI01G21050
wild	OR_W1943	1	18251161	18258884	-	ORUFI01G21060
wild	OR_W1943	1	18260775	18261710	+	ORUFI01G21070
wild	OR_W1943	1	18277892	18281407	-	ORUFI01G21080
wild	OR_W1943	1	18283788	18284744	+	ORUFI01G21090
wild	OR_W1943	1	18302014	18302737	+	ORUFI01G21100
wild	OR_W1943	1	18308233	18308583	+	ORUFI01G21110
wild	OR_W1943	1	18326420	18326968	+	ORUFI01G21120
wild	OR_W1943	1	18334274	18334558	-	ORUFI01G21130
wild	OR_W1943	1	18385299	18387720	+	ORUFI01G21150
wild	OR_W1943	1	18408329	18411015	+	ORUFI01G21160
wild	OR_W1943	1	18430139	18430608	+	ORUFI01G21170
wild	OR_W1943	1	18437187	18440121	+	ORUFI01G21180
wild	OR_W1943	1	18461162	18466181	+	ORUFI01G21190
wild	OR_W1943	1	18482147	18483235	+	ORUFI01G21200
wild	OR_W1943	1	18509818	18511638	-	ORUFI01G21210
wild	OR_W1943	1	18526290	18531418	-	ORUFI01G21220
wild	OR_W1943	1	18532929	18533150	+	ORUFI01G21230
wild	OR_W1943	1	18533172	18534586	+	ORUFI01G21240
wild	OR_W1943	1	18549702	18553897	+	ORUFI01G21250
wild	OR_W1943	1	18555164	18559314	+	ORUFI01G21260
wild	OR_W1943	1	18558572	18581052	-	ORUFI01G21270
wild	OR_W1943	1	18563030	18563209	+	ORUFI01G21280
wild	OR_W1943	1	18563306	18563602	+	ORUFI01G21290
wild	OR_W1943	1	18583785	18584813	-	ORUFI01G21300
wild	OR_W1943	1	18584987	18586777	+	ORUFI01G21310
wild	OR_W1943	1	18588718	18589812	-	ORUFI01G21320
wild	OR_W1943	1	18593010	18597526	+	ORUFI01G21330
wild	OR_W1943	1	18599861	18602452	+	ORUFI01G21340
wild	OR_W1943	1	18609155	18612413	-	ORUFI01G21350
wild	OR_W1943	1	18622471	18637959	-	ORUFI01G21360
wild	OR_W1943	1	18638030	18639092	+	ORUFI01G21370
wild	OR_W1943	1	18640959	18643089	-	ORUFI01G21380
wild	OR_W1943	1	18645240	18647438	-	ORUFI01G21390
wild	OR_W1943	1	18673700	18697889	+	ORUFI01G21400
wild	OR_W1943	1	18713917	18714320	-	ORUFI01G21410
wild	OR_W1943	1	18716738	18721140	-	ORUFI01G21420
wild	OR_W1943	1	18729689	18730441	+	ORUFI01G21430
wild	OR_W1943	1	18731958	18735857	-	ORUFI01G21440
wild	OR_W1943	1	18735076	18735627	+	ORUFI01G21450
wild	OR_W1943	1	18739440	18741701	+	ORUFI01G21460
wild	OR_W1943	1	18742807	18754744	-	ORUFI01G21470
wild	OR_W1943	1	18769548	18775386	+	ORUFI01G21480
wild	OR_W1943	1	18782214	18786222	-	ORUFI01G21490
wild	OR_W1943	1	18786719	18787580	-	ORUFI01G21500
wild	OR_W1943	1	18787879	18817493	+	ORUFI01G21510
wild	OR_W1943	1	18823035	18830562	-	ORUFI01G21520
wild	OR_W1943	1	18836164	18843544	+	ORUFI01G21530
wild	OR_W1943	1	18840915	18843296	-	ORUFI01G21540
wild	OR_W1943	1	18865976	18869212	+	ORUFI01G21550
wild	OR_W1943	1	18872249	18877671	-	ORUFI01G21560
wild	OR_W1943	1	18877721	18878017	-	ORUFI01G21570
wild	OR_W1943	1	18879270	18894059	+	ORUFI01G21580
wild	OR_W1943	1	18901799	18902984	+	ORUFI01G21590
wild	OR_W1943	1	18905656	18909822	-	ORUFI01G21600
wild	OR_W1943	1	18918619	18921796	-	ORUFI01G21610
wild	OR_W1943	1	18928025	18928624	+	ORUFI01G21620
wild	OR_W1943	1	18933202	18934860	-	ORUFI01G21630
wild	OR_W1943	1	18940890	18944210	+	ORUFI01G21640
wild	OR_W1943	1	18945162	18957546	-	ORUFI01G21650
wild	OR_W1943	1	18962810	18966684	+	ORUFI01G21660
wild	OR_W1943	1	19004164	19011905	-	ORUFI01G21670
wild	OR_W1943	1	19015297	19019718	+	ORUFI01G21680
wild	OR_W1943	1	19026034	19029546	+	ORUFI01G21690
wild	OR_W1943	1	19039189	19040319	-	ORUFI01G21710
wild	OR_W1943	1	19040427	19040984	-	ORUFI01G21720
wild	OR_W1943	1	19041123	19042082	-	ORUFI01G21730
wild	OR_W1943	1	19043463	19047647	-	ORUFI01G21740
wild	OR_W1943	1	19053937	19054877	-	ORUFI01G21750
wild	OR_W1943	1	19123823	19125814	+	ORUFI01G21760
wild	OR_W1943	1	19127590	19129337	-	ORUFI01G21770
wild	OR_W1943	1	19130643	19133835	-	ORUFI01G21780
wild	OR_W1943	1	19138813	19139818	-	ORUFI01G21790
wild	OR_W1943	1	19140233	19141198	+	ORUFI01G21800
wild	OR_W1943	1	19142487	19143653	-	ORUFI01G21810
wild	OR_W1943	1	19145181	19145789	-	ORUFI01G21820
wild	OR_W1943	1	19148372	19148617	+	ORUFI01G21830
wild	OR_W1943	1	19159933	19164754	+	ORUFI01G21840
wild	OR_W1943	1	19188665	19196781	+	ORUFI01G21850
wild	OR_W1943	1	19201019	19202815	+	ORUFI01G21860
wild	OR_W1943	1	19203401	19208641	-	ORUFI01G21870
wild	OR_W1943	1	19209136	19209345	-	ORUFI01G21880
wild	OR_W1943	1	19209363	19209578	+	ORUFI01G21890
wild	OR_W1943	1	19212754	19218348	-	ORUFI01G21900
wild	OR_W1943	1	19218402	19219354	-	ORUFI01G21910
wild	OR_W1943	1	19223067	19223306	-	ORUFI01G21920
wild	OR_W1943	1	19224222	19229649	+	ORUFI01G21930
wild	OR_W1943	1	19228132	19232165	-	ORUFI01G21940
wild	OR_W1943	1	19237584	19239650	+	ORUFI01G21950
wild	OR_W1943	1	19260464	19261233	-	ORUFI01G21960
wild	OR_W1943	1	19266125	19266877	-	ORUFI01G21970
wild	OR_W1943	1	19269738	19277029	+	ORUFI01G21980
wild	OR_W1943	1	19276370	19279348	-	ORUFI01G21990
wild	OR_W1943	1	19286117	19286635	-	ORUFI01G22000
wild	OR_W1943	1	19286708	19287616	-	ORUFI01G22010
wild	OR_W1943	1	19290075	19297281	+	ORUFI01G22020
wild	OR_W1943	1	19294978	19297440	-	ORUFI01G22030
wild	OR_W1943	1	19301665	19302054	+	ORUFI01G22040
wild	OR_W1943	1	19303386	19306644	-	ORUFI01G22050
wild	OR_W1943	1	19306702	19306899	-	ORUFI01G22060
wild	OR_W1943	1	19310303	19324290	+	ORUFI01G22070
wild	OR_W1943	1	19327000	19331209	+	ORUFI01G22080
wild	OR_W1943	1	19332598	19336043	+	ORUFI01G22090
wild	OR_W1943	1	19336149	19338753	+	ORUFI01G22100
wild	OR_W1943	1	19346725	19354640	+	ORUFI01G22110
wild	OR_W1943	1	19369024	19373833	+	ORUFI01G22120
wild	OR_W1943	1	19382341	19382529	+	ORUFI01G22130
wild	OR_W1943	1	19388847	19389032	+	ORUFI01G22140
wild	OR_W1943	1	19392966	19397683	-	ORUFI01G22150
wild	OR_W1943	1	19400173	19400795	+	ORUFI01G22160
wild	OR_W1943	1	19402522	19411222	+	ORUFI01G22170
wild	OR_W1943	1	19407574	19408211	-	ORUFI01G22180
wild	OR_W1943	1	19411331	19411782	+	ORUFI01G22190
wild	OR_W1943	1	19412162	19412420	-	ORUFI01G22200
wild	OR_W1943	1	19424576	19426464	-	ORUFI01G22210
wild	OR_W1943	1	19431469	19432101	-	ORUFI01G22220
wild	OR_W1943	1	19437486	19437686	-	ORUFI01G22230
wild	OR_W1943	1	19441567	19443141	-	ORUFI01G22240
wild	OR_W1943	1	19450449	19510120	+	ORUFI01G22250
wild	OR_W1943	1	19450467	19451764	-	ORUFI01G22260
wild	OR_W1943	1	19464072	19464923	-	ORUFI01G22270
wild	OR_W1943	1	19510766	19512052	-	ORUFI01G22280
wild	OR_W1943	1	19528676	19531289	-	ORUFI01G22290
wild	OR_W1943	1	19532084	19532569	-	ORUFI01G22300
wild	OR_W1943	1	19532881	19533444	+	ORUFI01G22310
wild	OR_W1943	1	19535364	19537068	-	ORUFI01G22320
wild	OR_W1943	1	19538819	19539061	+	ORUFI01G22330
wild	OR_W1943	1	19540525	19541490	+	ORUFI01G22340
wild	OR_W1943	1	19543834	19549246	-	ORUFI01G22350
wild	OR_W1943	1	19555236	19556106	+	ORUFI01G22360
wild	OR_W1943	1	19559369	19562113	-	ORUFI01G22370
wild	OR_W1943	1	19572060	19572676	+	ORUFI01G22380
wild	OR_W1943	1	19594250	19595642	-	ORUFI01G22390
wild	OR_W1943	1	19605861	19610057	-	ORUFI01G22400
wild	OR_W1943	1	19620250	19620699	-	ORUFI01G22410
wild	OR_W1943	1	19623887	19626923	+	ORUFI01G22420
wild	OR_W1943	1	19628106	19629961	-	ORUFI01G22430
wild	OR_W1943	1	19635813	19647675	+	ORUFI01G22440
wild	OR_W1943	1	19640885	19642143	-	ORUFI01G22450
wild	OR_W1943	1	19649942	19650379	+	ORUFI01G22460
wild	OR_W1943	1	19658970	19659368	+	ORUFI01G22470
wild	OR_W1943	1	19661597	19663089	-	ORUFI01G22480
wild	OR_W1943	1	19670196	19678408	-	ORUFI01G22490
wild	OR_W1943	1	19695593	19700371	+	ORUFI01G22500
wild	OR_W1943	1	19718759	19729061	-	ORUFI01G22510
wild	OR_W1943	1	19756588	19757054	+	ORUFI01G22520
wild	OR_W1943	1	19759768	19764555	+	ORUFI01G22530
wild	OR_W1943	1	19767382	19768041	-	ORUFI01G22540
wild	OR_W1943	1	19772944	19778144	+	ORUFI01G22550
wild	OR_W1943	1	19782024	19783519	-	ORUFI01G22560
wild	OR_W1943	1	19801926	19805743	+	ORUFI01G22570
wild	OR_W1943	1	19806303	19811051	-	ORUFI01G22580
wild	OR_W1943	1	19817245	19820617	+	ORUFI01G22590
wild	OR_W1943	1	19823013	19825988	+	ORUFI01G22600
wild	OR_W1943	1	19826393	19826857	+	ORUFI01G22610
wild	OR_W1943	1	19828502	19829840	-	ORUFI01G22620
wild	OR_W1943	1	19830180	19832056	+	ORUFI01G22630
wild	OR_W1943	1	19833970	19848784	+	ORUFI01G22640
wild	OR_W1943	1	19850954	19851331	-	ORUFI01G22650
wild	OR_W1943	1	19852539	19852799	+	ORUFI01G22660
wild	OR_W1943	1	19853694	19854156	+	ORUFI01G22670
wild	OR_W1943	1	19854539	19854882	+	ORUFI01G22680
wild	OR_W1943	1	19856505	19856750	-	ORUFI01G22690
wild	OR_W1943	1	19859098	19867294	+	ORUFI01G22700
wild	OR_W1943	1	19878556	19883161	+	ORUFI01G22710
wild	OR_W1943	1	19905415	19912576	-	ORUFI01G22720
wild	OR_W1943	1	19921437	19922192	+	ORUFI01G22730
wild	OR_W1943	1	19924213	19924728	+	ORUFI01G22740
wild	OR_W1943	1	19925256	19925506	+	ORUFI01G22750
wild	OR_W1943	1	19927550	19930966	+	ORUFI01G22760
wild	OR_W1943	1	19931758	19931997	+	ORUFI01G22770
wild	OR_W1943	1	19932058	19935223	+	ORUFI01G22780
wild	OR_W1943	1	19936947	19937688	+	ORUFI01G22790
wild	OR_W1943	1	19937081	19937410	-	ORUFI01G22800
wild	OR_W1943	1	19940327	19940773	+	ORUFI01G22810
wild	OR_W1943	1	19944311	19944754	-	ORUFI01G22820
wild	OR_W1943	1	19945597	19947010	+	ORUFI01G22830
wild	OR_W1943	1	19950045	19965014	+	ORUFI01G22840
wild	OR_W1943	1	19956779	19958188	-	ORUFI01G22850
wild	OR_W1943	1	19964009	19966597	-	ORUFI01G22860
wild	OR_W1943	1	19966789	19967536	-	ORUFI01G22870
wild	OR_W1943	1	19967582	19967977	-	ORUFI01G22880
wild	OR_W1943	1	19967609	19969260	+	ORUFI01G22890
wild	OR_W1943	1	19974286	19975161	-	ORUFI01G22900
wild	OR_W1943	1	19996219	20004623	+	ORUFI01G22910
wild	OR_W1943	1	20013594	20018205	+	ORUFI01G22920
wild	OR_W1943	1	20022298	20024285	+	ORUFI01G22930
wild	OR_W1943	1	20038392	20055396	-	ORUFI01G22940
wild	OR_W1943	1	20058287	20061060	-	ORUFI01G22950
wild	OR_W1943	1	20082476	20083431	-	ORUFI01G22960
wild	OR_W1943	1	20090964	20093271	+	ORUFI01G22970
wild	OR_W1943	1	20099434	20099900	-	ORUFI01G22980
wild	OR_W1943	1	20109010	20110163	+	ORUFI01G22990
wild	OR_W1943	1	20125870	20126625	-	ORUFI01G23000
wild	OR_W1943	1	20127222	20129808	-	ORUFI01G23010
wild	OR_W1943	1	20134278	20134745	-	ORUFI01G23020
wild	OR_W1943	1	20134786	20135476	-	ORUFI01G23030
wild	OR_W1943	1	20166771	20172146	+	ORUFI01G23040
wild	OR_W1943	1	20187232	20190075	+	ORUFI01G23050
wild	OR_W1943	1	20201666	20204963	-	ORUFI01G23060
wild	OR_W1943	1	20216790	20221738	-	ORUFI01G23070
wild	OR_W1943	1	20228894	20232780	-	ORUFI01G23080
wild	OR_W1943	1	20235602	20237566	+	ORUFI01G23090
wild	OR_W1943	1	20239080	20242897	+	ORUFI01G23100
wild	OR_W1943	1	20245213	20246553	+	ORUFI01G23110
wild	OR_W1943	1	20251028	20251624	-	ORUFI01G23120
wild	OR_W1943	1	20255704	20258148	-	ORUFI01G23130
wild	OR_W1943	1	20284252	20287171	+	ORUFI01G23140
wild	OR_W1943	1	20292239	20294879	+	ORUFI01G23150
wild	OR_W1943	1	20292810	20306226	-	ORUFI01G23160
wild	OR_W1943	1	20306953	20313794	+	ORUFI01G23170
wild	OR_W1943	1	20311596	20312803	-	ORUFI01G23180
wild	OR_W1943	1	20323136	20329038	+	ORUFI01G23190
wild	OR_W1943	1	20329517	20330117	-	ORUFI01G23200
wild	OR_W1943	1	20330300	20330836	-	ORUFI01G23210
wild	OR_W1943	1	20331260	20332842	-	ORUFI01G23220
wild	OR_W1943	1	20344374	20346571	+	ORUFI01G23230
wild	OR_W1943	1	20347003	20347350	-	ORUFI01G23240
wild	OR_W1943	1	20349603	20355521	-	ORUFI01G23250
wild	OR_W1943	1	20359286	20359549	-	ORUFI01G23260
wild	OR_W1943	1	20374306	20375384	-	ORUFI01G23270
wild	OR_W1943	1	20377294	20384709	+	ORUFI01G23280
wild	OR_W1943	1	20386102	20387903	+	ORUFI01G23290
wild	OR_W1943	1	20392116	20392754	-	ORUFI01G23300
wild	OR_W1943	1	20394317	20395714	-	ORUFI01G23310
wild	OR_W1943	1	20396671	20402412	-	ORUFI01G23320
wild	OR_W1943	1	20414453	20430600	-	ORUFI01G23330
wild	OR_W1943	1	20431894	20436656	-	ORUFI01G23340
wild	OR_W1943	1	20458357	20464960	+	ORUFI01G23360
wild	OR_W1943	1	20466245	20468671	-	ORUFI01G23370
wild	OR_W1943	1	20472180	20478356	-	ORUFI01G23380
wild	OR_W1943	1	20472235	20472925	+	ORUFI01G23390
wild	OR_W1943	1	20482537	20483862	-	ORUFI01G23400
wild	OR_W1943	1	20486279	20491911	+	ORUFI01G23410
wild	OR_W1943	1	20492339	20494968	-	ORUFI01G23420
wild	OR_W1943	1	20497618	20504347	+	ORUFI01G23430
wild	OR_W1943	1	20517106	20519544	+	ORUFI01G23440
wild	OR_W1943	1	20524775	20528910	-	ORUFI01G23450
wild	OR_W1943	1	20533017	20534785	+	ORUFI01G23460
wild	OR_W1943	1	20536092	20536477	+	ORUFI01G23470
wild	OR_W1943	1	20538998	20540584	+	ORUFI01G23480
wild	OR_W1943	1	20543882	20562958	+	ORUFI01G23490
wild	OR_W1943	1	20566302	20567445	+	ORUFI01G23500
wild	OR_W1943	1	20576829	20581795	+	ORUFI01G23510
wild	OR_W1943	1	20581958	20582335	+	ORUFI01G23520
wild	OR_W1943	1	20585284	20585946	-	ORUFI01G23530
wild	OR_W1943	1	20586552	20589697	+	ORUFI01G23540
wild	OR_W1943	1	20598700	20603460	+	ORUFI01G23550
wild	OR_W1943	1	20605949	20613701	+	ORUFI01G23560
wild	OR_W1943	1	20613775	20616986	-	ORUFI01G23570
wild	OR_W1943	1	20616777	20618831	+	ORUFI01G23580
wild	OR_W1943	1	20623808	20624653	+	ORUFI01G23590
wild	OR_W1943	1	20627274	20627453	+	ORUFI01G23600
wild	OR_W1943	1	20629251	20630273	+	ORUFI01G23610
wild	OR_W1943	1	20667882	20668499	+	ORUFI01G23620
wild	OR_W1943	1	20668575	20668907	+	ORUFI01G23630
wild	OR_W1943	1	20698299	20701381	-	ORUFI01G23640
wild	OR_W1943	1	20701875	20703865	-	ORUFI01G23650
wild	OR_W1943	1	20708250	20711216	+	ORUFI01G23660
wild	OR_W1943	1	20713631	20716300	-	ORUFI01G23670
wild	OR_W1943	1	20717952	20720273	-	ORUFI01G23680
wild	OR_W1943	1	20728581	20732813	-	ORUFI01G23690
wild	OR_W1943	1	20738633	20742337	-	ORUFI01G23700
wild	OR_W1943	1	20751007	20754249	-	ORUFI01G23710
wild	OR_W1943	1	20762218	20764472	-	ORUFI01G23720
wild	OR_W1943	1	20770556	20771074	-	ORUFI01G23730
wild	OR_W1943	1	20779260	20780622	-	ORUFI01G23740
wild	OR_W1943	1	20781876	20782097	+	ORUFI01G23750
wild	OR_W1943	1	20782950	20783898	-	ORUFI01G23760
wild	OR_W1943	1	20784470	20790625	+	ORUFI01G23770
wild	OR_W1943	1	20790319	20792316	-	ORUFI01G23780
wild	OR_W1943	1	20796513	20797845	-	ORUFI01G23790
wild	OR_W1943	1	20801047	20805314	-	ORUFI01G23800
wild	OR_W1943	1	20810941	20811816	+	ORUFI01G23810
wild	OR_W1943	1	20813654	20818914	+	ORUFI01G23820
wild	OR_W1943	1	20819375	20820936	+	ORUFI01G23830
wild	OR_W1943	1	20829869	20833917	+	ORUFI01G23840
wild	OR_W1943	1	20837116	20840720	-	ORUFI01G23850
wild	OR_W1943	1	20862676	20865297	-	ORUFI01G23860
wild	OR_W1943	1	20865466	20870165	+	ORUFI01G23870
wild	OR_W1943	1	20870390	20874217	+	ORUFI01G23880
wild	OR_W1943	1	20874713	20876332	-	ORUFI01G23890
wild	OR_W1943	1	20879187	20881070	-	ORUFI01G23900
wild	OR_W1943	1	20882933	20885093	+	ORUFI01G23910
wild	OR_W1943	1	20886130	20887975	+	ORUFI01G23920
wild	OR_W1943	1	20888640	20891828	-	ORUFI01G23930
wild	OR_W1943	1	20896993	20899672	-	ORUFI01G23940
wild	OR_W1943	1	20904748	20915630	-	ORUFI01G23950
wild	OR_W1943	1	20915923	20920498	+	ORUFI01G23960
wild	OR_W1943	1	20922347	20931189	+	ORUFI01G23970
wild	OR_W1943	1	20948938	20955707	+	ORUFI01G23980
wild	OR_W1943	1	20959581	20959778	-	ORUFI01G23990
wild	OR_W1943	1	20965146	20965886	+	ORUFI01G24000
wild	OR_W1943	1	20968645	20978086	-	ORUFI01G24010
wild	OR_W1943	1	20980835	21005225	+	ORUFI01G24020
wild	OR_W1943	1	21005973	21006498	-	ORUFI01G24030
wild	OR_W1943	1	21015608	21018041	+	ORUFI01G24040
wild	OR_W1943	1	21026568	21028965	-	ORUFI01G24050
wild	OR_W1943	1	21031046	21035383	+	ORUFI01G24060
wild	OR_W1943	1	21038537	21041985	+	ORUFI01G24070
wild	OR_W1943	1	21066368	21068080	+	ORUFI01G24080
wild	OR_W1943	1	21071278	21071775	-	ORUFI01G24090
wild	OR_W1943	1	21073039	21073694	-	ORUFI01G24100
wild	OR_W1943	1	21081902	21083994	-	ORUFI01G24110
wild	OR_W1943	1	21089963	21090759	-	ORUFI01G24120
wild	OR_W1943	1	21091669	21092208	-	ORUFI01G24130
wild	OR_W1943	1	21094351	21101550	+	ORUFI01G24140
wild	OR_W1943	1	21102684	21103663	+	ORUFI01G24150
wild	OR_W1943	1	21110932	21111414	+	ORUFI01G24160
wild	OR_W1943	1	21121705	21123761	+	ORUFI01G24170
wild	OR_W1943	1	21125359	21129268	+	ORUFI01G24180
wild	OR_W1943	1	21130483	21132571	+	ORUFI01G24190
wild	OR_W1943	1	21139394	21139693	+	ORUFI01G24200
wild	OR_W1943	1	21143721	21190668	+	ORUFI01G24210
wild	OR_W1943	1	21163280	21163770	-	ORUFI01G24220
wild	OR_W1943	1	21163792	21165963	-	ORUFI01G24230
wild	OR_W1943	1	21166955	21167507	-	ORUFI01G24240
wild	OR_W1943	1	21172015	21174202	-	ORUFI01G24250
wild	OR_W1943	1	21175158	21177235	-	ORUFI01G24260
wild	OR_W1943	1	21177250	21178019	-	ORUFI01G24270
wild	OR_W1943	1	21182162	21182866	-	ORUFI01G24280
wild	OR_W1943	1	21197189	21198180	-	ORUFI01G24290
wild	OR_W1943	1	21215966	21224967	+	ORUFI01G24300
wild	OR_W1943	1	21225271	21227368	+	ORUFI01G24310
wild	OR_W1943	1	21229752	21237714	+	ORUFI01G24320
wild	OR_W1943	1	21261361	21265970	+	ORUFI01G24330
wild	OR_W1943	1	21267010	21268915	-	ORUFI01G24340
wild	OR_W1943	1	21275739	21276312	-	ORUFI01G24350
wild	OR_W1943	1	21277429	21278931	+	ORUFI01G24360
wild	OR_W1943	1	21294199	21304664	-	ORUFI01G24370
wild	OR_W1943	1	21302348	21302671	+	ORUFI01G24380
wild	OR_W1943	1	21315386	21317579	+	ORUFI01G24390
wild	OR_W1943	1	21318203	21320955	-	ORUFI01G24400
wild	OR_W1943	1	21328402	21335584	+	ORUFI01G24410
wild	OR_W1943	1	21335965	21339431	+	ORUFI01G24420
wild	OR_W1943	1	21340160	21342637	+	ORUFI01G24430
wild	OR_W1943	1	21343115	21344509	-	ORUFI01G24440
wild	OR_W1943	1	21345011	21347520	-	ORUFI01G24450
wild	OR_W1943	1	21353472	21354700	+	ORUFI01G24460
wild	OR_W1943	1	21357167	21361347	-	ORUFI01G24470
wild	OR_W1943	1	21370012	21373916	+	ORUFI01G24480
wild	OR_W1943	1	21379494	21379964	+	ORUFI01G24490
wild	OR_W1943	1	21382342	21384612	-	ORUFI01G24500
wild	OR_W1943	1	21384681	21387395	-	ORUFI01G24510
wild	OR_W1943	1	21390935	21393802	-	ORUFI01G24520
wild	OR_W1943	1	21395171	21397103	-	ORUFI01G24530
wild	OR_W1943	1	21399356	21402096	-	ORUFI01G24540
wild	OR_W1943	1	21406972	21414414	-	ORUFI01G24550
wild	OR_W1943	1	21421020	21451988	-	ORUFI01G24560
wild	OR_W1943	1	21438884	21440660	+	ORUFI01G24570
wild	OR_W1943	1	21495989	21496629	-	ORUFI01G24580
wild	OR_W1943	1	21504901	21505832	-	ORUFI01G24590
wild	OR_W1943	1	21519694	21525159	+	ORUFI01G24600
wild	OR_W1943	1	21533140	21536815	-	ORUFI01G24610
wild	OR_W1943	1	21538793	21543734	+	ORUFI01G24620
wild	OR_W1943	1	21552315	21554540	+	ORUFI01G24630
wild	OR_W1943	1	21562994	21567373	+	ORUFI01G24640
wild	OR_W1943	1	21572151	21572801	-	ORUFI01G24650
wild	OR_W1943	1	21572331	21574156	+	ORUFI01G24660
wild	OR_W1943	1	21573577	21576846	-	ORUFI01G24670
wild	OR_W1943	1	21574875	21585342	+	ORUFI01G24680
wild	OR_W1943	1	21579646	21580523	-	ORUFI01G24690
wild	OR_W1943	1	21585424	21588207	+	ORUFI01G24700
wild	OR_W1943	1	21595381	21596016	+	ORUFI01G24710
wild	OR_W1943	1	21597771	21599725	+	ORUFI01G24720
wild	OR_W1943	1	21600930	21601780	+	ORUFI01G24730
wild	OR_W1943	1	21603718	21604467	-	ORUFI01G24740
wild	OR_W1943	1	21606169	21606627	+	ORUFI01G24750
wild	OR_W1943	1	21606715	21607278	+	ORUFI01G24760
wild	OR_W1943	1	21608132	21611829	-	ORUFI01G24770
wild	OR_W1943	1	21630942	21631875	-	ORUFI01G24780
wild	OR_W1943	1	21630953	21632941	+	ORUFI01G24790
wild	OR_W1943	1	21632923	21635614	-	ORUFI01G24800
wild	OR_W1943	1	21635341	21638909	+	ORUFI01G24810
wild	OR_W1943	1	21639051	21643218	+	ORUFI01G24820
wild	OR_W1943	1	21643187	21646532	-	ORUFI01G24830
wild	OR_W1943	1	21647776	21653994	+	ORUFI01G24840
wild	OR_W1943	1	21656888	21669993	+	ORUFI01G24850
wild	OR_W1943	1	21664839	21665740	-	ORUFI01G24860
wild	OR_W1943	1	21671489	21674078	+	ORUFI01G24870
wild	OR_W1943	1	21674844	21675251	-	ORUFI01G24880
wild	OR_W1943	1	21676715	21677713	-	ORUFI01G24890
wild	OR_W1943	1	21679784	21680194	-	ORUFI01G24900
wild	OR_W1943	1	21686464	21686896	-	ORUFI01G24910
wild	OR_W1943	1	21694463	21696418	+	ORUFI01G24920
wild	OR_W1943	1	21697341	21697823	+	ORUFI01G24930
wild	OR_W1943	1	21706061	21706501	-	ORUFI01G24940
wild	OR_W1943	1	21710450	21711005	-	ORUFI01G24950
wild	OR_W1943	1	21715537	21717805	+	ORUFI01G24960
wild	OR_W1943	1	21718678	21719196	+	ORUFI01G24970
wild	OR_W1943	1	21719894	21729624	+	ORUFI01G24980
wild	OR_W1943	1	21730300	21733358	+	ORUFI01G24990
wild	OR_W1943	1	21734392	21757912	-	ORUFI01G25000
wild	OR_W1943	1	21765873	21767723	+	ORUFI01G25010
wild	OR_W1943	1	21772486	21777871	-	ORUFI01G25020
wild	OR_W1943	1	21789762	21790029	+	ORUFI01G25030
wild	OR_W1943	1	21798622	21800514	+	ORUFI01G25040
wild	OR_W1943	1	21800608	21801125	+	ORUFI01G25050
wild	OR_W1943	1	21810648	21814916	+	ORUFI01G25060
wild	OR_W1943	1	21818325	21822563	-	ORUFI01G25070
wild	OR_W1943	1	21833391	21835499	+	ORUFI01G25080
wild	OR_W1943	1	21843046	21878003	-	ORUFI01G25090
wild	OR_W1943	1	21899157	21901640	-	ORUFI01G25100
wild	OR_W1943	1	21903184	21910984	-	ORUFI01G25110
wild	OR_W1943	1	21919727	21920473	-	ORUFI01G25120
wild	OR_W1943	1	21923041	21926298	+	ORUFI01G25130
wild	OR_W1943	1	21927014	21927585	-	ORUFI01G25140
wild	OR_W1943	1	21931282	21939144	+	ORUFI01G25150
wild	OR_W1943	1	21940458	21943817	+	ORUFI01G25160
wild	OR_W1943	1	21946046	21948724	-	ORUFI01G25170
wild	OR_W1943	1	21950700	21957076	-	ORUFI01G25180
wild	OR_W1943	1	21958141	21960993	-	ORUFI01G25190
wild	OR_W1943	1	21963247	21966309	-	ORUFI01G25200
wild	OR_W1943	1	21975966	21978967	+	ORUFI01G25210
wild	OR_W1943	1	21981130	21984962	+	ORUFI01G25220
wild	OR_W1943	1	21986563	21987909	-	ORUFI01G25230
wild	OR_W1943	1	21990287	21991520	+	ORUFI01G25240
wild	OR_W1943	1	22024349	22024600	+	ORUFI01G25250
wild	OR_W1943	1	22029092	22033452	+	ORUFI01G25260
wild	OR_W1943	1	22037220	22039622	-	ORUFI01G25270
wild	OR_W1943	1	22041131	22044038	-	ORUFI01G25280
wild	OR_W1943	1	22044642	22045495	+	ORUFI01G25290
wild	OR_W1943	1	22053444	22055941	-	ORUFI01G25300
wild	OR_W1943	1	22059000	22063819	+	ORUFI01G25310
wild	OR_W1943	1	22082249	22086495	+	ORUFI01G25320
wild	OR_W1943	1	22087088	22089688	-	ORUFI01G25330
wild	OR_W1943	1	22097679	22098560	-	ORUFI01G25340
wild	OR_W1943	1	22097867	22104999	+	ORUFI01G25350
wild	OR_W1943	1	22105378	22108568	+	ORUFI01G25360
wild	OR_W1943	1	22118289	22123608	+	ORUFI01G25370
wild	OR_W1943	1	22130974	22131303	-	ORUFI01G25380
wild	OR_W1943	1	22136602	22136874	-	ORUFI01G25390
wild	OR_W1943	1	22140967	22142742	+	ORUFI01G25400
wild	OR_W1943	1	22147673	22150299	+	ORUFI01G25410
wild	OR_W1943	1	22150376	22151690	-	ORUFI01G25420
wild	OR_W1943	1	22158105	22159844	-	ORUFI01G25430
wild	OR_W1943	1	22160440	22166989	-	ORUFI01G25440
wild	OR_W1943	1	22169976	22173515	+	ORUFI01G25450
wild	OR_W1943	1	22172525	22177987	-	ORUFI01G25460
wild	OR_W1943	1	22181780	22186233	+	ORUFI01G25470
wild	OR_W1943	1	22186780	22192477	-	ORUFI01G25480
wild	OR_W1943	1	22196885	22197088	-	ORUFI01G25490
wild	OR_W1943	1	22198969	22199187	+	ORUFI01G25500
wild	OR_W1943	1	22201156	22202615	-	ORUFI01G25510
wild	OR_W1943	1	22203662	22206355	-	ORUFI01G25520
wild	OR_W1943	1	22215331	22217172	-	ORUFI01G25530
wild	OR_W1943	1	22234562	22242947	+	ORUFI01G25540
wild	OR_W1943	1	22267568	22271710	+	ORUFI01G25550
wild	OR_W1943	1	22279549	22285680	-	ORUFI01G25560
wild	OR_W1943	1	22288199	22291171	+	ORUFI01G25570
wild	OR_W1943	1	22291894	22296107	+	ORUFI01G25580
wild	OR_W1943	1	22300579	22305183	+	ORUFI01G25590
wild	OR_W1943	1	22307467	22312781	-	ORUFI01G25600
wild	OR_W1943	1	22343645	22354897	-	ORUFI01G25610
wild	OR_W1943	1	22360653	22363552	-	ORUFI01G25620
wild	OR_W1943	1	22367503	22377015	+	ORUFI01G25630
wild	OR_W1943	1	22377532	22379769	-	ORUFI01G25640
wild	OR_W1943	1	22381094	22383681	+	ORUFI01G25650
wild	OR_W1943	1	22384022	22384861	-	ORUFI01G25660
wild	OR_W1943	1	22387904	22390042	-	ORUFI01G25670
wild	OR_W1943	1	22392425	22397892	+	ORUFI01G25680
wild	OR_W1943	1	22402995	22406907	-	ORUFI01G25690
wild	OR_W1943	1	22408658	22416222	+	ORUFI01G25700
wild	OR_W1943	1	22422770	22426626	+	ORUFI01G25710
wild	OR_W1943	1	22427762	22434227	-	ORUFI01G25720
wild	OR_W1943	1	22442597	22446095	+	ORUFI01G25730
wild	OR_W1943	1	22447378	22452722	-	ORUFI01G25740
wild	OR_W1943	1	22454448	22455019	+	ORUFI01G25750
wild	OR_W1943	1	22456700	22457801	-	ORUFI01G25760
wild	OR_W1943	1	22481634	22481924	-	ORUFI01G25770
wild	OR_W1943	1	22482371	22484827	-	ORUFI01G25780
wild	OR_W1943	1	22508166	22513558	+	ORUFI01G25790
wild	OR_W1943	1	22513777	22514759	-	ORUFI01G25800
wild	OR_W1943	1	22516053	22518082	+	ORUFI01G25810
wild	OR_W1943	1	22520986	22526018	-	ORUFI01G25820
wild	OR_W1943	1	22527083	22528814	+	ORUFI01G25830
wild	OR_W1943	1	22529704	22531152	-	ORUFI01G25840
wild	OR_W1943	1	22536980	22538423	-	ORUFI01G25850
wild	OR_W1943	1	22564419	22565942	+	ORUFI01G25860
wild	OR_W1943	1	22566983	22567528	+	ORUFI01G25870
wild	OR_W1943	1	22573251	22577535	-	ORUFI01G25880
wild	OR_W1943	1	22581754	22587934	-	ORUFI01G25890
wild	OR_W1943	1	22593649	22594062	+	ORUFI01G25900
wild	OR_W1943	1	22601898	22604396	-	ORUFI01G25910
wild	OR_W1943	1	22609082	22612015	+	ORUFI01G25920
wild	OR_W1943	1	22627326	22629266	+	ORUFI01G25930
wild	OR_W1943	1	22630096	22636652	-	ORUFI01G25940
wild	OR_W1943	1	22639568	22644763	-	ORUFI01G25950
wild	OR_W1943	1	22646911	22652876	-	ORUFI01G25960
wild	OR_W1943	1	22656817	22663495	+	ORUFI01G25970
wild	OR_W1943	1	22662001	22664332	-	ORUFI01G25980
wild	OR_W1943	1	22668538	22669406	-	ORUFI01G25990
wild	OR_W1943	1	22673868	22675352	-	ORUFI01G26000
wild	OR_W1943	1	22678182	22679002	+	ORUFI01G26010
wild	OR_W1943	1	22679785	22681869	-	ORUFI01G26020
wild	OR_W1943	1	22704414	22704737	+	ORUFI01G26030
wild	OR_W1943	1	22712650	22717561	+	ORUFI01G26040
wild	OR_W1943	1	22717772	22719741	-	ORUFI01G26050
wild	OR_W1943	1	22722247	22724836	+	ORUFI01G26060
wild	OR_W1943	1	22726671	22728092	+	ORUFI01G26070
wild	OR_W1943	1	22731769	22742905	-	ORUFI01G26080
wild	OR_W1943	1	22750884	22751550	+	ORUFI01G26090
wild	OR_W1943	1	22755141	22760565	+	ORUFI01G26100
wild	OR_W1943	1	22763204	22764799	-	ORUFI01G26110
wild	OR_W1943	1	22773532	22773849	-	ORUFI01G26120
wild	OR_W1943	1	22776127	22780520	+	ORUFI01G26130
wild	OR_W1943	1	22784939	22786587	+	ORUFI01G26140
wild	OR_W1943	1	22793375	22794846	-	ORUFI01G26150
wild	OR_W1943	1	22798933	22800033	-	ORUFI01G26160
wild	OR_W1943	1	22806154	22812298	-	ORUFI01G26170
wild	OR_W1943	1	22812427	22821594	+	ORUFI01G26180
wild	OR_W1943	1	22822070	22822312	-	ORUFI01G26190
wild	OR_W1943	1	22827705	22830568	+	ORUFI01G26200
wild	OR_W1943	1	22837743	22839383	-	ORUFI01G26210
wild	OR_W1943	1	22845497	22846084	+	ORUFI01G26220
wild	OR_W1943	1	22846092	22848261	+	ORUFI01G26230
wild	OR_W1943	1	22848937	22851885	-	ORUFI01G26240
wild	OR_W1943	1	22855011	22856783	-	ORUFI01G26250
wild	OR_W1943	1	22857392	22860651	+	ORUFI01G26260
wild	OR_W1943	1	22861225	22874596	-	ORUFI01G26270
wild	OR_W1943	1	22877460	22895086	+	ORUFI01G26280
wild	OR_W1943	1	22920467	22928299	+	ORUFI01G26290
wild	OR_W1943	1	22928771	22934151	+	ORUFI01G26300
wild	OR_W1943	1	22934962	22936428	+	ORUFI01G26310
wild	OR_W1943	1	22939730	22945375	+	ORUFI01G26320
wild	OR_W1943	1	22950427	22951785	+	ORUFI01G26330
wild	OR_W1943	1	22957205	22962521	-	ORUFI01G26340
wild	OR_W1943	1	23004259	23006526	+	ORUFI01G26350
wild	OR_W1943	1	23008143	23008679	-	ORUFI01G26360
wild	OR_W1943	1	23010504	23010847	-	ORUFI01G26370
wild	OR_W1943	1	23013526	23029915	+	ORUFI01G26380
wild	OR_W1943	1	23030675	23032163	-	ORUFI01G26390
wild	OR_W1943	1	23034802	23042068	+	ORUFI01G26400
wild	OR_W1943	1	23042907	23046358	+	ORUFI01G26410
wild	OR_W1943	1	23064072	23070625	+	ORUFI01G26420
wild	OR_W1943	1	23076696	23078783	+	ORUFI01G26430
wild	OR_W1943	1	23083578	23084017	-	ORUFI01G26440
wild	OR_W1943	1	23084106	23085000	-	ORUFI01G26450
wild	OR_W1943	1	23087182	23092138	+	ORUFI01G26460
wild	OR_W1943	1	23094296	23094604	+	ORUFI01G26470
wild	OR_W1943	1	23097167	23104241	+	ORUFI01G26480
wild	OR_W1943	1	23107230	23108021	-	ORUFI01G26490
wild	OR_W1943	1	23118202	23118588	-	ORUFI01G26500
wild	OR_W1943	1	23123124	23129513	+	ORUFI01G26510
wild	OR_W1943	1	23132119	23132800	-	ORUFI01G26520
wild	OR_W1943	1	23136249	23136809	-	ORUFI01G26530
wild	OR_W1943	1	23136422	23143344	+	ORUFI01G26540
wild	OR_W1943	1	23154196	23154711	-	ORUFI01G26550
wild	OR_W1943	1	23157074	23165448	+	ORUFI01G26560
wild	OR_W1943	1	23166387	23170359	+	ORUFI01G26570
wild	OR_W1943	1	23170630	23171386	+	ORUFI01G26580
wild	OR_W1943	1	23172008	23174535	+	ORUFI01G26590
wild	OR_W1943	1	23186200	23188199	+	ORUFI01G26600
wild	OR_W1943	1	23193662	23216188	-	ORUFI01G26610
wild	OR_W1943	1	23216115	23216531	+	ORUFI01G26620
wild	OR_W1943	1	23219955	23228345	-	ORUFI01G26630
wild	OR_W1943	1	23230135	23230992	-	ORUFI01G26640
wild	OR_W1943	1	23242614	23244616	-	ORUFI01G26650
wild	OR_W1943	1	23246139	23247694	-	ORUFI01G26660
wild	OR_W1943	1	23248783	23249406	-	ORUFI01G26670
wild	OR_W1943	1	23251971	23254258	+	ORUFI01G26680
wild	OR_W1943	1	23261168	23261449	+	ORUFI01G26690
wild	OR_W1943	1	23262807	23263127	-	ORUFI01G26700
wild	OR_W1943	1	23265288	23267370	+	ORUFI01G26710
wild	OR_W1943	1	23270000	23278104	+	ORUFI01G26720
wild	OR_W1943	1	23280317	23281015	-	ORUFI01G26730
wild	OR_W1943	1	23282245	23288356	-	ORUFI01G26740
wild	OR_W1943	1	23296254	23296703	+	ORUFI01G26750
wild	OR_W1943	1	23301530	23302611	-	ORUFI01G26760
wild	OR_W1943	1	23305370	23307238	-	ORUFI01G26770
wild	OR_W1943	1	23308376	23310587	-	ORUFI01G26780
wild	OR_W1943	1	23319888	23323875	+	ORUFI01G26790
wild	OR_W1943	1	23323915	23327743	+	ORUFI01G26800
wild	OR_W1943	1	23326778	23329418	-	ORUFI01G26810
wild	OR_W1943	1	23330509	23337522	-	ORUFI01G26820
wild	OR_W1943	1	23340416	23340767	+	ORUFI01G26830
wild	OR_W1943	1	23345872	23347661	+	ORUFI01G26840
wild	OR_W1943	1	23349502	23355411	-	ORUFI01G26850
wild	OR_W1943	1	23358554	23383887	-	ORUFI01G26860
wild	OR_W1943	1	23391167	23391801	-	ORUFI01G26870
wild	OR_W1943	1	23391248	23392749	+	ORUFI01G26880
wild	OR_W1943	1	23395243	23398157	-	ORUFI01G26890
wild	OR_W1943	1	23399337	23399785	+	ORUFI01G26900
wild	OR_W1943	1	23401780	23402578	+	ORUFI01G26910
wild	OR_W1943	1	23407602	23409077	+	ORUFI01G26920
wild	OR_W1943	1	23412661	23413098	-	ORUFI01G26930
wild	OR_W1943	1	23420955	23421269	+	ORUFI01G26940
wild	OR_W1943	1	23424918	23426408	+	ORUFI01G26950
wild	OR_W1943	1	23434966	23435580	+	ORUFI01G26960
wild	OR_W1943	1	23452253	23457417	+	ORUFI01G26970
wild	OR_W1943	1	23456257	23462593	-	ORUFI01G26980
wild	OR_W1943	1	23485031	23485777	+	ORUFI01G26990
wild	OR_W1943	1	23494516	23494987	+	ORUFI01G27000
wild	OR_W1943	1	23500619	23509192	+	ORUFI01G27010
wild	OR_W1943	1	23511569	23516205	+	ORUFI01G27020
wild	OR_W1943	1	23521806	23523575	-	ORUFI01G27030
wild	OR_W1943	1	23536704	23536883	-	ORUFI01G27040
wild	OR_W1943	1	23539903	23543399	+	ORUFI01G27050
wild	OR_W1943	1	23543561	23545599	-	ORUFI01G27060
wild	OR_W1943	1	23547686	23550883	-	ORUFI01G27070
wild	OR_W1943	1	23552980	23557460	+	ORUFI01G27080
wild	OR_W1943	1	23557524	23561784	+	ORUFI01G27090
wild	OR_W1943	1	23563804	23564667	+	ORUFI01G27100
wild	OR_W1943	1	23566702	23572017	+	ORUFI01G27110
wild	OR_W1943	1	23573564	23578577	-	ORUFI01G27120
wild	OR_W1943	1	23584011	23586907	+	ORUFI01G27130
wild	OR_W1943	1	23588298	23597369	+	ORUFI01G27140
wild	OR_W1943	1	23596379	23596774	-	ORUFI01G27150
wild	OR_W1943	1	23601891	23602424	+	ORUFI01G27160
wild	OR_W1943	1	23609021	23609932	-	ORUFI01G27170
wild	OR_W1943	1	23619452	23623284	+	ORUFI01G27180
wild	OR_W1943	1	23626057	23626734	-	ORUFI01G27190
wild	OR_W1943	1	23629332	23629878	-	ORUFI01G27200
wild	OR_W1943	1	23643967	23648568	+	ORUFI01G27210
wild	OR_W1943	1	23659285	23662321	-	ORUFI01G27220
wild	OR_W1943	1	23674775	23675195	-	ORUFI01G27230
wild	OR_W1943	1	23682508	23687552	-	ORUFI01G27240
wild	OR_W1943	1	23688060	23688542	+	ORUFI01G27250
wild	OR_W1943	1	23690855	23692763	+	ORUFI01G27260
wild	OR_W1943	1	23693144	23694280	-	ORUFI01G27270
wild	OR_W1943	1	23695901	23696125	-	ORUFI01G27280
wild	OR_W1943	1	23698365	23699137	-	ORUFI01G27290
wild	OR_W1943	1	23705204	23705611	+	ORUFI01G27300
wild	OR_W1943	1	23706402	23707386	+	ORUFI01G27310
wild	OR_W1943	1	23709318	23711668	+	ORUFI01G27320
wild	OR_W1943	1	23715367	23715897	+	ORUFI01G27330
wild	OR_W1943	1	23717629	23718986	-	ORUFI01G27340
wild	OR_W1943	1	23732068	23739051	+	ORUFI01G27350
wild	OR_W1943	1	23753272	23755504	+	ORUFI01G27360
wild	OR_W1943	1	23759729	23761307	-	ORUFI01G27370
wild	OR_W1943	1	23763106	23763741	-	ORUFI01G27380
wild	OR_W1943	1	23763557	23763808	+	ORUFI01G27390
wild	OR_W1943	1	23768858	23769790	+	ORUFI01G27400
wild	OR_W1943	1	23781563	23783905	+	ORUFI01G27410
wild	OR_W1943	1	23781581	23782972	-	ORUFI01G27420
wild	OR_W1943	1	23785066	23788012	+	ORUFI01G27430
wild	OR_W1943	1	23792189	23793670	-	ORUFI01G27440
wild	OR_W1943	1	23808686	23819632	-	ORUFI01G27450
wild	OR_W1943	1	23819291	23819869	+	ORUFI01G27460
wild	OR_W1943	1	23822610	23825139	+	ORUFI01G27470
wild	OR_W1943	1	23826026	23829869	-	ORUFI01G27480
wild	OR_W1943	1	23837635	23838215	-	ORUFI01G27490
wild	OR_W1943	1	23843160	23843589	-	ORUFI01G27500
wild	OR_W1943	1	23854602	23859043	+	ORUFI01G27510
wild	OR_W1943	1	23859762	23861401	-	ORUFI01G27520
wild	OR_W1943	1	23863186	23873612	-	ORUFI01G27530
wild	OR_W1943	1	23896065	23900115	+	ORUFI01G27540
wild	OR_W1943	1	23903584	23907304	+	ORUFI01G27550
wild	OR_W1943	1	23911231	23912774	+	ORUFI01G27560
wild	OR_W1943	1	23914656	23918393	-	ORUFI01G27570
wild	OR_W1943	1	23920636	23920986	-	ORUFI01G27580
wild	OR_W1943	1	23924988	23931403	+	ORUFI01G27590
wild	OR_W1943	1	23931584	23935744	+	ORUFI01G27600
wild	OR_W1943	1	23939279	23972760	+	ORUFI01G27610
wild	OR_W1943	1	23973575	23979371	+	ORUFI01G27620
wild	OR_W1943	1	23979482	23983411	+	ORUFI01G27630
wild	OR_W1943	1	23986790	23993171	+	ORUFI01G27640
wild	OR_W1943	1	23997096	23997888	-	ORUFI01G27650
wild	OR_W1943	1	24001945	24005935	+	ORUFI01G27670
wild	OR_W1943	1	24027235	24032951	+	ORUFI01G27680
wild	OR_W1943	1	24032674	24036907	-	ORUFI01G27690
wild	OR_W1943	1	24040279	24041029	+	ORUFI01G27700
wild	OR_W1943	1	24045965	24049066	-	ORUFI01G27710
wild	OR_W1943	1	24052040	24058090	+	ORUFI01G27720
wild	OR_W1943	1	24059988	24060398	+	ORUFI01G27730
wild	OR_W1943	1	24063570	24064952	-	ORUFI01G27740
wild	OR_W1943	1	24071624	24072287	-	ORUFI01G27750
wild	OR_W1943	1	24076643	24077924	-	ORUFI01G27760
wild	OR_W1943	1	24081898	24083409	+	ORUFI01G27770
wild	OR_W1943	1	24085069	24085299	-	ORUFI01G27780
wild	OR_W1943	1	24086501	24091480	-	ORUFI01G27790
wild	OR_W1943	1	24093241	24094167	-	ORUFI01G27800
wild	OR_W1943	1	24097419	24098496	-	ORUFI01G27810
wild	OR_W1943	1	24099280	24100196	+	ORUFI01G27820
wild	OR_W1943	1	24100738	24103554	-	ORUFI01G27830
wild	OR_W1943	1	24118547	24118726	-	ORUFI01G27840
wild	OR_W1943	1	24123161	24134930	-	ORUFI01G27850
wild	OR_W1943	1	24173758	24180973	+	ORUFI01G27860
wild	OR_W1943	1	24182363	24186510	-	ORUFI01G27870
wild	OR_W1943	1	24186610	24194269	+	ORUFI01G27880
wild	OR_W1943	1	24191375	24191626	-	ORUFI01G27890
wild	OR_W1943	1	24192634	24196223	-	ORUFI01G27900
wild	OR_W1943	1	24199617	24200430	-	ORUFI01G27910
wild	OR_W1943	1	24208380	24212686	+	ORUFI01G27920
wild	OR_W1943	1	24214061	24215448	-	ORUFI01G27930
wild	OR_W1943	1	24220926	24223534	+	ORUFI01G27940
wild	OR_W1943	1	24228730	24237256	+	ORUFI01G27950
wild	OR_W1943	1	24238819	24245829	-	ORUFI01G27960
wild	OR_W1943	1	24249428	24255467	+	ORUFI01G27970
wild	OR_W1943	1	24257091	24262042	+	ORUFI01G27980
wild	OR_W1943	1	24266271	24274440	+	ORUFI01G27990
wild	OR_W1943	1	24293770	24298939	+	ORUFI01G28000
wild	OR_W1943	1	24302768	24303088	-	ORUFI01G28010
wild	OR_W1943	1	24310509	24311704	-	ORUFI01G28020
wild	OR_W1943	1	24321811	24337192	-	ORUFI01G28030
wild	OR_W1943	1	24340477	24348419	+	ORUFI01G28040
wild	OR_W1943	1	24347837	24349596	-	ORUFI01G28050
wild	OR_W1943	1	24355962	24356861	-	ORUFI01G28060
wild	OR_W1943	1	24383544	24384616	-	ORUFI01G28070
wild	OR_W1943	1	24392319	24399352	-	ORUFI01G28080
wild	OR_W1943	1	24401238	24402629	+	ORUFI01G28090
wild	OR_W1943	1	24402988	24406213	-	ORUFI01G28100
wild	OR_W1943	1	24411035	24414551	-	ORUFI01G28110
wild	OR_W1943	1	24422687	24427685	+	ORUFI01G28120
wild	OR_W1943	1	24440251	24442157	-	ORUFI01G28130
wild	OR_W1943	1	24452550	24453578	+	ORUFI01G28140
wild	OR_W1943	1	24463568	24464788	+	ORUFI01G28150
wild	OR_W1943	1	24469121	24469546	-	ORUFI01G28160
wild	OR_W1943	1	24469828	24476964	+	ORUFI01G28170
wild	OR_W1943	1	24479038	24485885	-	ORUFI01G28180
wild	OR_W1943	1	24497940	24504874	+	ORUFI01G28190
wild	OR_W1943	1	24521958	24523238	+	ORUFI01G28200
wild	OR_W1943	1	24544528	24546656	-	ORUFI01G28210
wild	OR_W1943	1	24552161	24553234	-	ORUFI01G28220
wild	OR_W1943	1	24555769	24556134	+	ORUFI01G28230
wild	OR_W1943	1	24562610	24563839	-	ORUFI01G28240
wild	OR_W1943	1	24581067	24581666	-	ORUFI01G28250
wild	OR_W1943	1	24584271	24586862	+	ORUFI01G28260
wild	OR_W1943	1	24588229	24590289	+	ORUFI01G28270
wild	OR_W1943	1	24592563	24600478	+	ORUFI01G28280
wild	OR_W1943	1	24602424	24603218	-	ORUFI01G28290
wild	OR_W1943	1	24607029	24607682	-	ORUFI01G28300
wild	OR_W1943	1	24613512	24617591	+	ORUFI01G28310
wild	OR_W1943	1	24625166	24625615	+	ORUFI01G28320
wild	OR_W1943	1	24630854	24631800	+	ORUFI01G28330
wild	OR_W1943	1	24634870	24635427	+	ORUFI01G28340
wild	OR_W1943	1	24640815	24643378	-	ORUFI01G28350
wild	OR_W1943	1	24644298	24647528	-	ORUFI01G28360
wild	OR_W1943	1	24648964	24649853	-	ORUFI01G28370
wild	OR_W1943	1	24654433	24659617	+	ORUFI01G28380
wild	OR_W1943	1	24655391	24657181	-	ORUFI01G28390
wild	OR_W1943	1	24660622	24662030	+	ORUFI01G28400
wild	OR_W1943	1	24666156	24668416	+	ORUFI01G28410
wild	OR_W1943	1	24669218	24671284	+	ORUFI01G28420
wild	OR_W1943	1	24671512	24676506	+	ORUFI01G28430
wild	OR_W1943	1	24675587	24681398	-	ORUFI01G28440
wild	OR_W1943	1	24685008	24689953	+	ORUFI01G28450
wild	OR_W1943	1	24692020	24698270	-	ORUFI01G28460
wild	OR_W1943	1	24702182	24703254	-	ORUFI01G28470
wild	OR_W1943	1	24705052	24710698	+	ORUFI01G28480
wild	OR_W1943	1	24712634	24718896	+	ORUFI01G28490
wild	OR_W1943	1	24720408	24723298	-	ORUFI01G28500
wild	OR_W1943	1	24731426	24732737	+	ORUFI01G28510
wild	OR_W1943	1	24734290	24738442	+	ORUFI01G28520
wild	OR_W1943	1	24741086	24742102	+	ORUFI01G28530
wild	OR_W1943	1	24748340	24751065	+	ORUFI01G28540
wild	OR_W1943	1	24760846	24770730	+	ORUFI01G28550
wild	OR_W1943	1	24768479	24773513	-	ORUFI01G28560
wild	OR_W1943	1	24775188	24781015	+	ORUFI01G28570
wild	OR_W1943	1	24786501	24790590	-	ORUFI01G28580
wild	OR_W1943	1	24810419	24810964	+	ORUFI01G28590
wild	OR_W1943	1	24816356	24820066	-	ORUFI01G28600
wild	OR_W1943	1	24825151	24826111	+	ORUFI01G28610
wild	OR_W1943	1	24826184	24829861	+	ORUFI01G28620
wild	OR_W1943	1	24830201	24832403	-	ORUFI01G28630
wild	OR_W1943	1	24833554	24835853	-	ORUFI01G28640
wild	OR_W1943	1	24836116	24837912	+	ORUFI01G28650
wild	OR_W1943	1	24838011	24839451	-	ORUFI01G28660
wild	OR_W1943	1	24847370	24857937	+	ORUFI01G28670
wild	OR_W1943	1	24856821	24858330	-	ORUFI01G28680
wild	OR_W1943	1	24859148	24860356	-	ORUFI01G28690
wild	OR_W1943	1	24861680	24863892	-	ORUFI01G28700
wild	OR_W1943	1	24864883	24868566	-	ORUFI01G28710
wild	OR_W1943	1	24871324	24875149	+	ORUFI01G28720
wild	OR_W1943	1	24882411	24886161	-	ORUFI01G28730
wild	OR_W1943	1	24893699	24894025	-	ORUFI01G28740
wild	OR_W1943	1	24895024	24901155	+	ORUFI01G28750
wild	OR_W1943	1	24897252	24901062	-	ORUFI01G28760
wild	OR_W1943	1	24901120	24905846	-	ORUFI01G28770
wild	OR_W1943	1	24911191	24912040	-	ORUFI01G28780
wild	OR_W1943	1	24920412	24920855	-	ORUFI01G28790
wild	OR_W1943	1	24930220	24933350	+	ORUFI01G28800
wild	OR_W1943	1	24935116	24935859	-	ORUFI01G28810
wild	OR_W1943	1	24941330	24955253	+	ORUFI01G28820
wild	OR_W1943	1	24953532	24955919	-	ORUFI01G28830
wild	OR_W1943	1	24962522	24964915	-	ORUFI01G28840
wild	OR_W1943	1	24972368	24978046	-	ORUFI01G28850
wild	OR_W1943	1	24973788	24976133	+	ORUFI01G28860
wild	OR_W1943	1	25001222	25003681	-	ORUFI01G28870
wild	OR_W1943	1	25006447	25030520	+	ORUFI01G28880
wild	OR_W1943	1	25034967	25037411	-	ORUFI01G28890
wild	OR_W1943	1	25038695	25039000	+	ORUFI01G28900
wild	OR_W1943	1	25043740	25047730	+	ORUFI01G28910
wild	OR_W1943	1	25045067	25047403	-	ORUFI01G28920
wild	OR_W1943	1	25052489	25053155	+	ORUFI01G28930
wild	OR_W1943	1	25054706	25061498	+	ORUFI01G28940
wild	OR_W1943	1	25055836	25058154	-	ORUFI01G28950
wild	OR_W1943	1	25063389	25068615	-	ORUFI01G28960
wild	OR_W1943	1	25093270	25093914	+	ORUFI01G28970
wild	OR_W1943	1	25100339	25104451	+	ORUFI01G28980
wild	OR_W1943	1	25105541	25105829	-	ORUFI01G28990
wild	OR_W1943	1	25105958	25107392	-	ORUFI01G29000
wild	OR_W1943	1	25113886	25118025	-	ORUFI01G29010
wild	OR_W1943	1	25123322	25127963	-	ORUFI01G29020
wild	OR_W1943	1	25128692	25134621	+	ORUFI01G29030
wild	OR_W1943	1	25128910	25129685	-	ORUFI01G29040
wild	OR_W1943	1	25135299	25135936	+	ORUFI01G29050
wild	OR_W1943	1	25139532	25156913	+	ORUFI01G29060
wild	OR_W1943	1	25158925	25162491	+	ORUFI01G29070
wild	OR_W1943	1	25163315	25170010	-	ORUFI01G29080
wild	OR_W1943	1	25182804	25188490	+	ORUFI01G29090
wild	OR_W1943	1	25189427	25191541	-	ORUFI01G29100
wild	OR_W1943	1	25211244	25211549	-	ORUFI01G29110
wild	OR_W1943	1	25216313	25217488	+	ORUFI01G29120
wild	OR_W1943	1	25218645	25218914	-	ORUFI01G29130
wild	OR_W1943	1	25220120	25226373	-	ORUFI01G29140
wild	OR_W1943	1	25228634	25231230	-	ORUFI01G29150
wild	OR_W1943	1	25236270	25236750	+	ORUFI01G29160
wild	OR_W1943	1	25237047	25241183	-	ORUFI01G29170
wild	OR_W1943	1	25242181	25244946	-	ORUFI01G29180
wild	OR_W1943	1	25250552	25251470	-	ORUFI01G29190
wild	OR_W1943	1	25252892	25261938	-	ORUFI01G29200
wild	OR_W1943	1	25263338	25264764	+	ORUFI01G29210
wild	OR_W1943	1	25274389	25274774	+	ORUFI01G29220
wild	OR_W1943	1	25276158	25280735	-	ORUFI01G29230
wild	OR_W1943	1	25284923	25292213	+	ORUFI01G29240
wild	OR_W1943	1	25291761	25292422	-	ORUFI01G29250
wild	OR_W1943	1	25292325	25299533	+	ORUFI01G29260
wild	OR_W1943	1	25300283	25300504	+	ORUFI01G29270
wild	OR_W1943	1	25301829	25304913	+	ORUFI01G29280
wild	OR_W1943	1	25305627	25307407	-	ORUFI01G29290
wild	OR_W1943	1	25314402	25315517	-	ORUFI01G29300
wild	OR_W1943	1	25317923	25320544	-	ORUFI01G29310
wild	OR_W1943	1	25336850	25342110	+	ORUFI01G29320
wild	OR_W1943	1	25340893	25341774	-	ORUFI01G29330
wild	OR_W1943	1	25368511	25369236	+	ORUFI01G29340
wild	OR_W1943	1	25397405	25399824	+	ORUFI01G29350
wild	OR_W1943	1	25404177	25406363	+	ORUFI01G29360
wild	OR_W1943	1	25408314	25408856	-	ORUFI01G29370
wild	OR_W1943	1	25412769	25413136	-	ORUFI01G29380
wild	OR_W1943	1	25416565	25420753	+	ORUFI01G29390
wild	OR_W1943	1	25422429	25426638	+	ORUFI01G29400
wild	OR_W1943	1	25430302	25430640	-	ORUFI01G29410
wild	OR_W1943	1	25430855	25433246	-	ORUFI01G29420
wild	OR_W1943	1	25433861	25436629	+	ORUFI01G29430
wild	OR_W1943	1	25437844	25449309	+	ORUFI01G29440
wild	OR_W1943	1	25450393	25453302	+	ORUFI01G29450
wild	OR_W1943	1	25455570	25458353	+	ORUFI01G29460
wild	OR_W1943	1	25460252	25473896	-	ORUFI01G29470
wild	OR_W1943	1	25475363	25477574	+	ORUFI01G29480
wild	OR_W1943	1	25478278	25481512	-	ORUFI01G29490
wild	OR_W1943	1	25483332	25483956	-	ORUFI01G29500
wild	OR_W1943	1	25492939	25501323	+	ORUFI01G29510
wild	OR_W1943	1	25511362	25515882	+	ORUFI01G29520
wild	OR_W1943	1	25516057	25519819	+	ORUFI01G29530
wild	OR_W1943	1	25520265	25522445	-	ORUFI01G29540
wild	OR_W1943	1	25535888	25542910	+	ORUFI01G29550
wild	OR_W1943	1	25548254	25549372	+	ORUFI01G29560
wild	OR_W1943	1	25560804	25565919	+	ORUFI01G29570
wild	OR_W1943	1	25568572	25573406	-	ORUFI01G29580
wild	OR_W1943	1	25580851	25583268	-	ORUFI01G29590
wild	OR_W1943	1	25585013	25590772	-	ORUFI01G29600
wild	OR_W1943	1	25594038	25600087	+	ORUFI01G29610
wild	OR_W1943	1	25599588	25606039	-	ORUFI01G29620
wild	OR_W1943	1	25605915	25614949	+	ORUFI01G29630
wild	OR_W1943	1	25610162	25615237	-	ORUFI01G29640
wild	OR_W1943	1	25615248	25615639	-	ORUFI01G29650
wild	OR_W1943	1	25618868	25621912	+	ORUFI01G29660
wild	OR_W1943	1	25622654	25624885	-	ORUFI01G29670
wild	OR_W1943	1	25628220	25628609	-	ORUFI01G29680
wild	OR_W1943	1	25630839	25637088	-	ORUFI01G29690
wild	OR_W1943	1	25637529	25639109	+	ORUFI01G29700
wild	OR_W1943	1	25642407	25652989	-	ORUFI01G29710
wild	OR_W1943	1	25660567	25664652	+	ORUFI01G29720
wild	OR_W1943	1	25669306	25673782	-	ORUFI01G29730
wild	OR_W1943	1	25677478	25681314	+	ORUFI01G29740
wild	OR_W1943	1	25686827	25694418	+	ORUFI01G29750
wild	OR_W1943	1	25713377	25719172	+	ORUFI01G29760
wild	OR_W1943	1	25717848	25724451	-	ORUFI01G29770
wild	OR_W1943	1	25725450	25729639	+	ORUFI01G29780
wild	OR_W1943	1	25732683	25733497	+	ORUFI01G29790
wild	OR_W1943	1	25735432	25738836	-	ORUFI01G29800
wild	OR_W1943	1	25742158	25746048	+	ORUFI01G29810
wild	OR_W1943	1	25772876	25777501	+	ORUFI01G29820
wild	OR_W1943	1	25777882	25780923	-	ORUFI01G29830
wild	OR_W1943	1	25784759	25788324	-	ORUFI01G29840
wild	OR_W1943	1	25788746	25790007	-	ORUFI01G29850
wild	OR_W1943	1	25792189	25793552	+	ORUFI01G29860
wild	OR_W1943	1	25803639	25815271	-	ORUFI01G29870
wild	OR_W1943	1	25820020	25824488	+	ORUFI01G29880
wild	OR_W1943	1	25825145	25829640	+	ORUFI01G29890
wild	OR_W1943	1	25831860	25832360	+	ORUFI01G29900
wild	OR_W1943	1	25837287	25842425	+	ORUFI01G29910
wild	OR_W1943	1	25845869	25852119	+	ORUFI01G29920
wild	OR_W1943	1	25854917	25860064	+	ORUFI01G29930
wild	OR_W1943	1	25862012	25863361	+	ORUFI01G29940
wild	OR_W1943	1	25868350	25870340	-	ORUFI01G29950
wild	OR_W1943	1	25873652	25876208	+	ORUFI01G29960
wild	OR_W1943	1	25878815	25879404	+	ORUFI01G29970
wild	OR_W1943	1	25888180	25893623	+	ORUFI01G29980
wild	OR_W1943	1	25897498	25898406	-	ORUFI01G29990
wild	OR_W1943	1	25906119	25910114	+	ORUFI01G30000
wild	OR_W1943	1	25910360	25912569	-	ORUFI01G30010
wild	OR_W1943	1	25913197	25916518	-	ORUFI01G30020
wild	OR_W1943	1	25918381	25921456	-	ORUFI01G30030
wild	OR_W1943	1	25924335	25924854	-	ORUFI01G30040
wild	OR_W1943	1	25925371	25928373	-	ORUFI01G30050
wild	OR_W1943	1	25944855	25945946	+	ORUFI01G30060
wild	OR_W1943	1	25949093	25949608	-	ORUFI01G30070
wild	OR_W1943	1	25960368	25961168	-	ORUFI01G30080
wild	OR_W1943	1	25961167	25962143	+	ORUFI01G30090
wild	OR_W1943	1	25968345	25970116	-	ORUFI01G30100
wild	OR_W1943	1	25974779	25976561	+	ORUFI01G30110
wild	OR_W1943	1	25987770	25988225	+	ORUFI01G30130
wild	OR_W1943	1	25991760	26002512	-	ORUFI01G30140
wild	OR_W1943	1	26007870	26008201	-	ORUFI01G30150
wild	OR_W1943	1	26011588	26014839	-	ORUFI01G30160
wild	OR_W1943	1	26022674	26028507	+	ORUFI01G30170
wild	OR_W1943	1	26026858	26031831	-	ORUFI01G30180
wild	OR_W1943	1	26035438	26035890	-	ORUFI01G30190
wild	OR_W1943	1	26037747	26039209	-	ORUFI01G30200
wild	OR_W1943	1	26045401	26045844	+	ORUFI01G30210
wild	OR_W1943	1	26046994	26048027	+	ORUFI01G30220
wild	OR_W1943	1	26052427	26077072	+	ORUFI01G30230
wild	OR_W1943	1	26077355	26077666	-	ORUFI01G30240
wild	OR_W1943	1	26078097	26078435	-	ORUFI01G30250
wild	OR_W1943	1	26079107	26080367	+	ORUFI01G30260
wild	OR_W1943	1	26081121	26084495	-	ORUFI01G30270
wild	OR_W1943	1	26084655	26093322	+	ORUFI01G30280
wild	OR_W1943	1	26094828	26099693	+	ORUFI01G30290
wild	OR_W1943	1	26105819	26106654	-	ORUFI01G30300
wild	OR_W1943	1	26108004	26108794	-	ORUFI01G30310
wild	OR_W1943	1	26110927	26115650	+	ORUFI01G30320
wild	OR_W1943	1	26117194	26125705	+	ORUFI01G30330
wild	OR_W1943	1	26121830	26125939	-	ORUFI01G30340
wild	OR_W1943	1	26132567	26133274	-	ORUFI01G30350
wild	OR_W1943	1	26136479	26138663	+	ORUFI01G30360
wild	OR_W1943	1	26138794	26139741	+	ORUFI01G30370
wild	OR_W1943	1	26142906	26147306	+	ORUFI01G30380
wild	OR_W1943	1	26159744	26160925	-	ORUFI01G30390
wild	OR_W1943	1	26190137	26191544	+	ORUFI01G30400
wild	OR_W1943	1	26192957	26194534	-	ORUFI01G30410
wild	OR_W1943	1	26196704	26198927	-	ORUFI01G30420
wild	OR_W1943	1	26203099	26206866	+	ORUFI01G30430
wild	OR_W1943	1	26208177	26213313	+	ORUFI01G30440
wild	OR_W1943	1	26214880	26218836	-	ORUFI01G30450
wild	OR_W1943	1	26220244	26229964	+	ORUFI01G30460
wild	OR_W1943	1	26223280	26237402	-	ORUFI01G30470
wild	OR_W1943	1	26244999	26245355	-	ORUFI01G30480
wild	OR_W1943	1	26245421	26250113	-	ORUFI01G30490
wild	OR_W1943	1	26250686	26252048	-	ORUFI01G30500
wild	OR_W1943	1	26253887	26260096	+	ORUFI01G30510
wild	OR_W1943	1	26260747	26263221	-	ORUFI01G30520
wild	OR_W1943	1	26264945	26269760	+	ORUFI01G30530
wild	OR_W1943	1	26271383	26276444	+	ORUFI01G30540
wild	OR_W1943	1	26277317	26284246	-	ORUFI01G30550
wild	OR_W1943	1	26293990	26305934	+	ORUFI01G30560
wild	OR_W1943	1	26297799	26305356	-	ORUFI01G30570
wild	OR_W1943	1	26305466	26308849	-	ORUFI01G30580
wild	OR_W1943	1	26310549	26317631	+	ORUFI01G30590
wild	OR_W1943	1	26311364	26318024	-	ORUFI01G30600
wild	OR_W1943	1	26321575	26322711	+	ORUFI01G30610
wild	OR_W1943	1	26323942	26329003	+	ORUFI01G30620
wild	OR_W1943	1	26326088	26327742	-	ORUFI01G30630
wild	OR_W1943	1	26345676	26353138	+	ORUFI01G30640
wild	OR_W1943	1	26355308	26356669	+	ORUFI01G30650
wild	OR_W1943	1	26361599	26363131	-	ORUFI01G30660
wild	OR_W1943	1	26368226	26368780	-	ORUFI01G30670
wild	OR_W1943	1	26370708	26372735	-	ORUFI01G30680
wild	OR_W1943	1	26374850	26375173	-	ORUFI01G30690
wild	OR_W1943	1	26376309	26378547	-	ORUFI01G30700
wild	OR_W1943	1	26380531	26384662	-	ORUFI01G30710
wild	OR_W1943	1	26387811	26388848	-	ORUFI01G30720
wild	OR_W1943	1	26391343	26396897	+	ORUFI01G30730
wild	OR_W1943	1	26397116	26398148	-	ORUFI01G30740
wild	OR_W1943	1	26398638	26403223	+	ORUFI01G30750
wild	OR_W1943	1	26416283	26416922	-	ORUFI01G30760
wild	OR_W1943	1	26419219	26422377	+	ORUFI01G30770
wild	OR_W1943	1	26427075	26428529	+	ORUFI01G30780
wild	OR_W1943	1	26429865	26430299	-	ORUFI01G30790
wild	OR_W1943	1	26439399	26440655	+	ORUFI01G30800
wild	OR_W1943	1	26444382	26453433	-	ORUFI01G30810
wild	OR_W1943	1	26458026	26459613	+	ORUFI01G30820
wild	OR_W1943	1	26461469	26462821	+	ORUFI01G30830
wild	OR_W1943	1	26476247	26480577	+	ORUFI01G30840
wild	OR_W1943	1	26481322	26489726	+	ORUFI01G30850
wild	OR_W1943	1	26490311	26491784	-	ORUFI01G30860
wild	OR_W1943	1	26500322	26513270	+	ORUFI01G30870
wild	OR_W1943	1	26528994	26547666	+	ORUFI01G30880
wild	OR_W1943	1	26550440	26552935	-	ORUFI01G30890
wild	OR_W1943	1	26567292	26575994	-	ORUFI01G30900
wild	OR_W1943	1	26588779	26594044	+	ORUFI01G30910
wild	OR_W1943	1	26594558	26603995	+	ORUFI01G30920
wild	OR_W1943	1	26604161	26609295	+	ORUFI01G30930
wild	OR_W1943	1	26632325	26636771	-	ORUFI01G30950
wild	OR_W1943	1	26640346	26642458	+	ORUFI01G30960
wild	OR_W1943	1	26646069	26651178	+	ORUFI01G30970
wild	OR_W1943	1	26654167	26658327	+	ORUFI01G30980
wild	OR_W1943	1	26658997	26659665	+	ORUFI01G30990
wild	OR_W1943	1	26663091	26663833	-	ORUFI01G31000
wild	OR_W1943	1	26668045	26669595	+	ORUFI01G31010
wild	OR_W1943	1	26671050	26674115	+	ORUFI01G31020
wild	OR_W1943	1	26681290	26682570	-	ORUFI01G31030
wild	OR_W1943	1	26685375	26687297	-	ORUFI01G31040
wild	OR_W1943	1	26694822	26699391	+	ORUFI01G31050
wild	OR_W1943	1	26702472	26702783	-	ORUFI01G31060
wild	OR_W1943	1	26705577	26706508	+	ORUFI01G31070
wild	OR_W1943	1	26707680	26711858	-	ORUFI01G31080
wild	OR_W1943	1	26712150	26719133	+	ORUFI01G31090
wild	OR_W1943	1	26724524	26727302	-	ORUFI01G31100
wild	OR_W1943	1	26732447	26736582	+	ORUFI01G31110
wild	OR_W1943	1	26736993	26737540	-	ORUFI01G31120
wild	OR_W1943	1	26739924	26742479	-	ORUFI01G31130
wild	OR_W1943	1	26757366	26767277	+	ORUFI01G31140
wild	OR_W1943	1	26769543	26770404	-	ORUFI01G31150
wild	OR_W1943	1	26775899	26776573	+	ORUFI01G31160
wild	OR_W1943	1	26777268	26778127	-	ORUFI01G31170
wild	OR_W1943	1	26784421	26790360	-	ORUFI01G31180
wild	OR_W1943	1	26786871	26787775	+	ORUFI01G31190
wild	OR_W1943	1	26790519	26796120	+	ORUFI01G31200
wild	OR_W1943	1	26806545	26807930	+	ORUFI01G31210
wild	OR_W1943	1	26812209	26816794	-	ORUFI01G31220
wild	OR_W1943	1	26821418	26823604	-	ORUFI01G31230
wild	OR_W1943	1	26826153	26829455	+	ORUFI01G31240
wild	OR_W1943	1	26831189	26836742	+	ORUFI01G31250
wild	OR_W1943	1	26847512	26853954	+	ORUFI01G31270
wild	OR_W1943	1	26855218	26862611	+	ORUFI01G31280
wild	OR_W1943	1	26859570	26863505	-	ORUFI01G31290
wild	OR_W1943	1	26864336	26865463	-	ORUFI01G31300
wild	OR_W1943	1	26867984	26868175	+	ORUFI01G31310
wild	OR_W1943	1	26868997	26875780	-	ORUFI01G31320
wild	OR_W1943	1	26885272	26886050	+	ORUFI01G31330
wild	OR_W1943	1	26889095	26891789	+	ORUFI01G31340
wild	OR_W1943	1	26900433	26901614	-	ORUFI01G31350
wild	OR_W1943	1	26901663	26902997	-	ORUFI01G31360
wild	OR_W1943	1	26922601	26928130	+	ORUFI01G31370
wild	OR_W1943	1	26928882	26930195	+	ORUFI01G31380
wild	OR_W1943	1	26931683	26936657	+	ORUFI01G31390
wild	OR_W1943	1	26939976	26945170	+	ORUFI01G31400
wild	OR_W1943	1	26946176	26948289	-	ORUFI01G31410
wild	OR_W1943	1	26951272	26955885	+	ORUFI01G31420
wild	OR_W1943	1	26956949	26959063	-	ORUFI01G31430
wild	OR_W1943	1	26964266	26964637	+	ORUFI01G31440
wild	OR_W1943	1	26968322	26972839	+	ORUFI01G31450
wild	OR_W1943	1	26985262	26985555	-	ORUFI01G31470
wild	OR_W1943	1	26988796	26992615	+	ORUFI01G31480
wild	OR_W1943	1	26993336	27001681	-	ORUFI01G31490
wild	OR_W1943	1	27011127	27017264	+	ORUFI01G31500
wild	OR_W1943	1	27018377	27019180	+	ORUFI01G31510
wild	OR_W1943	1	27023411	27024676	-	ORUFI01G31520
wild	OR_W1943	1	27037385	27038919	-	ORUFI01G31530
wild	OR_W1943	1	27040440	27046174	+	ORUFI01G31540
wild	OR_W1943	1	27048503	27052502	+	ORUFI01G31550
wild	OR_W1943	1	27056253	27058035	+	ORUFI01G31560
wild	OR_W1943	1	27061149	27065293	-	ORUFI01G31570
wild	OR_W1943	1	27067244	27074290	+	ORUFI01G31580
wild	OR_W1943	1	27075685	27079221	+	ORUFI01G31590
wild	OR_W1943	1	27079725	27082892	+	ORUFI01G31600
wild	OR_W1943	1	27086158	27090179	+	ORUFI01G31610
wild	OR_W1943	1	27088010	27090468	-	ORUFI01G31620
wild	OR_W1943	1	27091170	27091784	+	ORUFI01G31630
wild	OR_W1943	1	27093196	27093786	-	ORUFI01G31640
wild	OR_W1943	1	27094414	27094605	+	ORUFI01G31650
wild	OR_W1943	1	27098058	27102157	-	ORUFI01G31660
wild	OR_W1943	1	27102544	27103143	+	ORUFI01G31670
wild	OR_W1943	1	27107354	27107863	-	ORUFI01G31680
wild	OR_W1943	1	27108513	27110531	-	ORUFI01G31690
wild	OR_W1943	1	27115568	27116515	-	ORUFI01G31700
wild	OR_W1943	1	27131803	27132246	+	ORUFI01G31720
wild	OR_W1943	1	27135583	27137149	+	ORUFI01G31730
wild	OR_W1943	1	27137216	27137794	-	ORUFI01G31740
wild	OR_W1943	1	27138171	27138704	-	ORUFI01G31750
wild	OR_W1943	1	27148803	27153930	+	ORUFI01G31760
wild	OR_W1943	1	27156873	27161103	+	ORUFI01G31770
wild	OR_W1943	1	27164134	27184899	-	ORUFI01G31780
wild	OR_W1943	1	27190025	27193574	-	ORUFI01G31790
wild	OR_W1943	1	27193791	27199787	-	ORUFI01G31800
wild	OR_W1943	1	27203776	27204212	+	ORUFI01G31810
wild	OR_W1943	1	27211664	27212170	+	ORUFI01G31820
wild	OR_W1943	1	27223569	27224034	+	ORUFI01G31830
wild	OR_W1943	1	27227132	27228816	-	ORUFI01G31840
wild	OR_W1943	1	27235265	27240236	-	ORUFI01G31850
wild	OR_W1943	1	27241836	27244915	-	ORUFI01G31860
wild	OR_W1943	1	27246624	27256225	+	ORUFI01G31870
wild	OR_W1943	1	27257886	27261209	+	ORUFI01G31880
wild	OR_W1943	1	27261913	27263013	+	ORUFI01G31890
wild	OR_W1943	1	27268961	27277637	+	ORUFI01G31900
wild	OR_W1943	1	27278059	27280832	-	ORUFI01G31910
wild	OR_W1943	1	27281488	27289204	+	ORUFI01G31920
wild	OR_W1943	1	27282051	27284537	-	ORUFI01G31930
wild	OR_W1943	1	27291230	27291957	-	ORUFI01G31940
wild	OR_W1943	1	27292306	27294132	-	ORUFI01G31950
wild	OR_W1943	1	27307331	27311305	-	ORUFI01G31960
wild	OR_W1943	1	27316530	27317984	-	ORUFI01G31970
wild	OR_W1943	1	27322282	27328191	+	ORUFI01G31980
wild	OR_W1943	1	27337792	27343960	+	ORUFI01G31990
wild	OR_W1943	1	27351171	27354432	-	ORUFI01G32000
wild	OR_W1943	1	27359667	27360867	+	ORUFI01G32010
wild	OR_W1943	1	27362537	27363597	+	ORUFI01G32020
wild	OR_W1943	1	27378683	27383410	+	ORUFI01G32030
wild	OR_W1943	1	27383698	27403331	+	ORUFI01G32040
wild	OR_W1943	1	27387852	27388142	-	ORUFI01G32050
wild	OR_W1943	1	27405037	27407262	+	ORUFI01G32060
wild	OR_W1943	1	27408134	27408568	-	ORUFI01G32070
wild	OR_W1943	1	27431760	27435122	-	ORUFI01G32080
wild	OR_W1943	1	27440737	27441543	+	ORUFI01G32090
wild	OR_W1943	1	27446975	27451730	+	ORUFI01G32100
wild	OR_W1943	1	27452248	27452748	+	ORUFI01G32110
wild	OR_W1943	1	27454707	27455675	-	ORUFI01G32120
wild	OR_W1943	1	27463776	27466163	+	ORUFI01G32130
wild	OR_W1943	1	27467674	27468809	-	ORUFI01G32140
wild	OR_W1943	1	27469025	27474080	-	ORUFI01G32150
wild	OR_W1943	1	27493464	27499306	+	ORUFI01G32160
wild	OR_W1943	1	27500592	27507392	+	ORUFI01G32170
wild	OR_W1943	1	27509917	27512334	+	ORUFI01G32180
wild	OR_W1943	1	27514786	27518483	+	ORUFI01G32190
wild	OR_W1943	1	27520565	27521521	+	ORUFI01G32200
wild	OR_W1943	1	27522315	27523655	-	ORUFI01G32210
wild	OR_W1943	1	27524162	27526390	-	ORUFI01G32220
wild	OR_W1943	1	27527867	27530329	-	ORUFI01G32230
wild	OR_W1943	1	27532114	27532938	-	ORUFI01G32240
wild	OR_W1943	1	27537653	27538450	+	ORUFI01G32250
wild	OR_W1943	1	27539416	27547732	-	ORUFI01G32260
wild	OR_W1943	1	27549166	27550077	+	ORUFI01G32270
wild	OR_W1943	1	27553999	27563294	+	ORUFI01G32280
wild	OR_W1943	1	27565793	27565990	+	ORUFI01G32290
wild	OR_W1943	1	27567666	27578598	+	ORUFI01G32300
wild	OR_W1943	1	27578628	27594627	+	ORUFI01G32310
wild	OR_W1943	1	27597278	27600188	-	ORUFI01G32320
wild	OR_W1943	1	27604232	27611073	+	ORUFI01G32330
wild	OR_W1943	1	27619136	27620841	+	ORUFI01G32340
wild	OR_W1943	1	27622028	27622258	+	ORUFI01G32350
wild	OR_W1943	1	27626965	27627360	+	ORUFI01G32360
wild	OR_W1943	1	27628428	27630183	+	ORUFI01G32370
wild	OR_W1943	1	27630199	27630720	+	ORUFI01G32380
wild	OR_W1943	1	27631188	27637433	+	ORUFI01G32390
wild	OR_W1943	1	27640950	27643723	-	ORUFI01G32400
wild	OR_W1943	1	27653040	27655122	+	ORUFI01G32410
wild	OR_W1943	1	27655589	27657077	-	ORUFI01G32420
wild	OR_W1943	1	27663674	27669077	+	ORUFI01G32430
wild	OR_W1943	1	27670810	27676385	+	ORUFI01G32440
wild	OR_W1943	1	27677917	27691546	+	ORUFI01G32450
wild	OR_W1943	1	27686902	27692554	-	ORUFI01G32460
wild	OR_W1943	1	27709854	27711952	-	ORUFI01G32470
wild	OR_W1943	1	27713172	27716631	+	ORUFI01G32480
wild	OR_W1943	1	27719731	27720591	-	ORUFI01G32490
wild	OR_W1943	1	27721165	27730534	+	ORUFI01G32500
wild	OR_W1943	1	27733110	27733778	+	ORUFI01G32510
wild	OR_W1943	1	27737352	27737842	-	ORUFI01G32520
wild	OR_W1943	1	27739429	27745860	+	ORUFI01G32530
wild	OR_W1943	1	27746115	27748425	+	ORUFI01G32540
wild	OR_W1943	1	27749839	27759287	+	ORUFI01G32550
wild	OR_W1943	1	27759378	27762885	+	ORUFI01G32560
wild	OR_W1943	1	27765925	27771956	+	ORUFI01G32570
wild	OR_W1943	1	27771866	27772473	-	ORUFI01G32580
wild	OR_W1943	1	27781025	27781766	-	ORUFI01G32590
wild	OR_W1943	1	27786258	27788343	-	ORUFI01G32600
wild	OR_W1943	1	27801562	27804366	+	ORUFI01G32610
wild	OR_W1943	1	27811487	27812676	-	ORUFI01G32620
wild	OR_W1943	1	27818265	27822908	+	ORUFI01G32630
wild	OR_W1943	1	27824899	27825165	+	ORUFI01G32640
wild	OR_W1943	1	27826499	27829915	+	ORUFI01G32650
wild	OR_W1943	1	27830378	27830770	-	ORUFI01G32660
wild	OR_W1943	1	27845666	27846949	-	ORUFI01G32670
wild	OR_W1943	1	27852821	27857408	-	ORUFI01G32680
wild	OR_W1943	1	27859463	27867336	+	ORUFI01G32690
wild	OR_W1943	1	27869558	27871700	+	ORUFI01G32700
wild	OR_W1943	1	27871895	27877974	-	ORUFI01G32710
wild	OR_W1943	1	27880902	27885086	-	ORUFI01G32720
wild	OR_W1943	1	27887535	27888334	-	ORUFI01G32730
wild	OR_W1943	1	27888793	27889588	+	ORUFI01G32740
wild	OR_W1943	1	27893446	27894276	-	ORUFI01G32750
wild	OR_W1943	1	27895676	27904754	+	ORUFI01G32760
wild	OR_W1943	1	27895766	27896188	-	ORUFI01G32770
wild	OR_W1943	1	27909942	27911306	+	ORUFI01G32780
wild	OR_W1943	1	27916032	27916502	-	ORUFI01G32790
wild	OR_W1943	1	27916676	27918619	-	ORUFI01G32800
wild	OR_W1943	1	27931090	27935589	+	ORUFI01G32810
wild	OR_W1943	1	27936727	27938220	+	ORUFI01G32820
wild	OR_W1943	1	27937929	27939516	-	ORUFI01G32830
wild	OR_W1943	1	27943511	27945291	-	ORUFI01G32840
wild	OR_W1943	1	27949898	27954455	+	ORUFI01G32850
wild	OR_W1943	1	27956447	27958060	-	ORUFI01G32860
wild	OR_W1943	1	27962487	27965854	+	ORUFI01G32870
wild	OR_W1943	1	27965337	27965795	-	ORUFI01G32880
wild	OR_W1943	1	27970576	27971668	-	ORUFI01G32890
wild	OR_W1943	1	27977423	27979540	+	ORUFI01G32900
wild	OR_W1943	1	27981405	27985926	-	ORUFI01G32910
wild	OR_W1943	1	27992535	27996755	-	ORUFI01G32920
wild	OR_W1943	1	28002263	28011038	-	ORUFI01G32930
wild	OR_W1943	1	28006553	28006995	+	ORUFI01G32940
wild	OR_W1943	1	28015122	28018309	-	ORUFI01G32950
wild	OR_W1943	1	28020732	28031345	+	ORUFI01G32960
wild	OR_W1943	1	28022821	28023033	-	ORUFI01G32970
wild	OR_W1943	1	28032388	28033359	+	ORUFI01G32980
wild	OR_W1943	1	28038202	28050918	+	ORUFI01G32990
wild	OR_W1943	1	28050959	28053975	+	ORUFI01G33000
wild	OR_W1943	1	28062232	28062857	-	ORUFI01G33010
wild	OR_W1943	1	28063341	28063589	-	ORUFI01G33020
wild	OR_W1943	1	28067737	28069453	+	ORUFI01G33030
wild	OR_W1943	1	28075454	28078238	+	ORUFI01G33040
wild	OR_W1943	1	28079620	28084052	-	ORUFI01G33050
wild	OR_W1943	1	28087075	28087266	-	ORUFI01G33060
wild	OR_W1943	1	28089822	28093925	+	ORUFI01G33070
wild	OR_W1943	1	28096924	28103243	+	ORUFI01G33080
wild	OR_W1943	1	28108916	28117187	+	ORUFI01G33090
wild	OR_W1943	1	28122653	28124098	+	ORUFI01G33100
wild	OR_W1943	1	28124920	28125423	-	ORUFI01G33110
wild	OR_W1943	1	28147003	28156649	+	ORUFI01G33120
wild	OR_W1943	1	28161418	28169420	-	ORUFI01G33130
wild	OR_W1943	1	28177196	28178530	+	ORUFI01G33140
wild	OR_W1943	1	28178610	28180025	-	ORUFI01G33150
wild	OR_W1943	1	28178665	28183906	+	ORUFI01G33160
wild	OR_W1943	1	28185228	28185983	+	ORUFI01G33170
wild	OR_W1943	1	28196895	28197488	-	ORUFI01G33180
wild	OR_W1943	1	28204563	28207280	+	ORUFI01G33190
wild	OR_W1943	1	28212986	28213702	-	ORUFI01G33200
wild	OR_W1943	1	28216613	28224243	+	ORUFI01G33210
wild	OR_W1943	1	28225820	28228675	+	ORUFI01G33220
wild	OR_W1943	1	28230638	28231264	+	ORUFI01G33230
wild	OR_W1943	1	28234611	28235237	+	ORUFI01G33240
wild	OR_W1943	1	28238038	28242072	-	ORUFI01G33250
wild	OR_W1943	1	28242143	28245475	+	ORUFI01G33260
wild	OR_W1943	1	28248858	28252048	+	ORUFI01G33270
wild	OR_W1943	1	28251679	28259177	-	ORUFI01G33280
wild	OR_W1943	1	28277337	28282076	+	ORUFI01G33290
wild	OR_W1943	1	28283327	28284004	+	ORUFI01G33300
wild	OR_W1943	1	28288576	28290363	+	ORUFI01G33310
wild	OR_W1943	1	28291729	28295771	+	ORUFI01G33320
wild	OR_W1943	1	28297888	28304059	-	ORUFI01G33330
wild	OR_W1943	1	28305390	28305967	+	ORUFI01G33340
wild	OR_W1943	1	28307339	28315562	-	ORUFI01G33350
wild	OR_W1943	1	28324251	28328168	+	ORUFI01G33360
wild	OR_W1943	1	28335063	28343353	+	ORUFI01G33370
wild	OR_W1943	1	28341817	28342757	-	ORUFI01G33380
wild	OR_W1943	1	28346015	28349133	+	ORUFI01G33390
wild	OR_W1943	1	28354062	28357397	+	ORUFI01G33400
wild	OR_W1943	1	28372250	28375694	+	ORUFI01G33410
wild	OR_W1943	1	28378278	28392536	-	ORUFI01G33420
wild	OR_W1943	1	28401745	28402395	-	ORUFI01G33430
wild	OR_W1943	1	28404431	28409275	-	ORUFI01G33440
wild	OR_W1943	1	28409991	28410418	-	ORUFI01G33450
wild	OR_W1943	1	28416985	28419941	+	ORUFI01G33460
wild	OR_W1943	1	28419996	28420304	+	ORUFI01G33470
wild	OR_W1943	1	28422726	28426915	+	ORUFI01G33480
wild	OR_W1943	1	28431147	28436253	+	ORUFI01G33490
wild	OR_W1943	1	28439972	28441525	-	ORUFI01G33500
wild	OR_W1943	1	28448005	28452775	+	ORUFI01G33510
wild	OR_W1943	1	28453721	28454671	-	ORUFI01G33520
wild	OR_W1943	1	28463404	28467987	+	ORUFI01G33530
wild	OR_W1943	1	28467456	28471152	-	ORUFI01G33540
wild	OR_W1943	1	28477125	28477687	-	ORUFI01G33550
wild	OR_W1943	1	28482680	28483347	+	ORUFI01G33560
wild	OR_W1943	1	28483486	28483823	-	ORUFI01G33570
wild	OR_W1943	1	28494078	28497733	+	ORUFI01G33580
wild	OR_W1943	1	28503337	28505988	-	ORUFI01G33590
wild	OR_W1943	1	28510646	28511151	-	ORUFI01G33600
wild	OR_W1943	1	28513153	28518260	+	ORUFI01G33610
wild	OR_W1943	1	28517868	28524258	-	ORUFI01G33620
wild	OR_W1943	1	28524465	28529455	+	ORUFI01G33630
wild	OR_W1943	1	28530071	28530478	+	ORUFI01G33640
wild	OR_W1943	1	28530742	28535427	-	ORUFI01G33650
wild	OR_W1943	1	28537632	28542938	+	ORUFI01G33660
wild	OR_W1943	1	28544328	28545974	+	ORUFI01G33670
wild	OR_W1943	1	28548241	28556372	+	ORUFI01G33680
wild	OR_W1943	1	28557144	28558901	+	ORUFI01G33690
wild	OR_W1943	1	28560460	28565023	-	ORUFI01G33700
wild	OR_W1943	1	28569423	28580310	-	ORUFI01G33710
wild	OR_W1943	1	28581915	28592089	-	ORUFI01G33720
wild	OR_W1943	1	28597449	28599460	+	ORUFI01G33730
wild	OR_W1943	1	28599874	28602437	+	ORUFI01G33740
wild	OR_W1943	1	28614327	28616000	-	ORUFI01G33750
wild	OR_W1943	1	28622906	28623698	+	ORUFI01G33760
wild	OR_W1943	1	28628164	28636409	+	ORUFI01G33770
wild	OR_W1943	1	28654356	28657478	-	ORUFI01G33780
wild	OR_W1943	1	28676520	28679102	-	ORUFI01G33790
wild	OR_W1943	1	28680156	28680461	-	ORUFI01G33800
wild	OR_W1943	1	28687538	28687741	+	ORUFI01G33810
wild	OR_W1943	1	28700331	28702912	+	ORUFI01G33820
wild	OR_W1943	1	28703392	28706399	-	ORUFI01G33830
wild	OR_W1943	1	28711891	28715866	+	ORUFI01G33840
wild	OR_W1943	1	28715022	28716185	-	ORUFI01G33850
wild	OR_W1943	1	28717227	28721478	+	ORUFI01G33860
wild	OR_W1943	1	28727551	28728246	-	ORUFI01G33870
wild	OR_W1943	1	28730958	28731237	+	ORUFI01G33880
wild	OR_W1943	1	28737085	28741424	-	ORUFI01G33890
wild	OR_W1943	1	28747448	28748269	-	ORUFI01G33900
wild	OR_W1943	1	28749890	28751029	-	ORUFI01G33910
wild	OR_W1943	1	28753757	28754185	-	ORUFI01G33920
wild	OR_W1943	1	28757038	28757466	-	ORUFI01G33930
wild	OR_W1943	1	28760598	28762560	+	ORUFI01G33940
wild	OR_W1943	1	28762742	28766160	-	ORUFI01G33950
wild	OR_W1943	1	28772644	28774986	+	ORUFI01G33960
wild	OR_W1943	1	28779437	28783177	+	ORUFI01G33970
wild	OR_W1943	1	28785949	28788541	+	ORUFI01G33980
wild	OR_W1943	1	28789004	28791759	+	ORUFI01G33990
wild	OR_W1943	1	28792407	28799115	+	ORUFI01G34000
wild	OR_W1943	1	28795828	28796327	-	ORUFI01G34010
wild	OR_W1943	1	28799830	28802637	+	ORUFI01G34020
wild	OR_W1943	1	28803533	28806935	-	ORUFI01G34030
wild	OR_W1943	1	28811060	28811680	+	ORUFI01G34040
wild	OR_W1943	1	28822601	28823575	+	ORUFI01G34050
wild	OR_W1943	1	28826963	28832268	+	ORUFI01G34060
wild	OR_W1943	1	28835675	28843219	+	ORUFI01G34070
wild	OR_W1943	1	28841402	28842596	-	ORUFI01G34080
wild	OR_W1943	1	28854851	28860875	+	ORUFI01G34090
wild	OR_W1943	1	28863830	28865101	-	ORUFI01G34100
wild	OR_W1943	1	28872646	28876125	-	ORUFI01G34110
wild	OR_W1943	1	28880572	28883727	-	ORUFI01G34120
wild	OR_W1943	1	28893710	28896148	-	ORUFI01G34130
wild	OR_W1943	1	28907093	28908361	-	ORUFI01G34140
wild	OR_W1943	1	28908286	28908720	+	ORUFI01G34150
wild	OR_W1943	1	28910813	28911047	-	ORUFI01G34160
wild	OR_W1943	1	28915486	28916888	+	ORUFI01G34170
wild	OR_W1943	1	28918438	28927104	+	ORUFI01G34180
wild	OR_W1943	1	28928115	28928567	+	ORUFI01G34190
wild	OR_W1943	1	28931228	28933881	-	ORUFI01G34200
wild	OR_W1943	1	28953149	28957905	+	ORUFI01G34210
wild	OR_W1943	1	28955592	28960316	-	ORUFI01G34220
wild	OR_W1943	1	28963144	28964375	-	ORUFI01G34230
wild	OR_W1943	1	28965193	28967780	-	ORUFI01G34240
wild	OR_W1943	1	28971502	28972352	+	ORUFI01G34250
wild	OR_W1943	1	28973599	28979080	-	ORUFI01G34260
wild	OR_W1943	1	28979316	28987236	+	ORUFI01G34270
wild	OR_W1943	1	28989165	28992209	-	ORUFI01G34280
wild	OR_W1943	1	28996150	29000416	-	ORUFI01G34290
wild	OR_W1943	1	29002833	29009222	+	ORUFI01G34300
wild	OR_W1943	1	29008924	29011011	-	ORUFI01G34310
wild	OR_W1943	1	29012035	29013285	-	ORUFI01G34320
wild	OR_W1943	1	29014375	29015770	+	ORUFI01G34330
wild	OR_W1943	1	29018881	29024616	-	ORUFI01G34340
wild	OR_W1943	1	29029477	29030623	+	ORUFI01G34350
wild	OR_W1943	1	29031177	29032217	+	ORUFI01G34360
wild	OR_W1943	1	29035621	29036734	-	ORUFI01G34370
wild	OR_W1943	1	29037053	29040070	+	ORUFI01G34380
wild	OR_W1943	1	29039915	29041780	-	ORUFI01G34390
wild	OR_W1943	1	29042694	29049574	-	ORUFI01G34400
wild	OR_W1943	1	29053071	29057526	-	ORUFI01G34410
wild	OR_W1943	1	29060656	29060925	-	ORUFI01G34420
wild	OR_W1943	1	29063222	29065213	-	ORUFI01G34430
wild	OR_W1943	1	29070580	29070867	-	ORUFI01G34440
wild	OR_W1943	1	29078460	29090501	-	ORUFI01G34450
wild	OR_W1943	1	29098545	29102357	+	ORUFI01G34460
wild	OR_W1943	1	29111776	29112492	+	ORUFI01G34470
wild	OR_W1943	1	29119004	29120770	-	ORUFI01G34480
wild	OR_W1943	1	29126000	29129035	-	ORUFI01G34490
wild	OR_W1943	1	29129622	29132057	+	ORUFI01G34500
wild	OR_W1943	1	29133910	29134461	-	ORUFI01G34510
wild	OR_W1943	1	29139949	29144269	-	ORUFI01G34520
wild	OR_W1943	1	29147001	29148658	+	ORUFI01G34530
wild	OR_W1943	1	29152207	29155229	+	ORUFI01G34540
wild	OR_W1943	1	29161780	29164444	+	ORUFI01G34550
wild	OR_W1943	1	29165118	29165660	-	ORUFI01G34560
wild	OR_W1943	1	29167174	29167386	+	ORUFI01G34570
wild	OR_W1943	1	29185899	29186907	+	ORUFI01G34580
wild	OR_W1943	1	29187083	29187536	+	ORUFI01G34590
wild	OR_W1943	1	29193763	29196386	+	ORUFI01G34600
wild	OR_W1943	1	29198609	29199451	+	ORUFI01G34610
wild	OR_W1943	1	29205861	29211799	+	ORUFI01G34620
wild	OR_W1943	1	29210331	29213289	-	ORUFI01G34630
wild	OR_W1943	1	29218321	29220147	-	ORUFI01G34640
wild	OR_W1943	1	29224365	29228413	+	ORUFI01G34650
wild	OR_W1943	1	29230025	29232969	-	ORUFI01G34660
wild	OR_W1943	1	29232977	29241776	+	ORUFI01G34670
wild	OR_W1943	1	29237560	29242749	-	ORUFI01G34680
wild	OR_W1943	1	29243642	29244317	-	ORUFI01G34690
wild	OR_W1943	1	29249792	29250187	-	ORUFI01G34700
wild	OR_W1943	1	29254272	29254888	-	ORUFI01G34710
wild	OR_W1943	1	29262797	29268172	-	ORUFI01G34720
wild	OR_W1943	1	29274811	29280144	-	ORUFI01G34730
wild	OR_W1943	1	29283453	29285476	+	ORUFI01G34740
wild	OR_W1943	1	29293901	29294488	-	ORUFI01G34750
wild	OR_W1943	1	29294598	29296460	+	ORUFI01G34760
wild	OR_W1943	1	29301759	29302494	+	ORUFI01G34770
wild	OR_W1943	1	29309444	29309770	-	ORUFI01G34780
wild	OR_W1943	1	29316004	29316249	+	ORUFI01G34790
wild	OR_W1943	1	29319487	29321147	-	ORUFI01G34800
wild	OR_W1943	1	29322678	29325616	+	ORUFI01G34810
wild	OR_W1943	1	29330805	29333152	+	ORUFI01G34820
wild	OR_W1943	1	29332615	29334857	-	ORUFI01G34830
wild	OR_W1943	1	29340873	29341757	+	ORUFI01G34840
wild	OR_W1943	1	29345508	29346985	-	ORUFI01G34850
wild	OR_W1943	1	29352865	29354298	-	ORUFI01G34860
wild	OR_W1943	1	29359055	29362734	-	ORUFI01G34870
wild	OR_W1943	1	29375232	29376169	+	ORUFI01G34880
wild	OR_W1943	1	29395988	29401243	+	ORUFI01G34890
wild	OR_W1943	1	29402588	29407217	+	ORUFI01G34900
wild	OR_W1943	1	29408696	29410396	+	ORUFI01G34910
wild	OR_W1943	1	29412696	29415770	+	ORUFI01G34920
wild	OR_W1943	1	29418469	29421477	-	ORUFI01G34930
wild	OR_W1943	1	29425703	29429978	-	ORUFI01G34940
wild	OR_W1943	1	29432908	29436318	-	ORUFI01G34950
wild	OR_W1943	1	29436835	29439659	-	ORUFI01G34960
wild	OR_W1943	1	29440861	29443218	+	ORUFI01G34970
wild	OR_W1943	1	29443419	29448613	-	ORUFI01G34980
wild	OR_W1943	1	29453012	29462336	+	ORUFI01G34990
wild	OR_W1943	1	29459827	29463658	-	ORUFI01G35000
wild	OR_W1943	1	29465310	29467324	-	ORUFI01G35010
wild	OR_W1943	1	29479610	29481325	+	ORUFI01G35020
wild	OR_W1943	1	29484131	29485111	+	ORUFI01G35030
wild	OR_W1943	1	29485514	29489612	-	ORUFI01G35040
wild	OR_W1943	1	29489936	29502776	-	ORUFI01G35050
wild	OR_W1943	1	29497164	29499158	+	ORUFI01G35060
wild	OR_W1943	1	29508991	29509326	-	ORUFI01G35070
wild	OR_W1943	1	29511808	29513978	-	ORUFI01G35080
wild	OR_W1943	1	29514359	29522245	+	ORUFI01G35090
wild	OR_W1943	1	29527155	29528078	-	ORUFI01G35100
wild	OR_W1943	1	29545034	29545468	+	ORUFI01G35110
wild	OR_W1943	1	29547690	29548103	-	ORUFI01G35120
wild	OR_W1943	1	29550020	29550483	-	ORUFI01G35130
wild	OR_W1943	1	29550511	29550858	-	ORUFI01G35140
wild	OR_W1943	1	29550665	29563903	+	ORUFI01G35150
wild	OR_W1943	1	29564154	29565495	-	ORUFI01G35160
wild	OR_W1943	1	29566388	29567199	-	ORUFI01G35170
wild	OR_W1943	1	29568524	29571949	-	ORUFI01G35180
wild	OR_W1943	1	29585542	29585898	+	ORUFI01G35190
wild	OR_W1943	1	29587250	29591573	+	ORUFI01G35200
wild	OR_W1943	1	29592179	29594906	-	ORUFI01G35210
wild	OR_W1943	1	29597683	29602180	-	ORUFI01G35220
wild	OR_W1943	1	29603421	29610016	+	ORUFI01G35230
wild	OR_W1943	1	29606014	29610221	-	ORUFI01G35240
wild	OR_W1943	1	29610318	29614069	+	ORUFI01G35250
wild	OR_W1943	1	29632340	29636282	+	ORUFI01G35260
wild	OR_W1943	1	29637338	29643533	-	ORUFI01G35270
wild	OR_W1943	1	29646035	29646295	+	ORUFI01G35280
wild	OR_W1943	1	29647839	29649980	-	ORUFI01G35290
wild	OR_W1943	1	29651034	29662348	+	ORUFI01G35300
wild	OR_W1943	1	29651496	29652011	-	ORUFI01G35310
wild	OR_W1943	1	29661525	29662889	-	ORUFI01G35320
wild	OR_W1943	1	29663758	29666195	-	ORUFI01G35330
wild	OR_W1943	1	29669628	29669813	-	ORUFI01G35340
wild	OR_W1943	1	29670577	29671239	-	ORUFI01G35350
wild	OR_W1943	1	29678373	29680775	+	ORUFI01G35360
wild	OR_W1943	1	29681371	29683464	-	ORUFI01G35370
wild	OR_W1943	1	29688263	29689598	-	ORUFI01G35380
wild	OR_W1943	1	29698644	29699192	-	ORUFI01G35390
wild	OR_W1943	1	29699362	29702988	+	ORUFI01G35400
wild	OR_W1943	1	29703054	29704771	+	ORUFI01G35410
wild	OR_W1943	1	29707129	29712160	+	ORUFI01G35420
wild	OR_W1943	1	29712780	29722344	+	ORUFI01G35430
wild	OR_W1943	1	29728160	29731836	-	ORUFI01G35440
wild	OR_W1943	1	29737399	29741994	-	ORUFI01G35450
wild	OR_W1943	1	29744153	29747191	-	ORUFI01G35460
wild	OR_W1943	1	29747547	29748314	+	ORUFI01G35470
wild	OR_W1943	1	29752761	29755982	+	ORUFI01G35480
wild	OR_W1943	1	29756263	29766569	+	ORUFI01G35490
wild	OR_W1943	1	29773498	29777924	+	ORUFI01G35500
wild	OR_W1943	1	29777936	29778823	-	ORUFI01G35510
wild	OR_W1943	1	29786251	29788557	-	ORUFI01G35520
wild	OR_W1943	1	29796055	29803003	-	ORUFI01G35540
wild	OR_W1943	1	29804788	29805156	+	ORUFI01G35550
wild	OR_W1943	1	29827886	29836384	+	ORUFI01G35560
wild	OR_W1943	1	29842517	29849613	+	ORUFI01G35570
wild	OR_W1943	1	29849808	29853043	+	ORUFI01G35580
wild	OR_W1943	1	29860563	29866198	+	ORUFI01G35590
wild	OR_W1943	1	29871947	29874637	+	ORUFI01G35600
wild	OR_W1943	1	29876433	29891995	+	ORUFI01G35610
wild	OR_W1943	1	29881672	29895735	-	ORUFI01G35620
wild	OR_W1943	1	29906980	29908581	-	ORUFI01G35630
wild	OR_W1943	1	29914576	29917126	-	ORUFI01G35640
wild	OR_W1943	1	29919185	29922292	-	ORUFI01G35650
wild	OR_W1943	1	29924041	29927460	+	ORUFI01G35660
wild	OR_W1943	1	29935772	29936455	-	ORUFI01G35670
wild	OR_W1943	1	29940227	29942170	-	ORUFI01G35680
wild	OR_W1943	1	29943851	29945989	+	ORUFI01G35690
wild	OR_W1943	1	29946606	29947990	-	ORUFI01G35700
wild	OR_W1943	1	29952808	29969859	-	ORUFI01G35710
wild	OR_W1943	1	29973513	29975518	-	ORUFI01G35720
wild	OR_W1943	1	29978368	29978790	-	ORUFI01G35730
wild	OR_W1943	1	29979500	29980118	+	ORUFI01G35740
wild	OR_W1943	1	29980682	29985869	-	ORUFI01G35750
wild	OR_W1943	1	29986821	29991406	-	ORUFI01G35760
wild	OR_W1943	1	29992611	29993529	-	ORUFI01G35770
wild	OR_W1943	1	29993975	29996880	-	ORUFI01G35780
wild	OR_W1943	1	29998036	30001304	-	ORUFI01G35790
wild	OR_W1943	1	30007311	30010394	+	ORUFI01G35800
wild	OR_W1943	1	30010340	30011772	-	ORUFI01G35810
wild	OR_W1943	1	30014158	30021544	+	ORUFI01G35820
wild	OR_W1943	1	30022613	30045759	+	ORUFI01G35830
wild	OR_W1943	1	30051203	30055361	+	ORUFI01G35840
wild	OR_W1943	1	30055513	30056878	-	ORUFI01G35850
wild	OR_W1943	1	30059593	30065824	-	ORUFI01G35860
wild	OR_W1943	1	30067583	30073187	+	ORUFI01G35870
wild	OR_W1943	1	30074953	30079942	-	ORUFI01G35880
wild	OR_W1943	1	30081556	30083149	+	ORUFI01G35890
wild	OR_W1943	1	30092283	30095009	+	ORUFI01G35900
wild	OR_W1943	1	30097543	30107918	+	ORUFI01G35910
wild	OR_W1943	1	30107254	30107737	-	ORUFI01G35920
wild	OR_W1943	1	30113267	30115264	+	ORUFI01G35930
wild	OR_W1943	1	30121333	30145212	+	ORUFI01G35940
wild	OR_W1943	1	30123885	30125911	-	ORUFI01G35950
wild	OR_W1943	1	30146505	30153246	-	ORUFI01G35960
wild	OR_W1943	1	30155085	30160081	-	ORUFI01G35970
wild	OR_W1943	1	30164136	30171092	+	ORUFI01G35980
wild	OR_W1943	1	30169254	30178397	-	ORUFI01G35990
wild	OR_W1943	1	30184206	30188142	-	ORUFI01G36000
wild	OR_W1943	1	30207131	30215250	-	ORUFI01G36010
wild	OR_W1943	1	30224308	30230767	+	ORUFI01G36020
wild	OR_W1943	1	30231670	30235238	-	ORUFI01G36030
wild	OR_W1943	1	30235372	30240768	+	ORUFI01G36040
wild	OR_W1943	1	30241472	30245117	-	ORUFI01G36050
wild	OR_W1943	1	30248554	30250823	-	ORUFI01G36060
wild	OR_W1943	1	30253795	30256326	+	ORUFI01G36070
wild	OR_W1943	1	30262140	30271056	+	ORUFI01G36080
wild	OR_W1943	1	30279533	30285635	+	ORUFI01G36090
wild	OR_W1943	1	30286175	30292901	+	ORUFI01G36100
wild	OR_W1943	1	30292053	30311831	-	ORUFI01G36110
wild	OR_W1943	1	30293739	30297044	+	ORUFI01G36120
wild	OR_W1943	1	30314840	30319253	-	ORUFI01G36130
wild	OR_W1943	1	30320533	30321503	+	ORUFI01G36140
wild	OR_W1943	1	30326618	30329657	+	ORUFI01G36150
wild	OR_W1943	1	30335588	30336237	-	ORUFI01G36160
wild	OR_W1943	1	30343645	30350445	+	ORUFI01G36170
wild	OR_W1943	1	30352395	30366548	+	ORUFI01G36180
wild	OR_W1943	1	30364101	30381999	-	ORUFI01G36190
wild	OR_W1943	1	30372130	30382248	+	ORUFI01G36200
wild	OR_W1943	1	30383926	30386016	+	ORUFI01G36210
wild	OR_W1943	1	30386857	30397098	-	ORUFI01G36220
wild	OR_W1943	1	30403727	30404125	+	ORUFI01G36230
wild	OR_W1943	1	30406244	30407080	-	ORUFI01G36240
wild	OR_W1943	1	30417482	30418288	-	ORUFI01G36250
wild	OR_W1943	1	30423879	30431887	+	ORUFI01G36260
wild	OR_W1943	1	30432318	30438713	+	ORUFI01G36270
wild	OR_W1943	1	30438212	30440994	-	ORUFI01G36280
wild	OR_W1943	1	30447126	30451403	-	ORUFI01G36290
wild	OR_W1943	1	30459988	30460629	+	ORUFI01G36300
wild	OR_W1943	1	30462976	30466846	+	ORUFI01G36310
wild	OR_W1943	1	30477673	30483952	+	ORUFI01G36320
wild	OR_W1943	1	30482664	30488001	-	ORUFI01G36330
wild	OR_W1943	1	30490190	30492355	-	ORUFI01G36340
wild	OR_W1943	1	30503381	30507860	-	ORUFI01G36350
wild	OR_W1943	1	30509494	30509994	-	ORUFI01G36360
wild	OR_W1943	1	30512405	30513191	-	ORUFI01G36370
wild	OR_W1943	1	30515857	30516246	-	ORUFI01G36380
wild	OR_W1943	1	30517225	30522118	+	ORUFI01G36390
wild	OR_W1943	1	30521341	30527625	-	ORUFI01G36400
wild	OR_W1943	1	30528583	30530472	+	ORUFI01G36410
wild	OR_W1943	1	30529861	30532406	-	ORUFI01G36420
wild	OR_W1943	1	30533102	30535979	-	ORUFI01G36430
wild	OR_W1943	1	30538880	30542241	+	ORUFI01G36440
wild	OR_W1943	1	30541639	30541974	-	ORUFI01G36450
wild	OR_W1943	1	30544486	30556443	+	ORUFI01G36460
wild	OR_W1943	1	30559096	30559377	+	ORUFI01G36470
wild	OR_W1943	1	30560889	30577088	+	ORUFI01G36480
wild	OR_W1943	1	30578174	30581855	+	ORUFI01G36490
wild	OR_W1943	1	30582384	30589978	-	ORUFI01G36500
wild	OR_W1943	1	30599805	30604147	+	ORUFI01G36510
wild	OR_W1943	1	30608067	30609982	-	ORUFI01G36520
wild	OR_W1943	1	30636684	30638519	-	ORUFI01G36530
wild	OR_W1943	1	30641197	30643972	+	ORUFI01G36540
wild	OR_W1943	1	30644226	30646778	+	ORUFI01G36550
wild	OR_W1943	1	30653011	30653727	-	ORUFI01G36560
wild	OR_W1943	1	30653642	30658755	+	ORUFI01G36570
wild	OR_W1943	1	30665416	30667491	-	ORUFI01G36580
wild	OR_W1943	1	30675600	30675851	+	ORUFI01G36590
wild	OR_W1943	1	30677498	30677819	+	ORUFI01G36600
wild	OR_W1943	1	30682614	30682976	+	ORUFI01G36610
wild	OR_W1943	1	30684904	30685785	-	ORUFI01G36620
wild	OR_W1943	1	30692770	30694575	-	ORUFI01G36630
wild	OR_W1943	1	30697554	30700538	-	ORUFI01G36640
wild	OR_W1943	1	30702675	30707249	-	ORUFI01G36650
wild	OR_W1943	1	30717613	30723836	+	ORUFI01G36670
wild	OR_W1943	1	30725571	30729297	+	ORUFI01G36680
wild	OR_W1943	1	30729965	30730162	+	ORUFI01G36690
wild	OR_W1943	1	30742690	30748845	+	ORUFI01G36700
wild	OR_W1943	1	30746626	30747036	-	ORUFI01G36710
wild	OR_W1943	1	30756088	30756300	+	ORUFI01G36720
wild	OR_W1943	1	30777785	30778905	+	ORUFI01G36730
wild	OR_W1943	1	30782947	30789987	+	ORUFI01G36740
wild	OR_W1943	1	30790246	30792975	-	ORUFI01G36750
wild	OR_W1943	1	30793323	30795165	+	ORUFI01G36760
wild	OR_W1943	1	30798007	30799823	+	ORUFI01G36770
wild	OR_W1943	1	30801443	30808441	+	ORUFI01G36780
wild	OR_W1943	1	30809232	30811245	-	ORUFI01G36790
wild	OR_W1943	1	30812503	30814091	-	ORUFI01G36800
wild	OR_W1943	1	30814686	30816722	-	ORUFI01G36810
wild	OR_W1943	1	30820172	30823316	-	ORUFI01G36820
wild	OR_W1943	1	30825020	30827284	+	ORUFI01G36830
wild	OR_W1943	1	30828412	30830305	-	ORUFI01G36840
wild	OR_W1943	1	30832883	30834055	+	ORUFI01G36850
wild	OR_W1943	1	30838601	30839265	-	ORUFI01G36860
wild	OR_W1943	1	30863304	30863861	+	ORUFI01G36870
wild	OR_W1943	1	30871355	30885466	+	ORUFI01G36880
wild	OR_W1943	1	30873364	30877293	-	ORUFI01G36890
wild	OR_W1943	1	30881699	30888286	-	ORUFI01G36900
wild	OR_W1943	1	30890708	30891046	-	ORUFI01G36910
wild	OR_W1943	1	30891094	30893662	-	ORUFI01G36920
wild	OR_W1943	1	30893924	30894244	-	ORUFI01G36930
wild	OR_W1943	1	30898677	30899870	-	ORUFI01G36940
wild	OR_W1943	1	30906798	30907395	-	ORUFI01G36950
wild	OR_W1943	1	30909729	30919811	+	ORUFI01G36960
wild	OR_W1943	1	30918353	30920210	-	ORUFI01G36970
wild	OR_W1943	1	30922890	30929589	+	ORUFI01G36980
wild	OR_W1943	1	30927800	30939450	-	ORUFI01G36990
wild	OR_W1943	1	30934812	30939085	+	ORUFI01G37000
wild	OR_W1943	1	30939786	30956274	+	ORUFI01G37010
wild	OR_W1943	1	30945296	30956237	-	ORUFI01G37020
wild	OR_W1943	1	30958394	30958639	+	ORUFI01G37030
wild	OR_W1943	1	30962574	30963815	+	ORUFI01G37040
wild	OR_W1943	1	30965026	30967847	+	ORUFI01G37050
wild	OR_W1943	1	30967862	30968098	+	ORUFI01G37060
wild	OR_W1943	1	30969252	30970273	+	ORUFI01G37070
wild	OR_W1943	1	30986672	30986911	+	ORUFI01G37080
wild	OR_W1943	1	30988738	30994139	+	ORUFI01G37090
wild	OR_W1943	1	30991854	30993944	-	ORUFI01G37100
wild	OR_W1943	1	30998922	31006421	-	ORUFI01G37110
wild	OR_W1943	1	31022080	31022787	+	ORUFI01G37120
wild	OR_W1943	1	31025162	31034621	+	ORUFI01G37130
wild	OR_W1943	1	31037591	31041123	+	ORUFI01G37140
wild	OR_W1943	1	31059616	31062540	-	ORUFI01G37150
wild	OR_W1943	1	31077861	31081114	+	ORUFI01G37160
wild	OR_W1943	1	31082414	31089543	+	ORUFI01G37170
wild	OR_W1943	1	31092358	31093095	-	ORUFI01G37180
wild	OR_W1943	1	31094915	31096269	+	ORUFI01G37190
wild	OR_W1943	1	31096657	31099937	+	ORUFI01G37200
wild	OR_W1943	1	31111998	31115757	+	ORUFI01G37210
wild	OR_W1943	1	31119829	31121155	+	ORUFI01G37220
wild	OR_W1943	1	31121495	31122073	-	ORUFI01G37230
wild	OR_W1943	1	31122494	31124647	-	ORUFI01G37240
wild	OR_W1943	1	31124967	31126160	+	ORUFI01G37250
wild	OR_W1943	1	31126416	31128299	-	ORUFI01G37260
wild	OR_W1943	1	31131600	31132685	-	ORUFI01G37270
wild	OR_W1943	1	31135107	31137518	+	ORUFI01G37280
wild	OR_W1943	1	31145933	31149472	+	ORUFI01G37290
wild	OR_W1943	1	31163010	31165812	+	ORUFI01G37300
wild	OR_W1943	1	31171204	31171458	-	ORUFI01G37310
wild	OR_W1943	1	31173108	31173317	-	ORUFI01G37320
wild	OR_W1943	1	31175407	31175616	-	ORUFI01G37330
wild	OR_W1943	1	31178191	31180920	+	ORUFI01G37340
wild	OR_W1943	1	31181479	31184644	-	ORUFI01G37350
wild	OR_W1943	1	31187150	31188472	+	ORUFI01G37360
wild	OR_W1943	1	31190699	31202090	+	ORUFI01G37370
wild	OR_W1943	1	31203918	31207174	+	ORUFI01G37380
wild	OR_W1943	1	31208898	31209529	+	ORUFI01G37390
wild	OR_W1943	1	31211695	31215925	+	ORUFI01G37400
wild	OR_W1943	1	31216977	31227405	+	ORUFI01G37410
wild	OR_W1943	1	31227959	31230077	-	ORUFI01G37420
wild	OR_W1943	1	31246772	31248742	-	ORUFI01G37430
wild	OR_W1943	1	31249702	31253555	-	ORUFI01G37440
wild	OR_W1943	1	31254495	31257342	-	ORUFI01G37450
wild	OR_W1943	1	31257802	31259791	+	ORUFI01G37460
wild	OR_W1943	1	31259890	31260381	+	ORUFI01G37470
wild	OR_W1943	1	31264332	31266609	+	ORUFI01G37480
wild	OR_W1943	1	31266805	31272748	+	ORUFI01G37490
wild	OR_W1943	1	31272497	31272925	-	ORUFI01G37500
wild	OR_W1943	1	31280176	31281081	+	ORUFI01G37510
wild	OR_W1943	1	31287082	31289393	-	ORUFI01G37520
wild	OR_W1943	1	31297071	31298156	-	ORUFI01G37530
wild	OR_W1943	1	31301348	31301659	+	ORUFI01G37540
wild	OR_W1943	1	31312094	31314439	+	ORUFI01G37550
wild	OR_W1943	1	31323309	31325093	-	ORUFI01G37560
wild	OR_W1943	1	31338545	31340755	-	ORUFI01G37570
wild	OR_W1943	1	31347688	31348651	-	ORUFI01G37580
wild	OR_W1943	1	31349413	31350417	+	ORUFI01G37590
wild	OR_W1943	1	31350427	31355206	+	ORUFI01G37600
wild	OR_W1943	1	31355223	31378032	+	ORUFI01G37610
wild	OR_W1943	1	31385339	31387095	+	ORUFI01G37620
wild	OR_W1943	1	31387991	31388329	+	ORUFI01G37630
wild	OR_W1943	1	31399252	31400804	+	ORUFI01G37640
wild	OR_W1943	1	31401416	31402928	-	ORUFI01G37650
wild	OR_W1943	1	31403196	31412617	+	ORUFI01G37660
wild	OR_W1943	1	31405981	31407010	-	ORUFI01G37670
wild	OR_W1943	1	31413613	31416485	+	ORUFI01G37680
wild	OR_W1943	1	31417126	31419514	-	ORUFI01G37690
wild	OR_W1943	1	31421162	31426471	-	ORUFI01G37700
wild	OR_W1943	1	31430735	31433020	-	ORUFI01G37710
wild	OR_W1943	1	31434686	31438497	+	ORUFI01G37720
wild	OR_W1943	1	31442580	31446074	-	ORUFI01G37730
wild	OR_W1943	1	31448316	31451544	-	ORUFI01G37740
wild	OR_W1943	1	31459887	31470310	+	ORUFI01G37750
wild	OR_W1943	1	31512819	31523610	+	ORUFI01G37760
wild	OR_W1943	1	31523569	31527214	-	ORUFI01G37770
wild	OR_W1943	1	31531728	31546909	-	ORUFI01G37780
wild	OR_W1943	1	31542403	31554539	+	ORUFI01G37790
wild	OR_W1943	1	31554054	31560091	-	ORUFI01G37800
wild	OR_W1943	1	31561261	31561784	+	ORUFI01G37810
wild	OR_W1943	1	31572120	31575257	+	ORUFI01G37820
wild	OR_W1943	1	31591301	31591855	+	ORUFI01G37830
wild	OR_W1943	1	31601126	31601482	+	ORUFI01G37840
wild	OR_W1943	1	31610080	31610643	-	ORUFI01G37850
wild	OR_W1943	1	31612936	31617342	+	ORUFI01G37860
wild	OR_W1943	1	31619959	31624822	+	ORUFI01G37870
wild	OR_W1943	1	31631548	31634353	+	ORUFI01G37880
wild	OR_W1943	1	31635025	31635204	+	ORUFI01G37890
wild	OR_W1943	1	31635938	31638129	+	ORUFI01G37900
wild	OR_W1943	1	31640455	31645361	+	ORUFI01G37910
wild	OR_W1943	1	31644216	31651122	-	ORUFI01G37920
wild	OR_W1943	1	31651343	31658303	+	ORUFI01G37930
wild	OR_W1943	1	31660438	31698332	-	ORUFI01G37940
wild	OR_W1943	1	31660558	31675409	+	ORUFI01G37950
wild	OR_W1943	1	31690829	31694582	+	ORUFI01G37960
wild	OR_W1943	1	31703085	31707731	+	ORUFI01G37970
wild	OR_W1943	1	31708520	31708918	+	ORUFI01G37980
wild	OR_W1943	1	31712609	31719730	+	ORUFI01G37990
wild	OR_W1943	1	31717324	31721851	-	ORUFI01G38000
wild	OR_W1943	1	31722857	31724793	-	ORUFI01G38010
wild	OR_W1943	1	31740292	31744792	+	ORUFI01G38020
wild	OR_W1943	1	31746737	31753083	+	ORUFI01G38030
wild	OR_W1943	1	31757810	31758523	+	ORUFI01G38040
wild	OR_W1943	1	31762941	31766318	+	ORUFI01G38050
wild	OR_W1943	1	31768670	31769535	+	ORUFI01G38060
wild	OR_W1943	1	31777666	31779177	+	ORUFI01G38070
wild	OR_W1943	1	31779569	31780845	-	ORUFI01G38080
wild	OR_W1943	1	31782184	31785339	-	ORUFI01G38090
wild	OR_W1943	1	31790677	31791723	-	ORUFI01G38100
wild	OR_W1943	1	31792247	31796250	-	ORUFI01G38110
wild	OR_W1943	1	31797660	31800251	-	ORUFI01G38120
wild	OR_W1943	1	31808936	31811710	+	ORUFI01G38130
wild	OR_W1943	1	31814453	31817680	+	ORUFI01G38140
wild	OR_W1943	1	31818384	31821200	-	ORUFI01G38150
wild	OR_W1943	1	31823090	31840845	-	ORUFI01G38160
wild	OR_W1943	1	31842563	31848935	+	ORUFI01G38170
wild	OR_W1943	1	31850158	31854022	+	ORUFI01G38180
wild	OR_W1943	1	31856217	31858787	+	ORUFI01G38190
wild	OR_W1943	1	31858912	31861573	+	ORUFI01G38200
wild	OR_W1943	1	31860210	31865359	-	ORUFI01G38210
wild	OR_W1943	1	31866351	31869817	+	ORUFI01G38220
wild	OR_W1943	1	31870245	31872579	-	ORUFI01G38230
wild	OR_W1943	1	31873766	31876548	-	ORUFI01G38240
wild	OR_W1943	1	31877943	31881075	-	ORUFI01G38250
wild	OR_W1943	1	31882826	31885740	-	ORUFI01G38260
wild	OR_W1943	1	31894610	31895266	-	ORUFI01G38270
wild	OR_W1943	1	31905542	31906705	-	ORUFI01G38280
wild	OR_W1943	1	31908538	31916249	+	ORUFI01G38290
wild	OR_W1943	1	31916646	31920258	-	ORUFI01G38300
wild	OR_W1943	1	31920631	31922217	+	ORUFI01G38310
wild	OR_W1943	1	31924056	31925204	-	ORUFI01G38320
wild	OR_W1943	1	31936750	31953453	-	ORUFI01G38330
wild	OR_W1943	1	31963525	31967540	-	ORUFI01G38340
wild	OR_W1943	1	31970137	31978885	-	ORUFI01G38350
wild	OR_W1943	1	31970868	31978128	+	ORUFI01G38360
wild	OR_W1943	1	31979127	31981986	+	ORUFI01G38370
wild	OR_W1943	1	31990285	31992762	-	ORUFI01G38380
wild	OR_W1943	1	31996835	32000946	-	ORUFI01G38390
wild	OR_W1943	1	32003447	32006697	+	ORUFI01G38400
wild	OR_W1943	1	32013079	32020521	+	ORUFI01G38410
wild	OR_W1943	1	32020832	32021473	+	ORUFI01G38420
wild	OR_W1943	1	32023017	32023571	-	ORUFI01G38430
wild	OR_W1943	1	32023667	32028396	+	ORUFI01G38440
wild	OR_W1943	1	32027455	32031586	-	ORUFI01G38450
wild	OR_W1943	1	32044237	32049881	+	ORUFI01G38460
wild	OR_W1943	1	32051753	32055003	+	ORUFI01G38470
wild	OR_W1943	1	32053895	32055733	-	ORUFI01G38480
wild	OR_W1943	1	32062265	32066016	+	ORUFI01G38490
wild	OR_W1943	1	32072566	32076454	+	ORUFI01G38500
wild	OR_W1943	1	32078423	32090287	-	ORUFI01G38510
wild	OR_W1943	1	32078618	32089076	+	ORUFI01G38520
wild	OR_W1943	1	32091782	32093891	-	ORUFI01G38530
wild	OR_W1943	1	32097698	32102700	+	ORUFI01G38540
wild	OR_W1943	1	32106409	32111507	+	ORUFI01G38550
wild	OR_W1943	1	32112000	32123350	-	ORUFI01G38560
wild	OR_W1943	1	32127369	32130801	+	ORUFI01G38570
wild	OR_W1943	1	32138443	32139812	+	ORUFI01G38580
wild	OR_W1943	1	32143546	32146204	+	ORUFI01G38590
wild	OR_W1943	1	32146392	32148332	+	ORUFI01G38600
wild	OR_W1943	1	32149115	32158933	-	ORUFI01G38610
wild	OR_W1943	1	32161785	32163451	-	ORUFI01G38620
wild	OR_W1943	1	32177575	32185444	+	ORUFI01G38630
wild	OR_W1943	1	32187197	32188354	-	ORUFI01G38640
wild	OR_W1943	1	32196041	32196879	+	ORUFI01G38650
wild	OR_W1943	1	32199787	32206304	+	ORUFI01G38660
wild	OR_W1943	1	32212226	32214458	+	ORUFI01G38670
wild	OR_W1943	1	32223253	32225407	-	ORUFI01G38680
wild	OR_W1943	1	32242088	32244541	+	ORUFI01G38690
wild	OR_W1943	1	32244126	32247400	-	ORUFI01G38700
wild	OR_W1943	1	32248851	32253787	-	ORUFI01G38710
wild	OR_W1943	1	32261651	32264966	-	ORUFI01G38720
wild	OR_W1943	1	32267344	32271045	-	ORUFI01G38730
wild	OR_W1943	1	32272199	32272527	-	ORUFI01G38740
wild	OR_W1943	1	32273851	32274357	+	ORUFI01G38750
wild	OR_W1943	1	32275865	32278709	-	ORUFI01G38760
wild	OR_W1943	1	32290888	32291258	+	ORUFI01G38770
wild	OR_W1943	1	32291422	32292195	-	ORUFI01G38780
wild	OR_W1943	1	32297161	32299142	-	ORUFI01G38790
wild	OR_W1943	1	32300280	32300925	-	ORUFI01G38800
wild	OR_W1943	1	32309462	32309910	-	ORUFI01G38810
wild	OR_W1943	1	32317513	32318600	-	ORUFI01G38820
wild	OR_W1943	1	32324561	32326521	+	ORUFI01G38830
wild	OR_W1943	1	32327777	32332204	+	ORUFI01G38840
wild	OR_W1943	1	32332809	32335041	+	ORUFI01G38850
wild	OR_W1943	1	32335535	32338314	+	ORUFI01G38860
wild	OR_W1943	1	32347049	32348188	-	ORUFI01G38870
wild	OR_W1943	1	32354016	32358893	+	ORUFI01G38880
wild	OR_W1943	1	32364949	32366991	-	ORUFI01G38890
wild	OR_W1943	1	32378336	32379459	-	ORUFI01G38900
wild	OR_W1943	1	32378474	32381057	+	ORUFI01G38910
wild	OR_W1943	1	32381629	32384136	+	ORUFI01G38920
wild	OR_W1943	1	32384800	32389124	-	ORUFI01G38930
wild	OR_W1943	1	32393366	32393690	-	ORUFI01G38940
wild	OR_W1943	1	32394112	32394840	-	ORUFI01G38950
wild	OR_W1943	1	32402160	32402629	+	ORUFI01G38960
wild	OR_W1943	1	32402644	32403222	+	ORUFI01G38970
wild	OR_W1943	1	32408477	32410753	+	ORUFI01G38980
wild	OR_W1943	1	32413153	32418096	+	ORUFI01G38990
wild	OR_W1943	1	32422042	32424435	+	ORUFI01G39000
wild	OR_W1943	1	32427954	32430886	+	ORUFI01G39010
wild	OR_W1943	1	32432052	32432726	+	ORUFI01G39020
wild	OR_W1943	1	32434857	32435228	-	ORUFI01G39030
wild	OR_W1943	1	32439615	32440536	+	ORUFI01G39040
wild	OR_W1943	1	32441550	32443285	+	ORUFI01G39050
wild	OR_W1943	1	32460161	32462121	-	ORUFI01G39060
wild	OR_W1943	1	32462593	32464466	-	ORUFI01G39070
wild	OR_W1943	1	32466019	32469176	-	ORUFI01G39080
wild	OR_W1943	1	32471021	32483453	-	ORUFI01G39090
wild	OR_W1943	1	32485706	32491988	+	ORUFI01G39100
wild	OR_W1943	1	32500812	32503376	+	ORUFI01G39110
wild	OR_W1943	1	32508018	32512551	+	ORUFI01G39120
wild	OR_W1943	1	32515409	32525796	-	ORUFI01G39130
wild	OR_W1943	1	32533357	32546477	-	ORUFI01G39140
wild	OR_W1943	1	32549026	32551581	+	ORUFI01G39150
wild	OR_W1943	1	32554189	32554857	-	ORUFI01G39160
wild	OR_W1943	1	32555747	32564337	+	ORUFI01G39170
wild	OR_W1943	1	32561965	32563434	-	ORUFI01G39180
wild	OR_W1943	1	32567334	32567960	+	ORUFI01G39190
wild	OR_W1943	1	32577078	32579123	+	ORUFI01G39200
wild	OR_W1943	1	32580067	32582299	+	ORUFI01G39210
wild	OR_W1943	1	32582697	32587999	+	ORUFI01G39220
wild	OR_W1943	1	32591548	32592182	-	ORUFI01G39230
wild	OR_W1943	1	32605474	32606112	-	ORUFI01G39240
wild	OR_W1943	1	32609135	32611445	+	ORUFI01G39250
wild	OR_W1943	1	32612049	32613913	-	ORUFI01G39260
wild	OR_W1943	1	32617850	32618862	+	ORUFI01G39270
wild	OR_W1943	1	32620805	32622018	-	ORUFI01G39280
wild	OR_W1943	1	32623672	32624472	+	ORUFI01G39290
wild	OR_W1943	1	32627720	32628122	-	ORUFI01G39300
wild	OR_W1943	1	32628976	32630136	-	ORUFI01G39310
wild	OR_W1943	1	32632077	32633264	+	ORUFI01G39320
wild	OR_W1943	1	32633926	32636516	-	ORUFI01G39330
wild	OR_W1943	1	32637567	32640232	-	ORUFI01G39340
wild	OR_W1943	1	32640567	32644866	+	ORUFI01G39350
wild	OR_W1943	1	32647343	32649028	-	ORUFI01G39360
wild	OR_W1943	1	32650712	32655091	-	ORUFI01G39370
wild	OR_W1943	1	32657495	32659259	-	ORUFI01G39380
wild	OR_W1943	1	32669911	32676919	+	ORUFI01G39390
wild	OR_W1943	1	32680853	32681422	-	ORUFI01G39400
wild	OR_W1943	1	32692481	32693152	+	ORUFI01G39410
wild	OR_W1943	1	32711541	32715398	+	ORUFI01G39420
wild	OR_W1943	1	32715541	32717768	-	ORUFI01G39430
wild	OR_W1943	1	32719421	32719732	-	ORUFI01G39440
wild	OR_W1943	1	32721597	32723621	+	ORUFI01G39450
wild	OR_W1943	1	32724442	32726115	-	ORUFI01G39460
wild	OR_W1943	1	32728412	32731096	-	ORUFI01G39470
wild	OR_W1943	1	32732861	32735199	+	ORUFI01G39480
wild	OR_W1943	1	32737125	32740230	-	ORUFI01G39490
wild	OR_W1943	1	32750512	32756798	+	ORUFI01G39500
wild	OR_W1943	1	32768012	32772880	+	ORUFI01G39510
wild	OR_W1943	1	32784690	32789973	+	ORUFI01G39520
wild	OR_W1943	1	32790317	32792314	+	ORUFI01G39530
wild	OR_W1943	1	32792935	32795240	-	ORUFI01G39540
wild	OR_W1943	1	32801956	32805581	+	ORUFI01G39550
wild	OR_W1943	1	32805769	32810584	+	ORUFI01G39560
wild	OR_W1943	1	32808013	32810800	-	ORUFI01G39570
wild	OR_W1943	1	32812792	32813778	-	ORUFI01G39580
wild	OR_W1943	1	32820652	32827849	-	ORUFI01G39590
wild	OR_W1943	1	32829812	32833270	-	ORUFI01G39600
wild	OR_W1943	1	32834548	32834739	+	ORUFI01G39610
wild	OR_W1943	1	32841331	32845024	-	ORUFI01G39620
wild	OR_W1943	1	32852750	32863809	+	ORUFI01G39630
wild	OR_W1943	1	32871857	32873562	+	ORUFI01G39640
wild	OR_W1943	1	32876564	32877858	-	ORUFI01G39650
wild	OR_W1943	1	32879656	32884434	-	ORUFI01G39660
wild	OR_W1943	1	32887095	32891745	+	ORUFI01G39670
wild	OR_W1943	1	32895396	32895635	-	ORUFI01G39680
wild	OR_W1943	1	32901058	32901486	-	ORUFI01G39690
wild	OR_W1943	1	32904144	32912783	-	ORUFI01G39700
wild	OR_W1943	1	32927076	32927597	+	ORUFI01G39710
wild	OR_W1943	1	32932751	32938167	+	ORUFI01G39720
wild	OR_W1943	1	32937268	32938119	-	ORUFI01G39730
wild	OR_W1943	1	32947323	32948518	-	ORUFI01G39740
wild	OR_W1943	1	32949353	32955840	-	ORUFI01G39750
wild	OR_W1943	1	32960797	32961108	+	ORUFI01G39760
wild	OR_W1943	1	32961340	32966054	+	ORUFI01G39770
wild	OR_W1943	1	32966077	32976107	+	ORUFI01G39780
wild	OR_W1943	1	32983543	32985771	+	ORUFI01G39790
wild	OR_W1943	1	32991073	32993708	-	ORUFI01G39800
wild	OR_W1943	1	32993937	32995286	-	ORUFI01G39810
wild	OR_W1943	1	33003298	33004392	+	ORUFI01G39820
wild	OR_W1943	1	33007458	33011290	-	ORUFI01G39830
wild	OR_W1943	1	33012005	33013567	+	ORUFI01G39840
wild	OR_W1943	1	33014050	33014666	+	ORUFI01G39850
wild	OR_W1943	1	33015385	33018303	+	ORUFI01G39860
wild	OR_W1943	1	33019235	33022946	+	ORUFI01G39870
wild	OR_W1943	1	33023101	33023850	-	ORUFI01G39880
wild	OR_W1943	1	33025194	33030632	+	ORUFI01G39890
wild	OR_W1943	1	33030766	33031388	-	ORUFI01G39900
wild	OR_W1943	1	33034311	33035721	+	ORUFI01G39910
wild	OR_W1943	1	33039025	33039342	-	ORUFI01G39920
wild	OR_W1943	1	33040047	33044090	-	ORUFI01G39930
wild	OR_W1943	1	33046529	33051702	-	ORUFI01G39940
wild	OR_W1943	1	33055767	33059581	-	ORUFI01G39950
wild	OR_W1943	1	33074122	33074397	-	ORUFI01G39970
wild	OR_W1943	1	33081296	33085292	-	ORUFI01G39980
wild	OR_W1943	1	33085238	33085675	+	ORUFI01G39990
wild	OR_W1943	1	33087125	33087778	-	ORUFI01G40000
wild	OR_W1943	1	33097151	33101667	+	ORUFI01G40010
wild	OR_W1943	1	33121308	33143108	+	ORUFI01G40030
wild	OR_W1943	1	33140198	33142406	-	ORUFI01G40040
wild	OR_W1943	1	33146132	33148533	-	ORUFI01G40050
wild	OR_W1943	1	33151711	33153731	+	ORUFI01G40060
wild	OR_W1943	1	33153914	33154570	+	ORUFI01G40070
wild	OR_W1943	1	33159238	33181816	+	ORUFI01G40080
wild	OR_W1943	1	33207205	33208887	+	ORUFI01G40090
wild	OR_W1943	1	33210493	33218907	-	ORUFI01G40100
wild	OR_W1943	1	33220638	33225577	-	ORUFI01G40110
wild	OR_W1943	1	33231846	33233064	+	ORUFI01G40120
wild	OR_W1943	1	33237467	33243297	+	ORUFI01G40130
wild	OR_W1943	1	33244025	33247443	+	ORUFI01G40140
wild	OR_W1943	1	33250129	33252195	+	ORUFI01G40150
wild	OR_W1943	1	33254235	33261086	-	ORUFI01G40160
wild	OR_W1943	1	33269930	33270097	+	ORUFI01G40170
wild	OR_W1943	1	33273620	33276519	+	ORUFI01G40180
wild	OR_W1943	1	33281557	33284225	-	ORUFI01G40190
wild	OR_W1943	1	33291580	33293939	-	ORUFI01G40200
wild	OR_W1943	1	33296642	33301699	-	ORUFI01G40210
wild	OR_W1943	1	33302814	33305798	-	ORUFI01G40220
wild	OR_W1943	1	33307991	33308677	-	ORUFI01G40230
wild	OR_W1943	1	33327425	33328360	-	ORUFI01G40240
wild	OR_W1943	1	33329444	33331653	+	ORUFI01G40250
wild	OR_W1943	1	33331964	33333488	-	ORUFI01G40260
wild	OR_W1943	1	33334432	33335577	-	ORUFI01G40270
wild	OR_W1943	1	33337451	33344230	+	ORUFI01G40280
wild	OR_W1943	1	33345590	33348390	+	ORUFI01G40290
wild	OR_W1943	1	33346608	33346787	-	ORUFI01G40300
wild	OR_W1943	1	33351864	33354452	+	ORUFI01G40310
wild	OR_W1943	1	33366245	33366478	+	ORUFI01G40320
wild	OR_W1943	1	33367684	33371131	+	ORUFI01G40330
wild	OR_W1943	1	33371423	33375677	-	ORUFI01G40340
wild	OR_W1943	1	33381969	33383297	-	ORUFI01G40350
wild	OR_W1943	1	33387659	33388702	-	ORUFI01G40360
wild	OR_W1943	1	33392841	33400396	+	ORUFI01G40370
wild	OR_W1943	1	33400892	33401182	+	ORUFI01G40380
wild	OR_W1943	1	33401186	33403500	+	ORUFI01G40390
wild	OR_W1943	1	33411071	33412486	-	ORUFI01G40400
wild	OR_W1943	1	33421417	33422166	-	ORUFI01G40410
wild	OR_W1943	1	33428785	33430295	+	ORUFI01G40420
wild	OR_W1943	1	33430534	33440866	-	ORUFI01G40430
wild	OR_W1943	1	33445770	33448354	+	ORUFI01G40440
wild	OR_W1943	1	33455012	33460707	+	ORUFI01G40450
wild	OR_W1943	1	33461796	33467523	+	ORUFI01G40460
wild	OR_W1943	1	33470539	33475860	-	ORUFI01G40470
wild	OR_W1943	1	33481870	33488027	+	ORUFI01G40480
wild	OR_W1943	1	33488718	33493039	-	ORUFI01G40490
wild	OR_W1943	1	33494881	33495141	+	ORUFI01G40500
wild	OR_W1943	1	33498993	33501006	+	ORUFI01G40510
wild	OR_W1943	1	33501869	33504292	-	ORUFI01G40520
wild	OR_W1943	1	33505127	33505432	-	ORUFI01G40530
wild	OR_W1943	1	33506169	33517578	+	ORUFI01G40540
wild	OR_W1943	1	33520850	33523100	+	ORUFI01G40550
wild	OR_W1943	1	33522431	33525437	-	ORUFI01G40560
wild	OR_W1943	1	33533744	33545206	+	ORUFI01G40570
wild	OR_W1943	1	33543546	33545528	-	ORUFI01G40580
wild	OR_W1943	1	33548557	33552449	-	ORUFI01G40590
wild	OR_W1943	1	33568998	33569612	-	ORUFI01G40600
wild	OR_W1943	1	33570538	33572574	-	ORUFI01G40610
wild	OR_W1943	1	33582009	33587132	+	ORUFI01G40620
wild	OR_W1943	1	33586614	33587067	-	ORUFI01G40630
wild	OR_W1943	1	33587909	33592040	-	ORUFI01G40640
wild	OR_W1943	1	33598475	33598681	+	ORUFI01G40650
wild	OR_W1943	1	33598758	33600385	-	ORUFI01G40660
wild	OR_W1943	1	33600670	33605203	+	ORUFI01G40670
wild	OR_W1943	1	33605216	33606046	+	ORUFI01G40680
wild	OR_W1943	1	33646860	33647575	-	ORUFI01G40710
wild	OR_W1943	1	33649069	33649821	-	ORUFI01G40720
wild	OR_W1943	1	33659830	33662259	+	ORUFI01G40730
wild	OR_W1943	1	33671297	33676521	+	ORUFI01G40740
wild	OR_W1943	1	33676559	33682428	+	ORUFI01G40750
wild	OR_W1943	1	33680722	33682971	-	ORUFI01G40760
wild	OR_W1943	1	33689324	33690775	-	ORUFI01G40770
wild	OR_W1943	1	33696773	33716570	+	ORUFI01G40780
wild	OR_W1943	1	33716870	33724246	+	ORUFI01G40790
wild	OR_W1943	1	33721245	33724817	-	ORUFI01G40800
wild	OR_W1943	1	33730807	33734712	-	ORUFI01G40810
wild	OR_W1943	1	33734932	33739034	-	ORUFI01G40820
wild	OR_W1943	1	33745798	33746604	+	ORUFI01G40830
wild	OR_W1943	1	33748928	33754703	-	ORUFI01G40840
wild	OR_W1943	1	33762331	33765352	-	ORUFI01G40850
wild	OR_W1943	1	33766667	33774067	-	ORUFI01G40860
wild	OR_W1943	1	33769999	33770343	+	ORUFI01G40870
wild	OR_W1943	1	33775061	33777172	-	ORUFI01G40880
wild	OR_W1943	1	33789124	33798526	-	ORUFI01G40890
wild	OR_W1943	1	33796337	33797176	+	ORUFI01G40900
wild	OR_W1943	1	33798847	33808105	+	ORUFI01G40910
wild	OR_W1943	1	33803831	33804686	-	ORUFI01G40920
wild	OR_W1943	1	33814633	33818778	+	ORUFI01G40930
wild	OR_W1943	1	33825233	33830675	+	ORUFI01G40940
wild	OR_W1943	1	33831957	33832972	-	ORUFI01G40950
wild	OR_W1943	1	33839116	33840099	+	ORUFI01G40960
wild	OR_W1943	1	33862420	33863871	+	ORUFI01G40970
wild	OR_W1943	1	33864449	33865840	-	ORUFI01G40980
wild	OR_W1943	1	33872040	33873157	-	ORUFI01G40990
wild	OR_W1943	1	33876926	33877342	+	ORUFI01G41000
wild	OR_W1943	1	33882744	33883455	-	ORUFI01G41010
wild	OR_W1943	1	33893042	33894679	+	ORUFI01G41020
wild	OR_W1943	1	33898627	33906256	-	ORUFI01G41030
wild	OR_W1943	1	33921243	33924322	+	ORUFI01G41040
wild	OR_W1943	1	33941926	33944396	+	ORUFI01G41050
wild	OR_W1943	1	33948066	33949490	-	ORUFI01G41060
wild	OR_W1943	1	33957973	33962228	+	ORUFI01G41070
wild	OR_W1943	1	34001725	34013283	+	ORUFI01G41080
wild	OR_W1943	1	34008883	34014836	-	ORUFI01G41090
wild	OR_W1943	1	34015366	34016874	+	ORUFI01G41100
wild	OR_W1943	1	34020502	34020951	+	ORUFI01G41110
wild	OR_W1943	1	34024875	34028070	+	ORUFI01G41120
wild	OR_W1943	1	34025806	34035038	-	ORUFI01G41130
wild	OR_W1943	1	34037970	34039220	-	ORUFI01G41140
wild	OR_W1943	1	34043408	34046813	-	ORUFI01G41150
wild	OR_W1943	1	34047301	34053247	-	ORUFI01G41160
wild	OR_W1943	1	34063375	34068724	+	ORUFI01G41170
wild	OR_W1943	1	34069563	34072275	-	ORUFI01G41180
wild	OR_W1943	1	34073317	34074776	-	ORUFI01G41190
wild	OR_W1943	1	34080823	34083990	+	ORUFI01G41200
wild	OR_W1943	1	34084742	34093035	-	ORUFI01G41210
wild	OR_W1943	1	34097507	34100768	+	ORUFI01G41220
wild	OR_W1943	1	34106589	34116535	+	ORUFI01G41230
wild	OR_W1943	1	34116834	34120344	-	ORUFI01G41240
wild	OR_W1943	1	34131019	34134312	-	ORUFI01G41250
wild	OR_W1943	1	34154955	34159303	-	ORUFI01G41260
wild	OR_W1943	1	34159324	34163059	+	ORUFI01G41270
wild	OR_W1943	1	34168302	34169483	+	ORUFI01G41280
wild	OR_W1943	1	34181299	34182883	-	ORUFI01G41290
wild	OR_W1943	1	34186528	34191367	+	ORUFI01G41300
wild	OR_W1943	1	34209534	34211343	+	ORUFI01G41310
wild	OR_W1943	1	34212350	34220058	+	ORUFI01G41320
wild	OR_W1943	1	34216613	34223466	-	ORUFI01G41330
wild	OR_W1943	1	34230854	34232107	-	ORUFI01G41340
wild	OR_W1943	1	34250306	34253691	+	ORUFI01G41350
wild	OR_W1943	1	34254695	34256166	+	ORUFI01G41360
wild	OR_W1943	1	34258551	34259441	+	ORUFI01G41370
wild	OR_W1943	1	34260374	34260862	+	ORUFI01G41380
wild	OR_W1943	1	34260872	34261681	+	ORUFI01G41390
wild	OR_W1943	1	34267058	34268179	+	ORUFI01G41400
wild	OR_W1943	1	34274605	34279609	+	ORUFI01G41410
wild	OR_W1943	1	34280976	34281854	-	ORUFI01G41420
wild	OR_W1943	1	34284868	34285254	-	ORUFI01G41430
wild	OR_W1943	1	34293705	34313171	-	ORUFI01G41440
wild	OR_W1943	1	34309930	34310901	+	ORUFI01G41450
wild	OR_W1943	1	34316281	34316675	+	ORUFI01G41460
wild	OR_W1943	1	34318304	34323639	+	ORUFI01G41470
wild	OR_W1943	1	34322766	34324864	-	ORUFI01G41480
wild	OR_W1943	1	34325789	34329371	-	ORUFI01G41490
wild	OR_W1943	1	34329826	34331866	+	ORUFI01G41500
wild	OR_W1943	1	34331210	34335254	-	ORUFI01G41510
wild	OR_W1943	1	34336819	34337353	+	ORUFI01G41520
wild	OR_W1943	1	34338505	34339164	+	ORUFI01G41530
wild	OR_W1943	1	34348697	34350762	+	ORUFI01G41540
wild	OR_W1943	1	34352491	34352970	-	ORUFI01G41550
wild	OR_W1943	1	34363618	34364022	+	ORUFI01G41560
wild	OR_W1943	1	34364062	34366727	-	ORUFI01G41570
wild	OR_W1943	1	34366755	34367117	+	ORUFI01G41580
wild	OR_W1943	1	34369146	34369917	+	ORUFI01G41590
wild	OR_W1943	1	34371587	34374467	-	ORUFI01G41600
wild	OR_W1943	1	34376760	34377074	-	ORUFI01G41610
wild	OR_W1943	1	34392069	34392299	+	ORUFI01G41620
wild	OR_W1943	1	34393659	34394393	+	ORUFI01G41630
wild	OR_W1943	1	34402516	34403202	-	ORUFI01G41640
wild	OR_W1943	1	34409403	34409858	+	ORUFI01G41650
wild	OR_W1943	1	34412549	34413259	-	ORUFI01G41660
wild	OR_W1943	1	34417500	34418303	+	ORUFI01G41670
wild	OR_W1943	1	34419184	34419900	-	ORUFI01G41680
wild	OR_W1943	1	34422823	34423488	-	ORUFI01G41690
wild	OR_W1943	1	34424298	34429597	-	ORUFI01G41700
wild	OR_W1943	1	34429660	34430412	-	ORUFI01G41710
wild	OR_W1943	1	34430411	34452681	+	ORUFI01G41720
wild	OR_W1943	1	34449488	34453239	-	ORUFI01G41730
wild	OR_W1943	1	34461463	34462884	-	ORUFI01G41740
wild	OR_W1943	1	34465306	34466595	+	ORUFI01G41750
wild	OR_W1943	1	34467462	34473871	+	ORUFI01G41760
wild	OR_W1943	1	34474246	34475460	-	ORUFI01G41770
wild	OR_W1943	1	34484209	34485198	-	ORUFI01G41780
wild	OR_W1943	1	34502802	34503437	+	ORUFI01G41790
wild	OR_W1943	1	34507239	34511000	+	ORUFI01G41800
wild	OR_W1943	1	34511181	34516270	+	ORUFI01G41810
wild	OR_W1943	1	34516394	34520387	+	ORUFI01G41820
wild	OR_W1943	1	34520164	34521499	-	ORUFI01G41830
wild	OR_W1943	1	34521672	34523588	-	ORUFI01G41840
wild	OR_W1943	1	34523671	34526608	-	ORUFI01G41850
wild	OR_W1943	1	34533409	34537389	+	ORUFI01G41860
wild	OR_W1943	1	34539700	34539957	+	ORUFI01G41870
wild	OR_W1943	1	34541405	34556323	+	ORUFI01G41880
wild	OR_W1943	1	34554719	34557276	-	ORUFI01G41890
wild	OR_W1943	1	34559398	34561384	-	ORUFI01G41900
wild	OR_W1943	1	34560985	34563036	+	ORUFI01G41910
wild	OR_W1943	1	34563637	34573610	+	ORUFI01G41920
wild	OR_W1943	1	34574387	34577065	+	ORUFI01G41930
wild	OR_W1943	1	34577967	34582604	+	ORUFI01G41940
wild	OR_W1943	1	34582803	34585457	-	ORUFI01G41950
wild	OR_W1943	1	34587497	34590065	-	ORUFI01G41960
wild	OR_W1943	1	34612086	34617478	-	ORUFI01G41970
wild	OR_W1943	1	34620779	34631651	-	ORUFI01G41980
wild	OR_W1943	1	34632829	34639688	+	ORUFI01G41990
wild	OR_W1943	1	34642651	34649795	+	ORUFI01G42000
wild	OR_W1943	1	34651140	34656664	-	ORUFI01G42010
wild	OR_W1943	1	34657394	34658049	-	ORUFI01G42020
wild	OR_W1943	1	34659610	34663299	+	ORUFI01G42030
wild	OR_W1943	1	34663313	34677299	-	ORUFI01G42040
wild	OR_W1943	1	34678125	34679402	-	ORUFI01G42050
wild	OR_W1943	1	34682210	34684870	-	ORUFI01G42060
wild	OR_W1943	1	34685611	34688686	+	ORUFI01G42070
wild	OR_W1943	1	34688993	34692394	+	ORUFI01G42080
wild	OR_W1943	1	34702528	34707339	+	ORUFI01G42090
wild	OR_W1943	1	34707195	34712880	-	ORUFI01G42100
wild	OR_W1943	1	34714602	34730108	+	ORUFI01G42110
wild	OR_W1943	1	34731750	34740877	-	ORUFI01G42120
wild	OR_W1943	1	34745245	34754661	+	ORUFI01G42130
wild	OR_W1943	1	34755752	34762768	+	ORUFI01G42140
wild	OR_W1943	1	34768941	34770509	+	ORUFI01G42150
wild	OR_W1943	1	34771880	34777840	+	ORUFI01G42160
wild	OR_W1943	1	34775872	34777708	-	ORUFI01G42170
wild	OR_W1943	1	34782631	34807611	+	ORUFI01G42180
wild	OR_W1943	1	34811575	34817617	+	ORUFI01G42190
wild	OR_W1943	1	34818955	34822894	+	ORUFI01G42200
wild	OR_W1943	1	34825205	34834272	+	ORUFI01G42210
wild	OR_W1943	1	34832571	34834665	-	ORUFI01G42220
wild	OR_W1943	1	34835992	34843238	-	ORUFI01G42230
wild	OR_W1943	1	34844355	34847713	-	ORUFI01G42240
wild	OR_W1943	1	34859675	34861330	-	ORUFI01G42250
wild	OR_W1943	1	34877975	34884618	+	ORUFI01G42260
wild	OR_W1943	1	34881426	34887855	-	ORUFI01G42270
wild	OR_W1943	1	34889792	34896662	-	ORUFI01G42280
wild	OR_W1943	1	34900995	34901771	+	ORUFI01G42290
wild	OR_W1943	1	34905441	34909178	-	ORUFI01G42300
wild	OR_W1943	1	34920939	34922800	+	ORUFI01G42310
wild	OR_W1943	1	34938315	34942037	+	ORUFI01G42320
wild	OR_W1943	1	34944535	34948517	-	ORUFI01G42330
wild	OR_W1943	1	34951793	34956470	+	ORUFI01G42340
wild	OR_W1943	1	34958622	34959733	-	ORUFI01G42350
wild	OR_W1943	1	34971771	34974855	+	ORUFI01G42360
wild	OR_W1943	1	34976178	34980814	-	ORUFI01G42370
wild	OR_W1943	1	34983616	34990665	+	ORUFI01G42380
wild	OR_W1943	1	34999535	35002293	+	ORUFI01G42390
wild	OR_W1943	1	35003032	35004289	-	ORUFI01G42400
wild	OR_W1943	1	35007390	35011808	+	ORUFI01G42410
wild	OR_W1943	1	35013067	35014157	-	ORUFI01G42420
wild	OR_W1943	1	35016094	35020301	-	ORUFI01G42430
wild	OR_W1943	1	35021558	35025734	+	ORUFI01G42440
wild	OR_W1943	1	35027541	35028781	-	ORUFI01G42450
wild	OR_W1943	1	35031345	35033081	-	ORUFI01G42460
wild	OR_W1943	1	35037177	35045104	+	ORUFI01G42470
wild	OR_W1943	1	35046382	35048256	-	ORUFI01G42480
wild	OR_W1943	1	35050136	35050932	-	ORUFI01G42490
wild	OR_W1943	1	35053581	35061847	+	ORUFI01G42500
wild	OR_W1943	1	35062050	35065728	+	ORUFI01G42510
wild	OR_W1943	1	35071807	35076062	+	ORUFI01G42520
wild	OR_W1943	1	35078654	35081724	+	ORUFI01G42530
wild	OR_W1943	1	35088806	35089240	-	ORUFI01G42540
wild	OR_W1943	1	35091505	35092583	-	ORUFI01G42550
wild	OR_W1943	1	35096595	35096810	+	ORUFI01G42560
wild	OR_W1943	1	35101782	35107801	+	ORUFI01G42570
wild	OR_W1943	1	35108351	35110744	-	ORUFI01G42580
wild	OR_W1943	1	35125326	35129265	-	ORUFI01G42590
wild	OR_W1943	1	35131072	35134195	-	ORUFI01G42600
wild	OR_W1943	1	35136595	35137581	-	ORUFI01G42610
wild	OR_W1943	1	35137793	35139089	+	ORUFI01G42620
wild	OR_W1943	1	35141518	35142105	+	ORUFI01G42630
wild	OR_W1943	1	35143691	35144374	+	ORUFI01G42640
wild	OR_W1943	1	35146285	35150688	+	ORUFI01G42650
wild	OR_W1943	1	35149895	35152112	-	ORUFI01G42660
wild	OR_W1943	1	35156874	35159254	+	ORUFI01G42670
wild	OR_W1943	1	35168603	35172573	+	ORUFI01G42680
wild	OR_W1943	1	35187225	35193136	+	ORUFI01G42690
wild	OR_W1943	1	35197739	35202163	-	ORUFI01G42700
wild	OR_W1943	1	35205099	35207191	-	ORUFI01G42710
wild	OR_W1943	1	35209487	35211224	-	ORUFI01G42720
wild	OR_W1943	1	35211298	35211887	+	ORUFI01G42730
wild	OR_W1943	1	35214391	35218031	+	ORUFI01G42740
wild	OR_W1943	1	35216746	35218392	-	ORUFI01G42750
wild	OR_W1943	1	35218866	35227284	-	ORUFI01G42760
wild	OR_W1943	1	35228624	35230189	-	ORUFI01G42770
wild	OR_W1943	1	35235886	35236682	+	ORUFI01G42780
wild	OR_W1943	1	35244005	35251860	+	ORUFI01G42790
wild	OR_W1943	1	35252263	35254029	-	ORUFI01G42800
wild	OR_W1943	1	35260004	35260933	+	ORUFI01G42810
wild	OR_W1943	1	35260559	35260798	-	ORUFI01G42820
wild	OR_W1943	1	35261676	35265822	-	ORUFI01G42830
wild	OR_W1943	1	35264978	35265307	+	ORUFI01G42840
wild	OR_W1943	1	35269370	35273373	-	ORUFI01G42850
wild	OR_W1943	1	35274318	35279375	+	ORUFI01G42860
wild	OR_W1943	1	35278240	35279048	-	ORUFI01G42870
wild	OR_W1943	1	35285996	35293006	+	ORUFI01G42880
wild	OR_W1943	1	35293034	35293981	-	ORUFI01G42890
wild	OR_W1943	1	35297096	35299815	-	ORUFI01G42900
wild	OR_W1943	1	35300118	35301705	-	ORUFI01G42910
wild	OR_W1943	1	35324288	35327487	+	ORUFI01G42920
wild	OR_W1943	1	35328515	35332833	-	ORUFI01G42930
wild	OR_W1943	1	35341294	35343165	-	ORUFI01G42940
wild	OR_W1943	1	35350755	35355750	+	ORUFI01G42950
wild	OR_W1943	1	35355322	35366201	-	ORUFI01G42960
wild	OR_W1943	1	35373485	35375335	-	ORUFI01G42970
wild	OR_W1943	1	35377346	35378899	+	ORUFI01G42980
wild	OR_W1943	1	35379139	35382780	-	ORUFI01G42990
wild	OR_W1943	1	35385131	35387880	+	ORUFI01G43000
wild	OR_W1943	1	35388791	35392185	-	ORUFI01G43010
wild	OR_W1943	1	35396999	35401786	-	ORUFI01G43020
wild	OR_W1943	1	35411805	35414598	-	ORUFI01G43030
wild	OR_W1943	1	35415015	35420624	+	ORUFI01G43040
wild	OR_W1943	1	35421258	35423729	+	ORUFI01G43050
wild	OR_W1943	1	35424355	35425695	-	ORUFI01G43060
wild	OR_W1943	1	35430003	35430572	+	ORUFI01G43070
wild	OR_W1943	1	35431934	35434500	-	ORUFI01G43080
wild	OR_W1943	1	35441239	35445425	+	ORUFI01G43090
wild	OR_W1943	1	35449473	35453993	+	ORUFI01G43100
wild	OR_W1943	1	35456838	35457258	+	ORUFI01G43110
wild	OR_W1943	1	35458471	35460540	-	ORUFI01G43120
wild	OR_W1943	1	35460938	35466743	-	ORUFI01G43130
wild	OR_W1943	1	35468001	35468987	+	ORUFI01G43140
wild	OR_W1943	1	35475894	35481506	+	ORUFI01G43150
wild	OR_W1943	1	35483521	35487286	+	ORUFI01G43160
wild	OR_W1943	1	35487110	35499308	-	ORUFI01G43170
wild	OR_W1943	1	35501513	35502875	-	ORUFI01G43180
wild	OR_W1943	1	35507040	35511796	-	ORUFI01G43190
wild	OR_W1943	1	35512495	35512737	-	ORUFI01G43200
wild	OR_W1943	1	35515080	35521601	+	ORUFI01G43210
wild	OR_W1943	1	35552893	35554953	+	ORUFI01G43220
wild	OR_W1943	1	35560908	35565278	-	ORUFI01G43230
wild	OR_W1943	1	35569206	35575196	+	ORUFI01G43240
wild	OR_W1943	1	35573883	35577177	-	ORUFI01G43250
wild	OR_W1943	1	35579210	35579653	+	ORUFI01G43260
wild	OR_W1943	1	35584121	35587142	-	ORUFI01G43270
wild	OR_W1943	1	35587327	35587656	-	ORUFI01G43280
wild	OR_W1943	1	35592465	35596708	+	ORUFI01G43290
wild	OR_W1943	1	35597178	35598410	-	ORUFI01G43300
wild	OR_W1943	1	35601162	35605708	-	ORUFI01G43310
wild	OR_W1943	1	35616528	35622438	+	ORUFI01G43320
wild	OR_W1943	1	35627449	35630965	-	ORUFI01G43330
wild	OR_W1943	1	35631391	35637983	-	ORUFI01G43340
wild	OR_W1943	1	35644072	35647971	-	ORUFI01G43350
wild	OR_W1943	1	35644422	35646938	+	ORUFI01G43360
wild	OR_W1943	1	35650063	35652835	+	ORUFI01G43370
wild	OR_W1943	1	35657667	35662144	-	ORUFI01G43380
wild	OR_W1943	1	35663826	35669539	+	ORUFI01G43390
wild	OR_W1943	1	35669713	35675102	+	ORUFI01G43400
wild	OR_W1943	1	35673386	35678929	-	ORUFI01G43410
wild	OR_W1943	1	35682062	35684294	+	ORUFI01G43420
wild	OR_W1943	1	35685747	35702993	+	ORUFI01G43430
wild	OR_W1943	1	35688432	35691699	-	ORUFI01G43440
wild	OR_W1943	1	35724164	35725270	+	ORUFI01G43450
wild	OR_W1943	1	35729531	35743756	-	ORUFI01G43460
wild	OR_W1943	1	35747544	35750829	+	ORUFI01G43470
wild	OR_W1943	1	35750952	35752214	+	ORUFI01G43480
wild	OR_W1943	1	35764510	35767227	+	ORUFI01G43490
wild	OR_W1943	1	35768106	35772526	+	ORUFI01G43500
wild	OR_W1943	1	35773541	35775005	-	ORUFI01G43510
wild	OR_W1943	1	35777298	35781312	-	ORUFI01G43520
wild	OR_W1943	1	35785111	35788982	+	ORUFI01G43530
wild	OR_W1943	1	35794659	35799956	-	ORUFI01G43540
wild	OR_W1943	1	35803611	35806434	+	ORUFI01G43550
wild	OR_W1943	1	35806375	35809855	-	ORUFI01G43560
wild	OR_W1943	1	35813188	35815110	-	ORUFI01G43570
wild	OR_W1943	1	35818767	35821793	-	ORUFI01G43580
wild	OR_W1943	1	35821965	35822186	-	ORUFI01G43590
wild	OR_W1943	1	35823877	35827981	-	ORUFI01G43600
wild	OR_W1943	1	35828713	35830542	+	ORUFI01G43610
wild	OR_W1943	1	35837433	35839058	+	ORUFI01G43620
wild	OR_W1943	1	35841303	35842508	+	ORUFI01G43630
wild	OR_W1943	1	35843510	35847400	-	ORUFI01G43640
wild	OR_W1943	1	35850893	35851147	+	ORUFI01G43650
wild	OR_W1943	1	35861345	35863946	-	ORUFI01G43660
wild	OR_W1943	1	35864378	35869122	+	ORUFI01G43670
wild	OR_W1943	1	35871970	35877777	+	ORUFI01G43680
wild	OR_W1943	1	35877931	35878431	-	ORUFI01G43690
wild	OR_W1943	1	35879974	35884288	-	ORUFI01G43700
wild	OR_W1943	1	35886341	35895110	+	ORUFI01G43710
wild	OR_W1943	1	35895895	35898732	-	ORUFI01G43720
wild	OR_W1943	1	35900045	35902579	-	ORUFI01G43730
wild	OR_W1943	1	35905468	35909434	+	ORUFI01G43740
wild	OR_W1943	1	35910212	35912656	-	ORUFI01G43750
wild	OR_W1943	1	35913681	35916335	-	ORUFI01G43760
wild	OR_W1943	1	35917201	35918925	+	ORUFI01G43770
wild	OR_W1943	1	35919690	35921384	+	ORUFI01G43780
wild	OR_W1943	1	35923781	35929082	+	ORUFI01G43790
wild	OR_W1943	1	35933090	35936742	-	ORUFI01G43800
wild	OR_W1943	1	35944608	35953557	-	ORUFI01G43810
wild	OR_W1943	1	35956849	35961030	-	ORUFI01G43820
wild	OR_W1943	1	35965388	35966848	+	ORUFI01G43830
wild	OR_W1943	1	35968767	35970457	-	ORUFI01G43840
wild	OR_W1943	1	35971430	35977195	-	ORUFI01G43850
wild	OR_W1943	1	35982330	35987552	+	ORUFI01G43860
wild	OR_W1943	1	35989411	35991679	-	ORUFI01G43870
wild	OR_W1943	1	35998504	36001216	+	ORUFI01G43880
wild	OR_W1943	1	36004162	36010096	+	ORUFI01G43890
wild	OR_W1943	1	36010736	36013383	-	ORUFI01G43900
wild	OR_W1943	1	36013396	36014427	-	ORUFI01G43910
wild	OR_W1943	1	36019977	36021239	+	ORUFI01G43920
wild	OR_W1943	1	36021940	36024663	-	ORUFI01G43930
wild	OR_W1943	1	36029943	36034570	-	ORUFI01G43940
wild	OR_W1943	1	36036206	36042136	+	ORUFI01G43950
wild	OR_W1943	1	36037360	36039055	-	ORUFI01G43960
wild	OR_W1943	1	36041274	36044875	-	ORUFI01G43970
wild	OR_W1943	1	36057599	36065219	+	ORUFI01G43980
wild	OR_W1943	1	36076632	36077939	+	ORUFI01G43990
wild	OR_W1943	1	36093758	36095029	+	ORUFI01G44000
wild	OR_W1943	1	36109683	36117070	+	ORUFI01G44010
wild	OR_W1943	1	36115127	36118518	-	ORUFI01G44020
wild	OR_W1943	1	36120811	36123717	-	ORUFI01G44030
wild	OR_W1943	1	36137744	36142366	-	ORUFI01G44040
wild	OR_W1943	1	36143147	36145664	+	ORUFI01G44050
wild	OR_W1943	1	36151337	36160064	+	ORUFI01G44060
wild	OR_W1943	1	36161362	36165561	+	ORUFI01G44070
wild	OR_W1943	1	36165547	36167731	-	ORUFI01G44080
wild	OR_W1943	1	36169290	36173469	-	ORUFI01G44090
wild	OR_W1943	1	36173712	36182779	+	ORUFI01G44100
wild	OR_W1943	1	36174721	36181383	-	ORUFI01G44110
wild	OR_W1943	1	36188010	36198699	+	ORUFI01G44120
wild	OR_W1943	1	36196032	36198296	-	ORUFI01G44130
wild	OR_W1943	1	36202185	36207250	+	ORUFI01G44140
wild	OR_W1943	1	36209155	36211896	+	ORUFI01G44150
wild	OR_W1943	1	36214057	36217016	+	ORUFI01G44160
wild	OR_W1943	1	36220716	36221831	+	ORUFI01G44170
wild	OR_W1943	1	36222702	36224646	+	ORUFI01G44180
wild	OR_W1943	1	36225804	36226580	-	ORUFI01G44190
wild	OR_W1943	1	36229930	36230742	-	ORUFI01G44200
wild	OR_W1943	1	36233014	36233624	-	ORUFI01G44210
wild	OR_W1943	1	36238807	36243744	-	ORUFI01G44220
wild	OR_W1943	1	36244151	36246758	+	ORUFI01G44230
wild	OR_W1943	1	36247563	36255179	-	ORUFI01G44240
wild	OR_W1943	1	36256325	36260567	-	ORUFI01G44250
wild	OR_W1943	1	36268391	36271925	-	ORUFI01G44260
wild	OR_W1943	1	36287095	36287577	+	ORUFI01G44270
wild	OR_W1943	1	36289389	36291994	+	ORUFI01G44280
wild	OR_W1943	1	36292067	36294349	+	ORUFI01G44290
wild	OR_W1943	1	36297716	36301618	-	ORUFI01G44300
wild	OR_W1943	1	36306858	36308792	-	ORUFI01G44310
wild	OR_W1943	1	36310293	36314042	+	ORUFI01G44320
wild	OR_W1943	1	36315038	36316920	-	ORUFI01G44330
wild	OR_W1943	1	36319536	36324032	-	ORUFI01G44340
wild	OR_W1943	1	36327490	36341138	+	ORUFI01G44350
wild	OR_W1943	1	36331626	36340026	-	ORUFI01G44360
wild	OR_W1943	1	36341253	36342704	-	ORUFI01G44370
wild	OR_W1943	1	36343227	36344235	-	ORUFI01G44380
wild	OR_W1943	1	36345302	36346278	+	ORUFI01G44390
wild	OR_W1943	1	36346322	36346873	+	ORUFI01G44400
wild	OR_W1943	1	36348204	36353600	-	ORUFI01G44410
wild	OR_W1943	1	36362424	36363473	+	ORUFI01G44420
wild	OR_W1943	1	36365547	36370824	+	ORUFI01G44430
wild	OR_W1943	1	36371812	36378785	+	ORUFI01G44440
wild	OR_W1943	1	36380139	36381254	+	ORUFI01G44450
wild	OR_W1943	1	36395127	36397958	+	ORUFI01G44460
wild	OR_W1943	1	36409287	36412031	-	ORUFI01G44470
wild	OR_W1943	1	36415058	36420919	+	ORUFI01G44480
wild	OR_W1943	1	36420270	36421653	-	ORUFI01G44490
wild	OR_W1943	1	36422814	36426008	-	ORUFI01G44500
wild	OR_W1943	1	36433393	36437749	+	ORUFI01G44510
wild	OR_W1943	1	36437182	36441044	-	ORUFI01G44520
wild	OR_W1943	1	36448150	36449670	+	ORUFI01G44530
wild	OR_W1943	1	36451493	36452403	-	ORUFI01G44540
wild	OR_W1943	1	36453353	36454720	-	ORUFI01G44550
wild	OR_W1943	1	36459137	36462439	+	ORUFI01G44560
wild	OR_W1943	1	36463812	36466244	-	ORUFI01G44570
wild	OR_W1943	1	36467213	36477445	-	ORUFI01G44580
wild	OR_W1943	1	36477362	36479427	+	ORUFI01G44590
wild	OR_W1943	1	36479513	36485908	+	ORUFI01G44600
wild	OR_W1943	1	36484320	36485288	-	ORUFI01G44610
wild	OR_W1943	1	36487802	36505404	-	ORUFI01G44620
wild	OR_W1943	1	36508524	36514029	+	ORUFI01G44630
wild	OR_W1943	1	36515159	36516310	-	ORUFI01G44640
wild	OR_W1943	1	36520819	36521617	-	ORUFI01G44650
wild	OR_W1943	1	36521634	36524326	+	ORUFI01G44660
wild	OR_W1943	1	36526826	36529307	+	ORUFI01G44670
wild	OR_W1943	1	36529976	36533532	+	ORUFI01G44680
wild	OR_W1943	1	36534647	36535876	-	ORUFI01G44690
wild	OR_W1943	1	36543566	36543874	-	ORUFI01G44700
wild	OR_W1943	1	36546874	36547161	-	ORUFI01G44710
wild	OR_W1943	1	36548725	36556468	-	ORUFI01G44720
wild	OR_W1943	1	36559616	36567633	+	ORUFI01G44730
wild	OR_W1943	1	36567550	36572128	-	ORUFI01G44740
wild	OR_W1943	1	36585198	36588608	-	ORUFI01G44750
wild	OR_W1943	1	36592019	36598587	+	ORUFI01G44760
wild	OR_W1943	1	36599128	36603438	-	ORUFI01G44770
wild	OR_W1943	1	36603730	36607905	+	ORUFI01G44780
wild	OR_W1943	1	36616184	36617271	+	ORUFI01G44790
wild	OR_W1943	1	36621861	36625662	+	ORUFI01G44800
wild	OR_W1943	1	36626536	36628809	+	ORUFI01G44810
wild	OR_W1943	1	36629554	36632117	-	ORUFI01G44820
wild	OR_W1943	1	36638427	36639998	+	ORUFI01G44830
wild	OR_W1943	1	36643279	36644594	+	ORUFI01G44840
wild	OR_W1943	1	36645629	36647230	-	ORUFI01G44850
wild	OR_W1943	1	36650535	36651139	-	ORUFI01G44860
wild	OR_W1943	1	36659083	36664224	+	ORUFI01G44870
wild	OR_W1943	1	36660828	36668395	-	ORUFI01G44880
wild	OR_W1943	1	36671279	36672577	-	ORUFI01G44890
wild	OR_W1943	1	36673835	36675319	+	ORUFI01G44900
wild	OR_W1943	1	36676175	36677614	-	ORUFI01G44910
wild	OR_W1943	1	36678772	36680119	-	ORUFI01G44920
wild	OR_W1943	1	36685254	36688341	+	ORUFI01G44930
wild	OR_W1943	1	36687432	36693594	-	ORUFI01G44940
wild	OR_W1943	1	36693418	36696314	+	ORUFI01G44950
wild	OR_W1943	1	36697131	36699679	-	ORUFI01G44960
wild	OR_W1943	1	36700634	36704082	+	ORUFI01G44970
wild	OR_W1943	1	36705946	36708983	+	ORUFI01G44980
wild	OR_W1943	1	36710287	36715408	+	ORUFI01G44990
wild	OR_W1943	1	36714417	36715298	-	ORUFI01G45000
wild	OR_W1943	1	36724430	36724906	+	ORUFI01G45010
wild	OR_W1943	1	36726845	36727291	+	ORUFI01G45020
wild	OR_W1943	1	36727315	36737816	+	ORUFI01G45030
wild	OR_W1943	1	36727531	36738515	-	ORUFI01G45040
wild	OR_W1943	1	36740877	36742343	-	ORUFI01G45050
wild	OR_W1943	1	36742939	36747939	-	ORUFI01G45060
wild	OR_W1943	1	36762376	36764371	-	ORUFI01G45070
wild	OR_W1943	1	36770424	36771257	-	ORUFI01G45080
wild	OR_W1943	1	36773792	36774448	-	ORUFI01G45090
wild	OR_W1943	1	36779392	36785523	-	ORUFI01G45100
wild	OR_W1943	1	36786821	36792494	-	ORUFI01G45110
wild	OR_W1943	1	36795956	36799846	+	ORUFI01G45120
wild	OR_W1943	1	36801534	36804554	+	ORUFI01G45130
wild	OR_W1943	1	36806259	36807607	+	ORUFI01G45140
wild	OR_W1943	1	36809965	36823850	-	ORUFI01G45150
wild	OR_W1943	1	36829046	36830318	+	ORUFI01G45160
wild	OR_W1943	1	36834766	36842840	-	ORUFI01G45170
wild	OR_W1943	1	36835803	36838985	+	ORUFI01G45180
wild	OR_W1943	1	36850132	36854183	-	ORUFI01G45190
wild	OR_W1943	1	36859899	36866983	+	ORUFI01G45200
wild	OR_W1943	1	36879885	36880826	-	ORUFI01G45210
wild	OR_W1943	1	36888212	36896542	+	ORUFI01G45220
wild	OR_W1943	1	36894555	36897338	-	ORUFI01G45230
wild	OR_W1943	1	36899986	36901662	-	ORUFI01G45240
wild	OR_W1943	1	36902784	36904413	-	ORUFI01G45250
wild	OR_W1943	1	36905965	36908328	+	ORUFI01G45260
wild	OR_W1943	1	36909246	36911881	-	ORUFI01G45270
wild	OR_W1943	1	36912444	36913063	+	ORUFI01G45280
wild	OR_W1943	1	36914053	36914395	-	ORUFI01G45290
wild	OR_W1943	1	36927214	36930755	+	ORUFI01G45300
wild	OR_W1943	1	36936377	36943739	-	ORUFI01G45310
wild	OR_W1943	1	36950647	36955916	+	ORUFI01G45320
wild	OR_W1943	1	36962035	36967460	+	ORUFI01G45330
wild	OR_W1943	1	36967862	36973375	+	ORUFI01G45340
wild	OR_W1943	1	36970580	36977421	-	ORUFI01G45350
wild	OR_W1943	1	36981912	36985479	-	ORUFI01G45360
wild	OR_W1943	1	36988243	36991923	-	ORUFI01G45370
wild	OR_W1943	1	37002456	37005124	+	ORUFI01G45380
wild	OR_W1943	1	37006061	37008110	-	ORUFI01G45390
wild	OR_W1943	1	37010492	37020852	+	ORUFI01G45400
wild	OR_W1943	1	37018059	37025546	-	ORUFI01G45410
wild	OR_W1943	1	37027612	37052599	+	ORUFI01G45420
wild	OR_W1943	1	37052876	37061298	+	ORUFI01G45430
wild	OR_W1943	1	37062140	37065258	+	ORUFI01G45440
wild	OR_W1943	1	37067210	37072493	+	ORUFI01G45450
wild	OR_W1943	1	37070810	37072374	-	ORUFI01G45460
wild	OR_W1943	1	37072733	37076761	+	ORUFI01G45470
wild	OR_W1943	1	37084488	37087312	-	ORUFI01G45480
wild	OR_W1943	1	37088900	37090381	-	ORUFI01G45490
wild	OR_W1943	1	37096196	37105653	-	ORUFI01G45500
wild	OR_W1943	1	37107299	37108253	-	ORUFI01G45510
wild	OR_W1943	1	37109137	37109782	-	ORUFI01G45520
wild	OR_W1943	1	37117397	37118653	-	ORUFI01G45530
wild	OR_W1943	1	37118735	37118938	-	ORUFI01G45540
wild	OR_W1943	1	37145828	37155161	+	ORUFI01G45550
wild	OR_W1943	1	37155214	37159322	+	ORUFI01G45560
wild	OR_W1943	1	37160248	37160502	-	ORUFI01G45570
wild	OR_W1943	1	37160814	37162840	-	ORUFI01G45580
wild	OR_W1943	1	37167638	37186485	+	ORUFI01G45590
wild	OR_W1943	1	37193740	37194135	+	ORUFI01G45600
wild	OR_W1943	1	37200140	37200367	+	ORUFI01G45610
wild	OR_W1943	1	37200374	37204553	-	ORUFI01G45620
wild	OR_W1943	1	37205804	37209991	+	ORUFI01G45630
wild	OR_W1943	1	37217797	37223736	+	ORUFI01G45640
wild	OR_W1943	1	37223534	37229766	-	ORUFI01G45650
wild	OR_W1943	1	37258974	37263227	+	ORUFI01G45660
wild	OR_W1943	1	37264117	37267001	-	ORUFI01G45670
wild	OR_W1943	1	37274649	37279392	+	ORUFI01G45680
wild	OR_W1943	1	37281098	37281568	+	ORUFI01G45690
wild	OR_W1943	1	37284133	37288443	-	ORUFI01G45700
wild	OR_W1943	1	37298297	37299250	+	ORUFI01G45710
wild	OR_W1943	1	37304236	37310242	-	ORUFI01G45720
wild	OR_W1943	1	37310578	37315022	+	ORUFI01G45730
wild	OR_W1943	1	37315877	37317907	+	ORUFI01G45740
wild	OR_W1943	1	37318536	37320542	-	ORUFI01G45750
wild	OR_W1943	1	37323303	37329971	+	ORUFI01G45760
wild	OR_W1943	1	37331218	37332779	+	ORUFI01G45770
wild	OR_W1943	1	37340900	37341430	-	ORUFI01G45780
wild	OR_W1943	1	37350744	37365421	-	ORUFI01G45790
wild	OR_W1943	1	37366332	37371645	-	ORUFI01G45800
wild	OR_W1943	1	37373880	37376396	+	ORUFI01G45810
wild	OR_W1943	1	37376989	37379452	-	ORUFI01G45820
wild	OR_W1943	1	37382655	37384200	+	ORUFI01G45830
wild	OR_W1943	1	37392928	37394012	+	ORUFI01G45840
wild	OR_W1943	1	37394261	37399723	-	ORUFI01G45850
wild	OR_W1943	1	37404798	37407525	-	ORUFI01G45860
wild	OR_W1943	1	37409837	37410152	+	ORUFI01G45870
wild	OR_W1943	1	37415814	37420781	+	ORUFI01G45880
wild	OR_W1943	1	37419167	37421616	-	ORUFI01G45890
wild	OR_W1943	1	37421442	37422551	+	ORUFI01G45900
wild	OR_W1943	1	37424197	37427517	-	ORUFI01G45910
wild	OR_W1943	1	37435034	37444316	-	ORUFI01G45920
wild	OR_W1943	1	37452649	37456815	+	ORUFI01G45930
wild	OR_W1943	1	37462568	37475154	+	ORUFI01G45940
wild	OR_W1943	1	37476862	37480368	-	ORUFI01G45950
wild	OR_W1943	1	37483694	37485976	-	ORUFI01G45960
wild	OR_W1943	1	37488022	37492457	+	ORUFI01G45970
wild	OR_W1943	1	37504068	37509430	+	ORUFI01G45980
wild	OR_W1943	1	37513115	37516420	+	ORUFI01G45990
wild	OR_W1943	1	37516987	37521155	-	ORUFI01G46000
wild	OR_W1943	1	37522596	37525417	-	ORUFI01G46010
wild	OR_W1943	1	37532028	37538649	-	ORUFI01G46020
wild	OR_W1943	1	37546963	37551631	+	ORUFI01G46030
wild	OR_W1943	1	37552039	37558294	-	ORUFI01G46040
wild	OR_W1943	1	37563587	37564691	-	ORUFI01G46050
wild	OR_W1943	1	37567436	37585879	-	ORUFI01G46060
wild	OR_W1943	1	37588030	37596427	+	ORUFI01G46070
wild	OR_W1943	1	37594758	37597886	-	ORUFI01G46080
wild	OR_W1943	1	37603093	37604681	-	ORUFI01G46090
wild	OR_W1943	1	37611533	37612342	+	ORUFI01G46100
wild	OR_W1943	1	37614675	37617867	+	ORUFI01G46110
wild	OR_W1943	1	37620909	37622055	+	ORUFI01G46120
wild	OR_W1943	1	37630879	37639170	-	ORUFI01G46130
wild	OR_W1943	1	37633626	37638704	+	ORUFI01G46140
wild	OR_W1943	1	37642106	37642807	-	ORUFI01G46150
wild	OR_W1943	1	37650678	37657408	+	ORUFI01G46160
wild	OR_W1943	1	37657729	37661930	+	ORUFI01G46170
wild	OR_W1943	1	37664316	37667233	-	ORUFI01G46180
wild	OR_W1943	1	37668708	37669851	-	ORUFI01G46190
wild	OR_W1943	1	37670755	37673793	-	ORUFI01G46200
wild	OR_W1943	1	37674478	37677363	-	ORUFI01G46210
wild	OR_W1943	1	37680913	37681821	-	ORUFI01G46220
wild	OR_W1943	1	37683413	37687003	+	ORUFI01G46230
wild	OR_W1943	1	37687601	37687918	+	ORUFI01G46240
wild	OR_W1943	1	37701337	37706455	+	ORUFI01G46250
wild	OR_W1943	1	37706543	37706815	+	ORUFI01G46260
wild	OR_W1943	1	37708316	37708741	+	ORUFI01G46270
wild	OR_W1943	1	37717115	37733403	+	ORUFI01G46280
wild	OR_W1943	1	37723634	37725598	-	ORUFI01G46290
wild	OR_W1943	1	37734440	37734664	+	ORUFI01G46300
wild	OR_W1943	1	37735977	37742304	-	ORUFI01G46310
wild	OR_W1943	1	37748884	37761865	+	ORUFI01G46320
wild	OR_W1943	1	37756270	37760792	-	ORUFI01G46330
wild	OR_W1943	1	37763516	37764038	-	ORUFI01G46340
wild	OR_W1943	1	37773336	37778094	-	ORUFI01G46350
wild	OR_W1943	1	37780633	37784801	-	ORUFI01G46360
wild	OR_W1943	1	37785954	37791527	+	ORUFI01G46370
wild	OR_W1943	1	37792655	37793261	+	ORUFI01G46380
wild	OR_W1943	1	37795053	37795388	-	ORUFI01G46390
wild	OR_W1943	1	37798070	37818031	+	ORUFI01G46400
wild	OR_W1943	1	37801859	37803462	-	ORUFI01G46410
wild	OR_W1943	1	37810747	37811124	-	ORUFI01G46420
wild	OR_W1943	1	37815810	37817789	-	ORUFI01G46430
wild	OR_W1943	1	37831084	37832303	-	ORUFI01G46440
wild	OR_W1943	1	37835128	37839217	-	ORUFI01G46450
wild	OR_W1943	1	37842588	37843621	-	ORUFI01G46460
wild	OR_W1943	1	37847933	37853300	+	ORUFI01G46470
wild	OR_W1943	1	37854032	37862548	+	ORUFI01G46480
wild	OR_W1943	1	37863872	37867022	+	ORUFI01G46490
wild	OR_W1943	1	37868637	37874811	+	ORUFI01G46500
wild	OR_W1943	1	37869367	37872420	-	ORUFI01G46510
wild	OR_W1943	1	37872589	37879672	-	ORUFI01G46520
wild	OR_W1943	1	37881034	37884340	-	ORUFI01G46530
wild	OR_W1943	1	37890986	37891522	-	ORUFI01G46540
wild	OR_W1943	1	37898889	37899422	-	ORUFI01G46550
wild	OR_W1943	1	37916840	37921351	+	ORUFI01G46560
wild	OR_W1943	1	37921848	37923409	-	ORUFI01G46570
wild	OR_W1943	1	37925671	37934132	+	ORUFI01G46580
wild	OR_W1943	1	37931840	37937992	-	ORUFI01G46590
wild	OR_W1943	1	37938917	37943904	+	ORUFI01G46600
wild	OR_W1943	1	37944214	37946328	-	ORUFI01G46610
wild	OR_W1943	1	37950811	37952677	-	ORUFI01G46620
wild	OR_W1943	1	37954889	37955203	+	ORUFI01G46630
wild	OR_W1943	1	37960487	37965428	+	ORUFI01G46640
wild	OR_W1943	1	37965239	37969236	-	ORUFI01G46650
wild	OR_W1943	1	37971038	37971674	+	ORUFI01G46660
wild	OR_W1943	1	37973324	37975570	+	ORUFI01G46670
wild	OR_W1943	1	37976201	37978695	-	ORUFI01G46680
wild	OR_W1943	1	37978887	37985843	-	ORUFI01G46690
wild	OR_W1943	1	37980219	37980858	+	ORUFI01G46700
wild	OR_W1943	1	37990335	37991609	-	ORUFI01G46710
wild	OR_W1943	1	37994510	37995685	-	ORUFI01G46720
wild	OR_W1943	1	37996825	37997976	-	ORUFI01G46730
wild	OR_W1943	1	38002360	38010780	-	ORUFI01G46740
wild	OR_W1943	1	38010828	38012087	-	ORUFI01G46750
wild	OR_W1943	1	38014137	38032966	-	ORUFI01G46760
wild	OR_W1943	1	38025267	38035357	+	ORUFI01G46770
wild	OR_W1943	1	38033449	38034228	-	ORUFI01G46780
wild	OR_W1943	1	38035518	38040724	+	ORUFI01G46790
wild	OR_W1943	1	38041728	38042201	+	ORUFI01G46800
wild	OR_W1943	1	38046033	38048780	+	ORUFI01G46810
wild	OR_W1943	1	38049084	38051289	+	ORUFI01G46820
wild	OR_W1943	1	38056278	38061922	+	ORUFI01G46830
wild	OR_W1943	1	38064608	38065117	-	ORUFI01G46840
wild	OR_W1943	1	38067219	38071351	-	ORUFI01G46850
wild	OR_W1943	1	38077086	38079934	+	ORUFI01G46860
wild	OR_W1943	1	38080563	38082687	+	ORUFI01G46870
wild	OR_W1943	1	38082901	38090942	+	ORUFI01G46880
wild	OR_W1943	1	38091408	38092684	-	ORUFI01G46890
wild	OR_W1943	1	38094050	38098482	-	ORUFI01G46900
wild	OR_W1943	1	38099641	38101650	-	ORUFI01G46910
wild	OR_W1943	1	38103625	38106957	+	ORUFI01G46920
wild	OR_W1943	1	38108028	38112488	+	ORUFI01G46930
wild	OR_W1943	1	38113522	38134841	+	ORUFI01G46940
wild	OR_W1943	1	38160700	38164122	+	ORUFI01G46950
wild	OR_W1943	1	38168278	38176494	-	ORUFI01G46960
wild	OR_W1943	1	38203203	38204821	+	ORUFI01G46970
wild	OR_W1943	1	38207317	38208141	+	ORUFI01G46980
wild	OR_W1943	1	38209689	38211153	+	ORUFI01G46990
wild	OR_W1943	1	38224055	38240787	+	ORUFI01G47000
wild	OR_W1943	1	38246115	38247735	-	ORUFI01G47010
wild	OR_W1943	1	38250701	38251922	-	ORUFI01G47020
wild	OR_W1943	1	38252791	38256202	-	ORUFI01G47030
wild	OR_W1943	1	38256710	38258032	-	ORUFI01G47040
wild	OR_W1943	1	38259863	38263283	-	ORUFI01G47050
wild	OR_W1943	1	38270658	38280065	+	ORUFI01G47060
wild	OR_W1943	1	38282417	38283033	+	ORUFI01G47070
wild	OR_W1943	1	38297323	38304968	-	ORUFI01G47080
wild	OR_W1943	1	38301386	38312476	+	ORUFI01G47090
wild	OR_W1943	1	38326642	38338652	+	ORUFI01G47100
wild	OR_W1943	1	38348707	38349313	+	ORUFI01G47110
wild	OR_W1943	1	38356475	38358477	-	ORUFI01G47120
wild	OR_W1943	1	38359839	38361173	-	ORUFI01G47130
wild	OR_W1943	1	38362779	38368801	-	ORUFI01G47140
wild	OR_W1943	1	38371980	38377428	-	ORUFI01G47150
wild	OR_W1943	1	38378047	38385090	-	ORUFI01G47160
wild	OR_W1943	1	38386066	38389321	-	ORUFI01G47170
wild	OR_W1943	1	38394082	38395383	+	ORUFI01G47180
wild	OR_W1943	1	38397184	38397798	+	ORUFI01G47190
wild	OR_W1943	1	38399057	38400802	+	ORUFI01G47200
wild	OR_W1943	1	38402821	38414414	-	ORUFI01G47210
wild	OR_W1943	1	38412172	38422963	+	ORUFI01G47220
wild	OR_W1943	1	38429894	38430504	-	ORUFI01G47230
wild	OR_W1943	1	38435659	38448394	+	ORUFI01G47240
wild	OR_W1943	1	38453129	38456099	-	ORUFI01G47250
wild	OR_W1943	1	38455156	38455811	+	ORUFI01G47260
wild	OR_W1943	1	38456770	38459691	+	ORUFI01G47270
wild	OR_W1943	1	38463459	38464637	-	ORUFI01G47280
wild	OR_W1943	1	38465345	38473462	+	ORUFI01G47290
wild	OR_W1943	1	38486173	38495702	+	ORUFI01G47300
wild	OR_W1943	1	38493043	38496252	-	ORUFI01G47310
wild	OR_W1943	1	38496661	38499953	-	ORUFI01G47320
wild	OR_W1943	1	38502736	38503231	-	ORUFI01G47330
wild	OR_W1943	1	38515148	38517892	-	ORUFI01G47340
wild	OR_W1943	1	38549468	38556079	-	ORUFI01G47350
wild	OR_W1943	1	38566286	38567602	+	ORUFI01G47360
wild	OR_W1943	1	38570385	38574945	-	ORUFI01G47370
wild	OR_W1943	1	38585195	38599524	+	ORUFI01G47380
wild	OR_W1943	1	38600444	38600833	+	ORUFI01G47390
wild	OR_W1943	1	38607071	38609248	+	ORUFI01G47400
wild	OR_W1943	1	38610614	38615150	-	ORUFI01G47410
wild	OR_W1943	1	38615455	38619945	+	ORUFI01G47420
wild	OR_W1943	1	38619850	38626045	-	ORUFI01G47430
wild	OR_W1943	1	38627960	38631917	+	ORUFI01G47440
wild	OR_W1943	1	38632467	38642183	+	ORUFI01G47450
wild	OR_W1943	1	38649968	38652888	-	ORUFI01G47460
wild	OR_W1943	1	38660182	38661442	+	ORUFI01G47470
wild	OR_W1943	1	38663201	38664650	+	ORUFI01G47480
wild	OR_W1943	1	38665061	38674919	+	ORUFI01G47490
wild	OR_W1943	1	38670498	38671092	-	ORUFI01G47500
wild	OR_W1943	1	38671414	38678029	-	ORUFI01G47510
wild	OR_W1943	1	38694332	38698470	+	ORUFI01G47520
wild	OR_W1943	1	38700034	38708045	+	ORUFI01G47530
wild	OR_W1943	1	38711116	38717151	+	ORUFI01G47540
wild	OR_W1943	1	38719075	38719737	+	ORUFI01G47550
wild	OR_W1943	1	38722289	38724384	-	ORUFI01G47560
wild	OR_W1943	1	38725902	38727065	-	ORUFI01G47570
wild	OR_W1943	1	38730094	38732241	+	ORUFI01G47580
wild	OR_W1943	1	38733552	38734742	-	ORUFI01G47590
wild	OR_W1943	1	38736886	38741905	-	ORUFI01G47600
wild	OR_W1943	1	38743446	38743766	-	ORUFI01G47610
wild	OR_W1943	1	38745063	38746070	+	ORUFI01G47620
wild	OR_W1943	1	38750015	38751930	+	ORUFI01G47630
wild	OR_W1943	1	38753354	38753614	-	ORUFI01G47640
wild	OR_W1943	1	38758591	38761019	+	ORUFI01G47650
wild	OR_W1943	1	38770909	38772218	-	ORUFI01G47660
wild	OR_W1943	1	38792319	38793656	-	ORUFI01G47670
wild	OR_W1943	1	38796612	38800711	-	ORUFI01G47680
wild	OR_W1943	1	38807035	38807490	-	ORUFI01G47690
wild	OR_W1943	1	38811278	38811733	-	ORUFI01G47700
wild	OR_W1943	1	38812711	38813151	+	ORUFI01G47710
wild	OR_W1943	1	38813662	38817828	+	ORUFI01G47720
wild	OR_W1943	1	38819024	38828158	+	ORUFI01G47730
wild	OR_W1943	1	38843450	38843656	-	ORUFI01G47740
wild	OR_W1943	1	38851942	38852931	-	ORUFI01G47750
wild	OR_W1943	1	38857942	38859417	-	ORUFI01G47760
wild	OR_W1943	1	38864982	38865227	-	ORUFI01G47770
wild	OR_W1943	1	38866714	38872133	+	ORUFI01G47780
wild	OR_W1943	1	38875026	38875292	+	ORUFI01G47790
wild	OR_W1943	1	38877917	38885034	+	ORUFI01G47800
wild	OR_W1943	1	38891530	38895320	-	ORUFI01G47810
wild	OR_W1943	1	38898214	38901006	+	ORUFI01G47820
wild	OR_W1943	1	38906147	38912059	+	ORUFI01G47830
wild	OR_W1943	1	38912621	38916038	+	ORUFI01G47840
wild	OR_W1943	1	38918675	38922457	+	ORUFI01G47850
wild	OR_W1943	1	38922748	38924839	+	ORUFI01G47860
wild	OR_W1943	1	38927481	38928706	+	ORUFI01G47870
wild	OR_W1943	1	38930829	38944506	+	ORUFI01G47880
wild	OR_W1943	1	38945385	38956601	+	ORUFI01G47890
wild	OR_W1943	1	38957933	38961095	+	ORUFI01G47900
wild	OR_W1943	1	38963201	38965822	-	ORUFI01G47910
wild	OR_W1943	1	38967293	38973944	+	ORUFI01G47920
wild	OR_W1943	1	38976121	38984229	+	ORUFI01G47930
wild	OR_W1943	1	38984083	38985619	-	ORUFI01G47940
wild	OR_W1943	1	38988725	38994377	+	ORUFI01G47950
wild	OR_W1943	1	38993607	38997012	-	ORUFI01G47960
wild	OR_W1943	1	38997344	39003440	+	ORUFI01G47970
wild	OR_W1943	1	39003985	39009011	+	ORUFI01G47980
wild	OR_W1943	1	39009878	39010299	-	ORUFI01G47990
wild	OR_W1943	1	39011273	39012064	+	ORUFI01G48000
wild	OR_W1943	1	39021170	39024111	+	ORUFI01G48010
wild	OR_W1943	1	39027703	39035050	-	ORUFI01G48020
wild	OR_W1943	1	39036027	39037475	+	ORUFI01G48030
wild	OR_W1943	1	39039372	39041910	+	ORUFI01G48040
wild	OR_W1943	1	39049973	39053280	+	ORUFI01G48050
wild	OR_W1943	1	39053910	39059858	-	ORUFI01G48060
wild	OR_W1943	1	39060594	39072097	-	ORUFI01G48070
wild	OR_W1943	1	39075296	39079468	-	ORUFI01G48080
wild	OR_W1943	1	39081407	39083696	-	ORUFI01G48090
wild	OR_W1943	1	39084768	39089963	-	ORUFI01G48100
wild	OR_W1943	1	39093110	39093367	+	ORUFI01G48110
wild	OR_W1943	1	39101095	39105630	+	ORUFI01G48120
wild	OR_W1943	1	39109554	39115397	+	ORUFI01G48130
wild	OR_W1943	1	39109686	39114107	-	ORUFI01G48140
wild	OR_W1943	1	39119680	39124802	-	ORUFI01G48150
wild	OR_W1943	1	39125423	39125977	+	ORUFI01G48160
wild	OR_W1943	1	39128094	39128704	+	ORUFI01G48170
wild	OR_W1943	1	39130817	39133833	+	ORUFI01G48180
wild	OR_W1943	1	39135628	39136771	+	ORUFI01G48190
wild	OR_W1943	1	39137357	39140164	-	ORUFI01G48200
wild	OR_W1943	1	39141502	39144333	+	ORUFI01G48210
wild	OR_W1943	1	39143235	39144924	-	ORUFI01G48220
wild	OR_W1943	1	39145673	39148368	-	ORUFI01G48230
wild	OR_W1943	1	39149109	39150943	-	ORUFI01G48240
wild	OR_W1943	1	39158868	39159221	-	ORUFI01G48260
wild	OR_W1943	1	39166751	39172506	+	ORUFI01G48270
wild	OR_W1943	1	39167416	39175839	-	ORUFI01G48280
wild	OR_W1943	1	39176141	39179911	+	ORUFI01G48290
wild	OR_W1943	1	39181546	39182428	+	ORUFI01G48300
wild	OR_W1943	1	39185342	39186658	+	ORUFI01G48310
wild	OR_W1943	1	39190387	39191585	+	ORUFI01G48320
wild	OR_W1943	1	39193628	39195347	+	ORUFI01G48330
wild	OR_W1943	1	39197583	39198285	-	ORUFI01G48340
wild	OR_W1943	1	39202853	39206088	-	ORUFI01G48350
wild	OR_W1943	1	39207312	39208905	-	ORUFI01G48360
wild	OR_W1943	1	39210308	39211449	-	ORUFI01G48370
wild	OR_W1943	1	39218968	39229809	-	ORUFI01G48380
wild	OR_W1943	1	39233575	39233836	+	ORUFI01G48390
wild	OR_W1943	1	39237427	39243590	+	ORUFI01G48400
wild	OR_W1943	1	39243799	39244881	+	ORUFI01G48410
wild	OR_W1943	1	39246229	39253030	-	ORUFI01G48420
wild	OR_W1943	1	39251046	39253687	+	ORUFI01G48430
wild	OR_W1943	1	39257901	39260228	+	ORUFI01G48440
wild	OR_W1943	1	39258492	39264209	-	ORUFI01G48450
wild	OR_W1943	1	39269405	39270054	-	ORUFI01G48460
wild	OR_W1943	1	39274327	39275234	+	ORUFI01G48470
wild	OR_W1943	1	39276977	39281318	+	ORUFI01G48480
wild	OR_W1943	1	39282098	39287234	+	ORUFI01G48490
wild	OR_W1943	1	39289596	39292235	-	ORUFI01G48500
wild	OR_W1943	1	39293731	39298028	+	ORUFI01G48510
wild	OR_W1943	1	39299803	39300354	-	ORUFI01G48520
wild	OR_W1943	1	39302004	39304289	-	ORUFI01G48530
wild	OR_W1943	1	39305275	39306249	-	ORUFI01G48540
wild	OR_W1943	1	39307140	39312482	-	ORUFI01G48550
wild	OR_W1943	1	39313838	39325996	+	ORUFI01G48560
wild	OR_W1943	1	39327437	39328124	-	ORUFI01G48570
wild	OR_W1943	1	39328178	39333184	+	ORUFI01G48580
wild	OR_W1943	1	39332313	39335141	-	ORUFI01G48590
wild	OR_W1943	1	39335321	39343942	+	ORUFI01G48600
wild	OR_W1943	1	39348969	39350705	-	ORUFI01G48610
wild	OR_W1943	1	39351988	39356515	-	ORUFI01G48620
wild	OR_W1943	1	39358553	39366704	+	ORUFI01G48630
wild	OR_W1943	1	39366990	39368214	+	ORUFI01G48640
wild	OR_W1943	1	39368747	39373227	+	ORUFI01G48650
wild	OR_W1943	1	39373714	39379188	+	ORUFI01G48660
wild	OR_W1943	1	39379605	39382643	-	ORUFI01G48670
wild	OR_W1943	1	39383862	39390509	-	ORUFI01G48680
wild	OR_W1943	1	39391668	39393125	+	ORUFI01G48690
wild	OR_W1943	1	39395961	39397073	+	ORUFI01G48700
wild	OR_W1943	1	39398237	39398951	-	ORUFI01G48710
wild	OR_W1943	1	39400834	39412166	+	ORUFI01G48720
wild	OR_W1943	1	39412759	39413418	+	ORUFI01G48730
wild	OR_W1943	1	39421629	39423233	-	ORUFI01G48740
wild	OR_W1943	1	39424626	39427410	-	ORUFI01G48750
wild	OR_W1943	1	39439542	39443335	-	ORUFI01G48760
wild	OR_W1943	1	39444392	39444874	-	ORUFI01G48770
wild	OR_W1943	1	39456948	39458763	+	ORUFI01G48780
wild	OR_W1943	1	39460782	39462736	-	ORUFI01G48790
wild	OR_W1943	1	39464180	39468057	+	ORUFI01G48800
wild	OR_W1943	1	39473520	39477737	-	ORUFI01G48810
wild	OR_W1943	1	39484625	39491116	+	ORUFI01G48820
wild	OR_W1943	1	39491637	39495943	+	ORUFI01G48830
wild	OR_W1943	1	39494092	39497515	-	ORUFI01G48840
wild	OR_W1943	1	39499044	39501297	-	ORUFI01G48850
wild	OR_W1943	1	39505889	39510488	-	ORUFI01G48860
wild	OR_W1943	1	39506954	39507353	+	ORUFI01G48870
wild	OR_W1943	1	39513152	39520347	+	ORUFI01G48880
wild	OR_W1943	1	39516452	39519738	-	ORUFI01G48890
wild	OR_W1943	1	39523577	39525402	+	ORUFI01G48900
wild	OR_W1943	1	39526395	39528502	+	ORUFI01G48910
wild	OR_W1943	1	39531250	39534216	-	ORUFI01G48920
wild	OR_W1943	1	39535613	39540040	-	ORUFI01G48930
wild	OR_W1943	1	39540436	39540880	-	ORUFI01G48940
wild	OR_W1943	1	39541025	39541463	-	ORUFI01G48950
wild	OR_W1943	1	39543236	39543952	-	ORUFI01G48960
wild	OR_W1943	1	39545767	39551237	-	ORUFI01G48970
wild	OR_W1943	1	39553665	39554672	+	ORUFI01G48980
wild	OR_W1943	1	39559166	39562001	-	ORUFI01G48990
wild	OR_W1943	1	39572432	39572809	-	ORUFI01G49000
wild	OR_W1943	1	39595709	39597974	+	ORUFI01G49010
wild	OR_W1943	1	39598370	39601673	+	ORUFI01G49020
wild	OR_W1943	1	39602979	39605684	+	ORUFI01G49030
wild	OR_W1943	1	39609055	39614672	+	ORUFI01G49040
wild	OR_W1943	1	39617150	39619821	-	ORUFI01G49050
wild	OR_W1943	1	39619904	39629048	+	ORUFI01G49060
wild	OR_W1943	1	39627149	39629483	-	ORUFI01G49070
wild	OR_W1943	1	39631185	39634308	-	ORUFI01G49080
wild	OR_W1943	1	39645379	39647617	+	ORUFI01G49090
wild	OR_W1943	1	39658210	39664622	+	ORUFI01G49100
wild	OR_W1943	1	39665418	39666110	+	ORUFI01G49110
wild	OR_W1943	1	39667132	39676657	-	ORUFI01G49120
wild	OR_W1943	1	39682216	39683553	+	ORUFI01G49130
wild	OR_W1943	1	39685478	39688738	-	ORUFI01G49140
wild	OR_W1943	1	39690066	39695367	+	ORUFI01G49150
wild	OR_W1943	1	39691578	39693390	-	ORUFI01G49160
wild	OR_W1943	1	39693408	39694387	-	ORUFI01G49170
wild	OR_W1943	1	39694724	39695407	-	ORUFI01G49180
wild	OR_W1943	1	39696035	39696301	+	ORUFI01G49190
wild	OR_W1943	1	39696456	39696779	-	ORUFI01G49200
wild	OR_W1943	1	39697710	39698878	-	ORUFI01G49210
wild	OR_W1943	1	39708632	39710241	+	ORUFI01G49220
wild	OR_W1943	1	39723619	39724245	+	ORUFI01G49230
wild	OR_W1943	1	39727125	39727964	-	ORUFI01G49240
wild	OR_W1943	1	39731175	39736512	-	ORUFI01G49250
wild	OR_W1943	1	39737509	39745053	-	ORUFI01G49260
wild	OR_W1943	1	39747336	39748469	-	ORUFI01G49270
wild	OR_W1943	1	39753359	39753973	+	ORUFI01G49280
wild	OR_W1943	1	39755139	39766647	+	ORUFI01G49290
wild	OR_W1943	1	39768365	39771224	-	ORUFI01G49300
wild	OR_W1943	1	39772498	39774874	-	ORUFI01G49310
wild	OR_W1943	1	39780755	39781334	-	ORUFI01G49320
wild	OR_W1943	1	39783819	39787373	-	ORUFI01G49330
wild	OR_W1943	1	39788892	39790801	-	ORUFI01G49340
wild	OR_W1943	1	39792749	39793988	+	ORUFI01G49350
wild	OR_W1943	1	39796513	39800985	+	ORUFI01G49360
wild	OR_W1943	1	39801559	39802311	-	ORUFI01G49370
wild	OR_W1943	1	39804480	39806921	+	ORUFI01G49380
wild	OR_W1943	1	39811025	39823455	-	ORUFI01G49390
wild	OR_W1943	1	39825341	39826159	+	ORUFI01G49400
wild	OR_W1943	1	39827331	39828631	-	ORUFI01G49410
wild	OR_W1943	1	39833426	39837663	+	ORUFI01G49420
wild	OR_W1943	1	39839679	39845817	-	ORUFI01G49430
wild	OR_W1943	1	39851188	39856780	-	ORUFI01G49440
wild	OR_W1943	1	39851887	39852870	+	ORUFI01G49450
